DATE,TG,RR,WS,HU,PP
2015-01-01,20.9,0.0,16.8,67,1017.2
2015-01-02,20.3,0.0,17.6,68,1018.5
2015-01-03,19.4,0.0,15.1,81,1017.9
2015-01-04,19.1,0.0,13.0,76,1016.9
2015-01-05,20.3,0.0,12.3,66,1017.3
2015-01-06,20.4,0.0,14.8,67,1018.4
2015-01-07,19.4,0.0,15.9,77,1017.3
2015-01-08,19.7,0.0,14.8,69,1016.6
2015-01-09,19.8,0.0,16.3,71,1016.8
2015-01-10,19.2,0.0,12.1,71,1016.6
2015-01-11,21.0,0.0,21.4,68,1019.3
2015-01-12,19.8,0.0,29.1,59,1021.4
2015-01-13,19.6,0.0,14.8,61,1021.2
2015-01-14,19.4,0.0,18.4,58,1020.0
2015-01-15,19.2,0.0,14.8,54,1018.9
2015-01-16,18.7,0.0,12.1,55,1018.7
2015-01-17,20.0,0.0,14.8,65,1017.8
2015-01-18,20.5,0.5,13.2,67,1015.6
2015-01-19,16.8,10.5,28.8,76,1014.7
2015-01-20,16.2,0.8,27.3,65,1016.9
2015-01-21,15.5,0.0,14.7,72,1021.2
2015-01-22,15.5,0.0,11.8,69,1022.0
2015-01-23,15.9,0.0,12.2,71,1019.9
2015-01-24,17.0,0.0,14.5,73,1020.2
2015-01-25,18.5,0.0,20.6,67,1021.8
2015-01-26,17.8,0.0,16.6,65,1021.6
2015-01-27,18.6,0.0,15.3,67,1019.7
2015-01-28,18.2,0.0,12.4,72,1017.5
2015-01-29,19.9,0.0,13.9,56,1017.5
2015-01-30,21.1,0.0,14.2,53,1018.4
2015-01-31,21.6,0.0,20.5,55,1017.2
2015-02-01,22.1,0.0,22.7,58,1014.8
2015-02-02,20.5,0.0,18.2,71,1015.3
2015-02-03,20.1,0.0,14.7,73,1018.0
2015-02-04,22.0,0.0,17.6,70,1018.5
2015-02-05,21.6,0.0,21.4,68,1016.8
2015-02-06,20.0,0.0,20.3,72,1016.6
2015-02-07,20.6,0.0,12.0,69,1016.3
2015-02-08,20.8,0.0,16.5,67,1014.9
2015-02-09,24.0,0.0,27.7,56,1015.4
2015-02-10,23.8,0.0,19.6,64,1017.1
2015-02-11,23.7,0.0,17.8,61,1016.7
2015-02-12,24.1,0.0,22.4,50,1015.6
2015-02-13,24.2,0.0,18.8,51,1014.5
2015-02-14,23.8,0.0,20.4,54,1012.6
2015-02-15,23.5,0.0,20.5,55,1012.8
2015-02-16,23.0,0.0,14.1,64,1014.6
2015-02-17,23.4,0.0,18.1,50,1014.3
2015-02-18,24.4,0.0,19.5,45,1011.6
2015-02-19,26.4,0.0,27.1,29,1007.8
2015-02-20,30.0,0.0,47.5,18,1004.8
2015-02-21,24.8,0.0,54.7,41,1007.8
2015-02-22,19.4,0.0,34.3,43,1014.8
2015-02-23,18.1,0.0,33.5,48,1017.4
2015-02-24,19.1,0.0,17.3,47,1016.7
2015-02-25,19.4,0.0,21.1,53,1015.2
2015-02-26,20.1,0.0,21.6,58,1013.6
2015-02-27,19.4,0.0,37.2,57,1012.7
2015-02-28,18.2,0.0,23.1,46,1015.2
2015-03-01,19.1,0.0,19.2,50,1013.1
2015-03-02,20.4,0.0,17.1,46,1012.9
2015-03-03,20.8,0.0,22.5,56,1013.2
2015-03-04,22.7,0.0,22.2,57,1011.9
2015-03-05,22.1,0.0,26.4,52,1013.5
2015-03-06,21.4,0.0,33.0,62,1016.7
2015-03-07,22.2,0.0,16.2,49,1017.1
2015-03-08,23.3,0.0,18.9,34,1017.6
2015-03-09,22.8,0.0,21.4,48,1017.1
2015-03-10,25.8,0.0,30.2,42,1014.4
2015-03-11,22.8,0.3,44.6,56,1012.2
2015-03-12,20.3,0.0,27.7,59,1015.6
2015-03-13,20.3,0.0,21.7,58,1015.2
2015-03-14,22.0,0.0,22.9,57,1015.0
2015-03-15,23.3,0.0,21.7,52,1013.9
2015-03-16,23.5,2.2,26.7,57,1014.9
2015-03-17,26.1,0.3,20.9,54,1014.4
2015-03-18,27.0,0.0,24.5,51,1012.9
2015-03-19,27.4,0.0,18.4,50,1012.8
2015-03-20,28.1,0.0,21.7,44,1013.1
2015-03-21,28.9,0.0,28.1,36,1013.1
2015-03-22,27.1,0.0,28.9,43,1013.1
2015-03-23,22.5,3.3,27.5,76,1014.9
2015-03-24,21.9,0.0,17.7,78,1015.6
2015-03-25,21.9,0.0,18.0,71,1014.7
2015-03-26,24.2,0.0,26.8,58,1014.1
2015-03-27,24.4,0.0,21.7,65,1014.6
2015-03-28,24.3,0.0,19.6,74,1013.7
2015-03-29,24.2,0.0,22.2,69,1012.3
2015-03-30,24.6,0.0,17.5,64,1010.2
2015-03-31,28.1,0.0,21.2,39,1008.1
2015-04-01,28.8,0.0,18.9,50,1005.0
2015-04-02,25.5,0.0,32.0,55,1006.0
2015-04-03,23.9,0.0,31.4,56,1007.3
2015-04-04,23.5,0.0,25.9,57,1007.0
2015-04-05,26.8,0.0,19.8,41,1007.5
2015-04-06,26.0,0.0,19.9,64,1008.1
2015-04-07,25.9,0.0,19.8,68,1008.2
2015-04-08,26.5,0.0,15.1,65,1009.1
2015-04-09,27.5,0.0,20.9,59,1010.2
2015-04-10,27.8,0.0,20.5,55,1010.2
2015-04-11,30.0,0.0,20.4,40,1009.5
2015-04-12,31.1,0.0,23.4,33,1009.7
2015-04-13,29.4,0.0,28.6,46,1010.3
2015-04-14,26.4,0.0,22.8,64,1011.3
2015-04-15,26.8,0.0,17.6,61,1012.3
2015-04-16,29.0,0.0,21.8,41,1014.1
2015-04-17,29.6,0.0,23.7,40,1012.1
2015-04-18,29.0,0.0,29.6,54,1008.6
2015-04-19,26.8,0.0,32.1,52,1009.4
2015-04-20,25.8,0.0,25.2,57,1011.6
2015-04-21,25.3,0.0,21.1,61,1011.2
2015-04-22,25.8,0.0,20.2,56,1009.3
2015-04-23,28.4,0.0,20.2,41,1008.5
2015-04-24,30.3,0.0,23.0,38,1008.6
2015-04-25,28.0,0.0,24.7,56,1008.5
2015-04-26,27.5,0.0,22.7,63,1009.0
2015-04-27,27.8,0.0,20.5,66,1009.7
2015-04-28,27.5,0.0,20.5,65,1010.2
2015-04-29,28.9,0.0,21.1,52,1008.8
2015-04-30,28.7,0.0,23.8,53,1009.5
2015-05-01,28.1,0.0,19.0,49,1009.8
2015-05-02,29.1,0.0,17.8,34,1008.2
2015-05-03,31.1,0.0,24.0,25,1006.2
2015-05-04,32.2,0.0,29.5,27,1005.1
2015-05-05,32.3,0.0,22.4,38,1006.0
2015-05-06,33.0,0.2,19.5,42,1005.5
2015-05-07,33.9,0.0,23.1,36,1005.5
2015-05-08,34.8,0.0,22.5,33,1004.9
2015-05-09,34.3,0.0,22.7,35,1004.0
2015-05-10,33.4,0.0,28.3,36,1006.0
2015-05-11,33.0,0.0,16.6,35,1007.4
2015-05-12,32.2,0.0,23.7,47,1007.4
2015-05-13,32.9,0.0,26.0,46,1006.2
2015-05-14,33.0,0.0,24.6,45,1006.1
2015-05-15,32.1,0.0,18.6,57,1007.0
2015-05-16,33.3,0.0,24.0,55,1004.5
2015-05-17,33.4,0.0,31.6,48,1003.6
2015-05-18,31.4,0.0,32.5,46,1004.8
2015-05-19,29.9,0.0,19.1,62,1004.7
2015-05-20,29.7,0.0,21.1,61,1005.3
2015-05-21,30.7,0.0,22.4,52,1005.4
2015-05-22,32.3,0.0,21.2,35,1005.0
2015-05-23,33.4,0.0,22.7,31,1004.3
2015-05-24,33.7,0.0,29.0,39,1004.1
2015-05-25,33.7,0.0,29.0,45,1004.5
2015-05-26,33.8,0.0,24.1,44,1005.3
2015-05-27,34.3,0.0,39.6,38,1005.0
2015-05-28,32.8,0.0,37.4,47,1002.9
2015-05-29,32.3,0.0,14.5,50,1003.4
2015-05-30,34.8,0.0,22.0,36,1005.6
2015-05-31,35.2,0.0,23.5,33,1005.1
2015-06-01,34.5,0.0,23.9,46,1002.2
2015-06-02,36.7,0.0,16.6,41,1002.0
2015-06-03,36.7,0.0,28.2,41,1000.6
2015-06-04,36.6,0.4,31.3,43,1000.0
2015-06-05,35.6,0.0,25.8,51,1003.5
2015-06-06,35.1,0.0,26.0,40,1003.9
2015-06-07,34.4,0.0,19.1,43,1001.6
2015-06-08,33.4,0.0,20.2,60,999.9
2015-06-09,35.9,0.0,17.2,46,999.1
2015-06-10,35.9,0.0,24.2,47,998.2
2015-06-11,35.1,0.0,29.1,52,998.7
2015-06-12,35.1,0.0,27.0,52,999.4
2015-06-13,35.2,0.0,23.5,53,998.0
2015-06-14,34.4,0.0,24.7,56,997.7
2015-06-15,33.8,0.0,25.1,58,997.7
2015-06-16,33.5,0.0,20.8,63,996.9
2015-06-17,33.7,0.0,18.7,58,996.1
2015-06-18,34.3,0.0,18.8,62,996.8
2015-06-19,34.2,0.0,25.9,56,996.4
2015-06-20,34.7,0.0,23.1,54,995.1
2015-06-21,34.3,0.0,23.4,57,995.0
2015-06-22,34.7,0.0,23.0,58,995.0
2015-06-23,33.8,0.0,27.3,55,996.2
2015-06-24,33.9,0.0,35.6,50,998.0
2015-06-25,34.0,0.0,34.6,46,997.6
2015-06-26,34.9,0.0,30.9,41,997.7
2015-06-27,34.9,0.0,35.0,35,999.2
2015-06-28,34.3,0.0,36.4,42,1001.1
2015-06-29,32.7,0.0,27.7,53,1002.3
2015-06-30,32.1,0.0,18.7,62,1001.1
2015-07-01,33.9,0.0,22.2,55,1000.4
2015-07-02,34.6,0.0,20.7,53,1000.9
2015-07-03,35.4,0.0,28.9,51,1000.8
2015-07-04,36.5,0.0,31.5,32,1000.3
2015-07-05,35.7,0.0,29.6,39,999.1
2015-07-06,33.7,0.0,16.6,60,996.7
2015-07-07,33.6,0.0,19.9,64,994.4
2015-07-08,35.2,0.0,16.3,53,995.4
2015-07-09,37.6,0.0,20.3,44,997.9
2015-07-10,35.1,0.0,24.3,55,996.7
2015-07-11,34.1,0.0,24.6,49,994.9
2015-07-12,36.7,0.0,30.1,34,995.7
2015-07-13,37.2,0.4,29.6,43,997.3
2015-07-14,36.7,0.4,17.4,48,998.5
2015-07-15,36.5,0.0,24.0,49,997.3
2015-07-16,34.6,0.0,25.6,56,995.0
2015-07-17,35.0,0.0,14.3,57,992.8
2015-07-18,36.1,0.0,19.4,55,993.0
2015-07-19,35.0,0.0,25.0,61,994.8
2015-07-20,35.1,0.0,22.9,42,995.3
2015-07-21,36.3,0.0,17.8,34,996.3
2015-07-22,36.1,0.0,22.8,52,997.6
2015-07-23,35.7,0.0,28.1,55,997.2
2015-07-24,37.0,0.0,30.1,42,997.8
2015-07-25,36.9,0.0,20.5,48,997.9
2015-07-26,37.9,0.0,24.0,46,995.9
2015-07-27,38.7,0.2,15.6,37,996.2
2015-07-28,38.0,0.0,26.6,39,997.0
2015-07-29,37.6,0.0,25.0,38,996.7
2015-07-30,36.8,0.0,20.3,40,997.6
2015-07-31,37.8,0.0,27.6,32,997.5
2015-08-01,37.0,0.0,31.0,37,999.3
2015-08-02,37.6,0.0,24.8,35,1000.3
2015-08-03,37.4,0.0,24.6,36,1000.5
2015-08-04,36.7,0.0,23.8,41,1000.4
2015-08-05,36.2,0.0,21.9,47,999.2
2015-08-06,35.2,0.0,23.1,51,998.1
2015-08-07,36.1,0.0,26.2,51,998.8
2015-08-08,36.9,0.0,21.5,46,1000.0
2015-08-09,36.0,0.0,29.1,55,998.5
2015-08-10,37.3,0.0,18.1,38,996.7
2015-08-11,38.8,0.0,25.7,27,999.0
2015-08-12,36.9,0.0,20.2,38,1000.2
2015-08-13,36.6,0.0,21.0,39,1000.2
2015-08-14,35.9,0.0,19.9,44,999.8
2015-08-15,36.4,0.0,26.8,44,999.7
2015-08-16,36.4,0.0,19.5,47,1001.1
2015-08-17,35.5,0.0,22.6,50,1000.3
2015-08-18,35.3,0.0,25.3,49,1000.6
2015-08-19,36.1,0.0,26.8,47,1002.4
2015-08-20,35.8,0.0,31.3,44,1002.0
2015-08-21,36.2,0.0,31.7,43,1000.8
2015-08-22,36.6,0.0,29.9,39,1000.2
2015-08-23,36.5,0.0,27.9,38,999.7
2015-08-24,36.8,0.0,32.1,38,1000.4
2015-08-25,36.6,0.0,33.1,36,1000.7
2015-08-26,35.5,0.0,28.5,44,1000.7
2015-08-27,34.8,0.0,18.9,50,1000.5
2015-08-28,35.3,0.0,21.6,54,1000.4
2015-08-29,37.3,0.0,21.1,46,1000.9
2015-08-30,38.0,0.0,20.1,41,1001.2
2015-08-31,37.0,0.0,17.7,44,1001.8
2015-09-01,35.5,0.0,24.9,57,1001.2
2015-09-02,34.0,0.0,19.1,69,1000.3
2015-09-03,34.4,0.0,17.3,55,1000.9
2015-09-04,33.3,1.7,38.6,61,1005.1
2015-09-05,33.4,0.0,19.8,57,1008.2
2015-09-06,33.8,0.0,23.3,55,1007.9
2015-09-07,33.9,0.0,22.4,59,1006.1
2015-09-08,33.6,0.0,20.5,55,1005.7
2015-09-09,33.0,1.4,23.8,59,1006.4
2015-09-10,33.6,0.0,18.2,50,1007.3
2015-09-11,34.3,0.0,18.7,50,1006.9
2015-09-12,33.1,1.2,15.3,58,1006.2
2015-09-13,33.7,0.2,19.1,57,1007.2
2015-09-14,33.4,0.0,22.2,58,1006.6
2015-09-15,32.5,0.0,22.5,68,1004.5
2015-09-16,31.9,0.0,17.4,71,1003.5
2015-09-17,32.8,0.0,21.1,64,1003.3
2015-09-18,33.1,0.0,20.4,62,1004.5
2015-09-19,33.4,0.0,25.0,65,1004.4
2015-09-20,35.0,0.0,21.2,39,1003.4
2015-09-21,33.9,0.0,24.5,27,1003.2
2015-09-22,33.0,0.0,23.4,24,1004.8
2015-09-23,31.0,0.0,20.5,42,1006.7
2015-09-24,30.5,0.0,20.7,61,1006.2
2015-09-25,31.1,0.0,19.6,67,1005.4
2015-09-26,31.3,0.0,24.3,69,1006.3
2015-09-27,30.7,0.0,21.5,70,1007.5
2015-09-28,30.5,0.0,19.3,69,1007.3
2015-09-29,32.7,0.0,22.1,53,1007.8
2015-09-30,32.3,0.0,22.5,46,1011.8
2015-10-01,31.1,0.0,18.4,52,1014.0
2015-10-02,31.0,0.0,22.5,69,1013.1
2015-10-03,31.7,0.0,17.6,77,1011.0
2015-10-04,31.8,0.0,22.8,71,1009.4
2015-10-05,31.5,0.0,20.8,69,1008.0
2015-10-06,32.1,0.0,23.2,60,1007.4
2015-10-07,32.7,0.0,23.3,44,1008.6
2015-10-08,31.8,0.0,22.7,55,1009.4
2015-10-09,29.9,0.0,19.9,65,1007.7
2015-10-10,30.3,0.0,16.0,70,1006.2
2015-10-11,31.1,0.0,20.5,67,1007.0
2015-10-12,30.5,0.0,15.8,66,1009.6
2015-10-13,29.9,0.0,17.1,67,1009.4
2015-10-14,31.6,0.0,19.3,59,1010.2
2015-10-15,31.1,0.0,18.8,57,1011.5
2015-10-16,31.1,0.2,20.1,59,1012.6
2015-10-17,30.6,0.0,22.9,63,1012.7
2015-10-18,29.4,0.0,21.7,71,1012.9
2015-10-19,30.3,0.0,20.9,65,1013.4
2015-10-20,29.7,0.0,20.4,67,1011.6
2015-10-21,30.8,0.0,23.1,55,1010.3
2015-10-22,31.6,0.0,21.0,51,1011.5
2015-10-23,30.6,0.1,23.4,59,1011.8
2015-10-24,29.1,0.0,21.1,64,1011.1
2015-10-25,29.3,0.0,20.3,53,1010.9
2015-10-26,31.1,0.0,18.7,47,1011.7
2015-10-27,31.0,0.0,25.8,56,1012.3
2015-10-28,30.4,0.0,22.0,54,1012.1
2015-10-29,29.0,0.0,20.7,47,1013.4
2015-10-30,28.1,0.0,17.3,51,1014.4
2015-10-31,28.0,0.0,18.7,47,1013.6
2015-11-01,27.5,0.0,19.8,50,1013.6
2015-11-02,28.0,0.0,16.4,52,1014.1
2015-11-03,27.9,0.0,19.7,60,1014.6
2015-11-04,28.5,0.0,19.9,61,1014.0
2015-11-05,28.1,0.0,14.1,59,1013.6
2015-11-06,27.9,0.0,18.6,58,1012.5
2015-11-07,27.5,0.0,16.8,67,1012.8
2015-11-08,27.9,0.0,18.4,65,1013.7
2015-11-09,27.5,0.0,19.3,66,1013.0
2015-11-10,29.4,0.0,28.7,41,1010.4
2015-11-11,30.0,0.0,36.4,37,1010.3
2015-11-12,24.4,0.9,30.5,64,1016.0
2015-11-13,24.4,0.0,20.4,55,1017.7
2015-11-14,24.4,0.0,28.2,57,1014.7
2015-11-15,25.6,0.0,14.6,47,1014.1
2015-11-16,25.5,0.0,16.1,49,1014.8
2015-11-17,25.2,0.0,15.7,53,1014.0
2015-11-18,25.4,0.0,15.8,57,1014.1
2015-11-19,25.4,0.0,18.2,58,1015.5
2015-11-20,25.5,0.0,17.2,63,1014.5
2015-11-21,25.1,0.0,23.7,55,1014.4
2015-11-22,23.8,0.0,13.3,53,1015.5
2015-11-23,24.1,0.0,24.6,49,1015.4
2015-11-24,24.7,1.4,26.7,50,1015.4
2015-11-25,25.2,0.0,30.6,40,1017.8
2015-11-26,24.9,0.0,22.9,46,1018.3
2015-11-27,24.7,0.0,22.2,59,1016.4
2015-11-28,24.6,0.0,24.0,64,1015.1
2015-11-29,24.3,0.0,13.0,65,1016.1
2015-11-30,23.6,0.0,19.8,72,1017.5
2015-12-01,24.7,0.0,19.1,72,1018.3
2015-12-02,24.1,0.0,20.0,70,1017.6
2015-12-03,23.4,0.0,15.3,71,1017.9
2015-12-04,23.1,0.0,14.0,73,1016.0
2015-12-05,24.7,0.0,18.4,71,1015.2
2015-12-06,24.6,0.0,19.1,68,1014.9
2015-12-07,21.3,0.0,35.6,63,1017.8
2015-12-08,20.0,0.0,33.6,53,1019.0
2015-12-09,19.8,0.0,12.8,50,1019.6
2015-12-10,19.6,0.0,20.0,48,1020.4
2015-12-11,20.0,0.0,21.7,46,1018.4
2015-12-12,19.3,0.0,17.8,47,1016.2
2015-12-13,19.5,0.0,18.8,53,1015.8
2015-12-14,21.5,0.0,18.9,55,1016.2
2015-12-15,21.2,0.0,21.4,56,1017.0
2015-12-16,20.1,0.0,26.1,55,1019.1
2015-12-17,18.7,0.0,17.1,62,1019.5
2015-12-18,19.0,0.0,12.4,62,1019.8
2015-12-19,19.3,0.0,15.2,73,1019.9
2015-12-20,20.7,0.0,14.0,74,1019.5
2015-12-21,21.2,0.0,18.0,75,1018.5
2015-12-22,21.3,0.0,22.4,60,1021.2
2015-12-23,21.1,0.0,24.7,64,1021.6
2015-12-24,23.5,0.0,19.2,59,1019.5
2015-12-25,23.1,0.0,23.0,56,1019.1
2015-12-26,19.7,7.8,35.3,82,1021.3
2015-12-27,19.6,0.0,17.5,74,1023.8
2015-12-28,19.1,0.0,18.2,71,1024.4
2015-12-29,19.6,0.0,11.7,71,1022.0
2015-12-30,18.3,0.0,13.7,77,1016.8
2015-12-31,21.0,0.0,16.1,63,1017.2
2016-01-01,23.1,0.0,19.7,64,1017.7
2016-01-02,23.2,0.0,17.1,67,1016.8
2016-01-03,19.8,6.3,31.4,70,1019.2
2016-01-04,17.8,0.0,22.5,69,1021.3
2016-01-05,18.0,0.0,18.6,67,1019.5
2016-01-06,19.9,0.0,27.6,61,1018.0
2016-01-07,19.2,0.0,23.5,69,1019.4
2016-01-08,18.4,0.0,13.0,73,1019.5
2016-01-09,19.0,0.0,13.9,72,1016.3
2016-01-10,20.5,0.0,18.9,66,1016.8
2016-01-11,19.3,0.0,17.7,66,1019.2
2016-01-12,17.7,0.1,15.0,73,1018.0
2016-01-13,19.3,1.2,23.1,72,1017.2
2016-01-14,18.9,0.0,15.1,75,1017.0
2016-01-15,17.7,0.0,13.6,79,1017.4
2016-01-16,18.3,0.0,17.1,75,1016.9
2016-01-17,19.9,0.0,14.3,72,1014.9
2016-01-18,20.1,0.0,16.1,57,1015.5
2016-01-19,20.0,0.0,14.2,46,1016.5
2016-01-20,19.0,0.0,13.9,64,1019.1
2016-01-21,18.9,0.0,14.8,73,1020.4
2016-01-22,19.4,0.0,14.3,78,1018.5
2016-01-23,18.5,0.0,11.8,77,1018.1
2016-01-24,19.5,0.0,12.2,71,1017.3
2016-01-25,20.5,0.0,20.8,57,1014.9
2016-01-26,20.8,0.0,17.8,63,1015.0
2016-01-27,21.2,0.0,16.6,62,1014.2
2016-01-28,20.1,0.0,25.1,53,1016.6
2016-01-29,17.8,0.0,30.8,51,1021.6
2016-01-30,17.9,0.0,27.8,54,1022.4
2016-01-31,18.3,0.0,15.5,55,1021.8
2016-02-01,17.4,0.0,16.8,63,1021.1
2016-02-02,17.4,0.0,15.7,66,1019.9
2016-02-03,18.0,0.0,16.0,67,1019.8
2016-02-04,20.1,0.0,26.4,61,1020.7
2016-02-05,19.0,0.0,19.8,58,1021.4
2016-02-06,19.6,0.0,17.6,60,1018.2
2016-02-07,17.7,0.0,13.9,68,1017.1
2016-02-08,19.6,0.0,14.8,52,1016.8
2016-02-09,18.6,0.0,28.9,57,1017.1
2016-02-10,19.1,0.0,13.7,63,1016.9
2016-02-11,18.9,0.0,20.9,70,1015.4
2016-02-12,19.0,0.0,28.5,62,1017.0
2016-02-13,18.8,0.0,18.5,67,1018.2
2016-02-14,19.3,0.0,20.4,69,1018.7
2016-02-15,19.3,0.0,21.3,72,1019.2
2016-02-16,19.0,0.0,16.8,71,1018.4
2016-02-17,18.6,1.1,18.2,76,1017.5
2016-02-18,19.2,0.1,18.9,70,1017.7
2016-02-19,20.3,0.0,22.3,68,1019.8
2016-02-20,18.8,0.0,17.3,68,1019.9
2016-02-21,19.1,0.0,14.9,65,1017.9
2016-02-22,22.4,0.0,16.4,56,1016.5
2016-02-23,24.5,0.0,16.2,42,1015.4
2016-02-24,25.8,0.0,12.6,43,1013.5
2016-02-25,23.6,0.0,21.2,67,1014.1
2016-02-26,21.5,0.4,30.4,73,1017.2
2016-02-27,23.1,0.0,21.6,74,1017.1
2016-02-28,24.8,0.0,16.9,64,1017.2
2016-02-29,24.6,0.0,25.0,65,1016.7
2016-03-01,21.7,0.0,22.8,67,1014.9
2016-03-02,20.6,0.0,16.5,64,1014.6
2016-03-03,22.7,0.0,22.2,66,1015.0
2016-03-04,23.7,0.0,23.9,69,1013.9
2016-03-05,24.1,0.0,18.2,65,1011.2
2016-03-06,24.5,0.0,20.9,71,1010.3
2016-03-07,24.3,0.0,22.5,63,1011.9
2016-03-08,22.9,7.8,22.7,74,1011.3
2016-03-09,21.4,29.1,28.2,89,1010.8
2016-03-10,21.6,0.5,18.3,86,1013.2
2016-03-11,20.7,0.0,15.6,83,1014.3
2016-03-12,21.2,0.0,11.2,76,1012.8
2016-03-13,22.2,0.0,23.3,72,1012.5
2016-03-14,22.7,0.0,22.5,66,1012.9
2016-03-15,24.5,0.2,16.6,68,1011.4
2016-03-16,24.6,0.3,25.6,58,1013.0
2016-03-17,23.7,0.1,15.8,57,1013.1
2016-03-18,23.8,0.0,25.6,51,1013.9
2016-03-19,23.0,0.0,27.4,57,1015.1
2016-03-20,22.3,0.0,22.3,62,1015.8
2016-03-21,24.9,0.0,14.5,49,1013.7
2016-03-22,23.7,2.1,30.5,71,1013.2
2016-03-23,23.3,0.9,25.0,71,1013.9
2016-03-24,21.7,0.0,19.6,58,1017.7
2016-03-25,21.7,0.0,22.6,68,1018.4
2016-03-26,23.9,0.0,23.2,63,1016.3
2016-03-27,26.3,0.0,17.8,46,1013.4
2016-03-28,28.9,0.0,27.9,31,1011.2
2016-03-29,30.7,0.0,29.6,36,1010.3
2016-03-30,28.8,0.0,34.9,51,1010.6
2016-03-31,26.2,0.6,28.2,68,1010.9
2016-04-01,21.2,4.8,25.0,66,1013.4
2016-04-02,21.4,0.0,34.8,53,1015.1
2016-04-03,21.3,0.0,21.4,53,1016.2
2016-04-04,21.3,0.0,27.8,60,1014.0
2016-04-05,23.1,0.0,28.5,62,1011.7
2016-04-06,24.2,0.0,17.9,52,1011.2
2016-04-07,26.8,0.0,20.9,45,1009.6
2016-04-08,27.5,0.1,22.0,47,1009.3
2016-04-09,25.9,0.0,28.7,55,1011.1
2016-04-10,25.6,0.0,21.7,49,1013.1
2016-04-11,26.0,0.0,18.1,39,1012.1
2016-04-12,27.8,0.0,26.3,38,1009.0
2016-04-13,29.2,0.0,33.4,51,1008.1
2016-04-14,28.7,0.0,18.4,53,1008.2
2016-04-15,26.7,0.3,14.8,60,1011.5
2016-04-16,26.0,0.0,36.6,50,1012.4
2016-04-17,24.6,0.0,27.2,64,1010.4
2016-04-18,26.4,0.0,34.7,50,1008.9
2016-04-19,26.6,0.0,31.1,49,1010.3
2016-04-20,25.8,0.0,22.4,54,1013.1
2016-04-21,26.4,0.0,31.0,50,1012.8
2016-04-22,25.9,0.0,28.2,55,1011.4
2016-04-23,26.0,0.0,23.7,56,1008.7
2016-04-24,27.2,0.0,25.2,40,1006.9
2016-04-25,27.3,0.0,20.9,45,1007.3
2016-04-26,27.5,0.0,24.9,54,1009.1
2016-04-27,29.7,0.0,24.0,51,1009.1
2016-04-28,31.9,0.0,16.8,43,1007.4
2016-04-29,33.0,0.0,18.8,34,1007.0
2016-04-30,31.2,0.0,22.4,44,1008.0
2016-05-01,27.8,0.0,29.3,60,1009.1
2016-05-02,27.7,0.0,26.9,51,1008.3
2016-05-03,28.8,0.0,25.0,39,1006.8
2016-05-04,30.1,0.0,18.3,38,1005.5
2016-05-05,31.0,0.0,23.4,42,1005.9
2016-05-06,33.8,0.0,21.7,36,1005.7
2016-05-07,32.6,0.0,25.2,43,1006.3
2016-05-08,32.4,0.0,23.1,43,1007.1
2016-05-09,32.4,0.0,26.4,41,1006.4
2016-05-10,31.9,0.0,28.2,48,1006.6
2016-05-11,32.3,0.0,20.0,48,1007.6
2016-05-12,32.6,0.0,21.7,43,1006.0
2016-05-13,33.0,0.0,21.6,38,1005.3
2016-05-14,31.3,0.0,25.1,53,1006.9
2016-05-15,30.5,0.0,20.2,60,1005.9
2016-05-16,31.2,0.0,19.2,62,1004.6
2016-05-17,33.2,0.0,25.0,49,1003.6
2016-05-18,34.0,0.0,22.2,39,1003.0
2016-05-19,33.7,0.0,24.2,40,1001.8
2016-05-20,33.3,0.0,22.9,47,1001.2
2016-05-21,31.7,0.0,26.0,61,1002.1
2016-05-22,31.0,0.0,31.5,55,1003.7
2016-05-23,30.7,0.0,24.9,59,1003.5
2016-05-24,31.4,0.0,22.5,60,1002.1
2016-05-25,32.5,0.0,24.9,53,1001.4
2016-05-26,30.5,0.0,27.4,52,1003.3
2016-05-27,29.7,0.0,22.4,58,1004.6
2016-05-28,30.6,0.0,17.5,60,1003.8
2016-05-29,31.8,0.0,20.9,52,1002.6
2016-05-30,34.4,0.0,24.3,42,1000.8
2016-05-31,34.9,0.0,32.3,39,1002.6
2016-06-01,31.8,0.0,45.3,42,1004.2
2016-06-02,31.8,0.0,40.8,49,1003.3
2016-06-03,30.8,0.0,23.4,59,1003.0
2016-06-04,31.7,0.0,21.6,57,1004.2
2016-06-05,32.7,0.0,23.4,56,1005.2
2016-06-06,33.4,0.0,27.3,54,1004.9
2016-06-07,33.0,0.0,22.0,48,1003.7
2016-06-08,32.4,0.0,19.2,48,1001.7
2016-06-09,32.5,0.0,22.1,56,999.6
2016-06-10,33.0,0.0,17.6,53,1000.1
2016-06-11,33.7,0.0,21.3,51,1000.3
2016-06-12,33.8,0.0,26.2,50,1000.3
2016-06-13,32.9,0.0,42.8,45,1000.9
2016-06-14,31.4,0.0,30.1,57,1000.3
2016-06-15,32.0,0.0,19.9,58,997.9
2016-06-16,34.8,0.0,23.8,42,997.1
2016-06-17,34.2,0.0,22.3,52,999.0
2016-06-18,33.4,0.0,27.0,55,1001.0
2016-06-19,32.6,0.0,25.0,59,1001.1
2016-06-20,32.6,0.0,22.3,58,999.3
2016-06-21,33.3,0.0,21.0,56,997.5
2016-06-22,37.5,0.0,18.8,31,997.9
2016-06-23,36.6,0.0,20.5,39,998.7
2016-06-24,36.3,0.0,21.3,41,997.5
2016-06-25,35.9,0.0,25.5,47,998.5
2016-06-26,36.0,0.0,26.2,44,998.1
2016-06-27,35.1,0.0,22.4,49,996.1
2016-06-28,36.6,0.0,18.1,45,996.2
2016-06-29,37.4,0.0,24.6,47,998.3
2016-06-30,36.9,0.0,22.1,49,997.5
2016-07-01,35.3,0.0,17.3,56,995.1
2016-07-02,34.0,0.0,20.1,66,993.4
2016-07-03,35.4,0.0,20.6,58,993.0
2016-07-04,37.3,0.0,18.2,55,994.0
2016-07-05,36.2,0.0,21.5,59,995.2
2016-07-06,34.9,0.0,24.5,65,996.4
2016-07-07,34.4,0.0,21.0,60,997.7
2016-07-08,34.5,0.0,19.2,56,997.6
2016-07-09,34.9,0.0,23.9,61,996.2
2016-07-10,35.5,0.0,23.9,55,995.5
2016-07-11,34.9,0.0,22.0,59,994.8
2016-07-12,34.7,0.0,22.3,60,995.8
2016-07-13,34.7,0.0,18.1,60,995.9
2016-07-14,37.5,0.0,19.0,49,995.2
2016-07-15,39.3,0.0,20.9,37,995.4
2016-07-16,38.5,0.0,22.0,38,995.0
2016-07-17,38.5,0.0,21.4,43,996.2
2016-07-18,37.9,0.0,23.0,46,997.5
2016-07-19,37.5,0.0,23.2,43,999.0
2016-07-20,37.4,0.0,24.3,43,1000.0
2016-07-21,37.2,0.0,19.3,45,998.6
2016-07-22,36.5,0.0,23.0,48,996.6
2016-07-23,36.9,0.0,20.8,43,994.2
2016-07-24,36.7,0.0,32.5,52,995.8
2016-07-25,36.7,0.0,25.3,50,998.0
2016-07-26,36.1,0.0,22.0,50,998.2
2016-07-27,35.1,0.0,26.4,52,998.6
2016-07-28,34.0,0.0,26.6,54,999.6
2016-07-29,34.9,0.0,20.0,52,999.4
2016-07-30,35.6,0.0,25.1,53,998.3
2016-07-31,35.9,0.0,26.1,56,999.4
2016-08-01,35.7,0.0,22.2,55,998.8
2016-08-02,35.2,0.0,15.1,50,995.3
2016-08-03,38.9,0.0,21.3,34,993.1
2016-08-04,39.3,0.4,28.3,30,995.7
2016-08-05,38.5,1.1,22.1,35,997.3
2016-08-06,37.0,0.3,21.8,46,996.4
2016-08-07,36.9,0.0,27.3,43,996.7
2016-08-08,37.3,0.0,21.7,39,997.6
2016-08-09,37.0,0.0,23.3,47,997.6
2016-08-10,35.8,0.0,21.8,57,997.3
2016-08-11,36.4,0.0,20.6,54,998.0
2016-08-12,38.0,0.0,16.2,38,1000.0
2016-08-13,37.3,0.0,21.5,43,999.9
2016-08-14,34.8,0.0,26.9,59,999.0
2016-08-15,34.7,0.0,26.2,61,998.3
2016-08-16,34.9,0.0,18.6,58,997.3
2016-08-17,37.8,0.0,25.3,31,995.6
2016-08-18,37.2,0.0,27.4,31,996.5
2016-08-19,36.1,0.0,22.3,40,999.4
2016-08-20,33.9,0.0,21.2,49,1000.8
2016-08-21,34.1,0.0,22.3,56,1000.7
2016-08-22,34.7,0.0,25.3,55,1001.1
2016-08-23,35.8,0.0,21.5,43,1000.9
2016-08-24,35.3,0.0,19.8,46,1000.2
2016-08-25,35.5,0.0,18.6,44,1001.9
2016-08-26,35.0,0.0,23.7,45,1003.5
2016-08-27,34.4,0.0,26.3,58,1003.1
2016-08-28,35.0,0.0,20.9,48,1002.3
2016-08-29,35.5,0.0,21.6,46,1002.4
2016-08-30,34.8,0.0,21.5,50,1001.5
2016-08-31,34.4,0.0,26.8,59,1000.7
2016-09-01,33.9,0.0,18.3,58,999.9
2016-09-02,35.3,0.0,14.0,55,999.2
2016-09-03,36.2,0.0,17.9,50,999.7
2016-09-04,36.1,0.0,18.4,51,1001.5
2016-09-05,35.6,0.0,18.6,57,1002.1
2016-09-06,34.9,0.0,16.3,61,1001.4
2016-09-07,35.6,0.0,22.2,50,1000.6
2016-09-08,34.5,0.0,25.6,53,1002.1
2016-09-09,33.8,0.0,21.1,54,1004.4
2016-09-10,33.3,0.0,17.4,57,1004.6
2016-09-11,32.9,0.0,18.8,64,1003.4
2016-09-12,33.6,0.0,19.9,63,1002.5
2016-09-13,33.8,0.0,21.4,59,1003.6
2016-09-14,34.1,0.0,20.7,55,1005.0
2016-09-15,33.6,0.0,26.0,57,1005.2
2016-09-16,32.4,0.0,17.1,68,1004.8
2016-09-17,32.4,0.0,20.1,69,1003.6
2016-09-18,32.6,0.0,18.4,65,1003.1
2016-09-19,33.1,0.0,17.0,58,1003.7
2016-09-20,32.7,0.0,20.2,59,1004.0
2016-09-21,31.8,0.0,16.7,59,1004.6
2016-09-22,32.5,0.0,19.8,62,1005.5
2016-09-23,32.2,0.0,17.7,63,1004.4
2016-09-24,31.9,0.0,16.3,70,1002.6
2016-09-25,32.7,0.0,18.1,68,1003.1
2016-09-26,32.8,0.0,17.5,66,1005.8
2016-09-27,33.0,0.0,21.6,62,1007.5
2016-09-28,32.0,0.0,19.7,70,1006.9
2016-09-29,33.0,0.0,22.4,61,1004.5
2016-09-30,32.0,0.0,28.4,51,1004.3
2016-10-01,31.1,0.0,19.5,58,1005.1
2016-10-02,32.3,0.0,17.4,53,1007.9
2016-10-03,30.6,0.8,20.4,62,1008.0
2016-10-04,30.9,0.2,18.8,57,1006.5
2016-10-05,30.9,0.0,19.9,58,1006.0
2016-10-06,30.8,0.0,16.3,58,1007.2
2016-10-07,30.7,0.0,17.1,62,1008.5
2016-10-08,31.5,1.3,16.7,65,1009.2
2016-10-09,31.5,0.0,22.3,63,1009.2
2016-10-10,32.1,0.0,25.5,50,1008.8
2016-10-11,30.1,0.0,24.5,57,1008.8
2016-10-12,29.6,0.0,16.6,64,1008.4
2016-10-13,29.6,0.0,21.1,67,1008.7
2016-10-14,29.9,0.0,21.7,66,1009.5
2016-10-15,29.3,0.0,24.5,66,1009.9
2016-10-16,29.0,0.0,20.6,63,1010.7
2016-10-17,30.0,0.0,19.2,63,1011.1
2016-10-18,30.2,0.0,21.0,59,1010.9
2016-10-19,30.1,0.0,20.7,56,1010.9
2016-10-20,29.5,0.0,19.3,60,1009.8
2016-10-21,28.3,0.0,15.4,66,1009.6
2016-10-22,28.1,0.0,16.8,68,1010.7
2016-10-23,28.8,0.0,21.6,64,1011.0
2016-10-24,28.6,0.0,21.1,63,1010.8
2016-10-25,29.3,0.0,19.8,55,1010.8
2016-10-26,30.0,0.0,18.1,40,1012.9
2016-10-27,28.8,0.0,19.4,48,1016.1
2016-10-28,28.5,0.0,19.9,57,1015.6
2016-10-29,28.7,0.0,18.8,61,1012.6
2016-10-30,27.7,0.0,16.3,66,1011.8
2016-10-31,28.4,0.0,15.3,65,1014.0
2016-11-01,28.8,0.0,20.5,60,1014.4
2016-11-02,28.8,0.0,17.4,56,1013.9
2016-11-03,28.2,0.0,19.0,58,1015.9
2016-11-04,27.4,0.0,17.4,72,1015.7
2016-11-05,26.8,0.0,14.8,72,1013.4
2016-11-06,27.4,0.0,16.9,67,1013.5
2016-11-07,27.2,0.0,23.7,69,1015.9
2016-11-08,26.9,0.0,29.0,53,1016.9
2016-11-09,26.3,0.0,11.2,53,1016.7
2016-11-10,25.5,0.0,16.8,61,1015.5
2016-11-11,26.4,0.0,19.3,49,1014.8
2016-11-12,25.9,0.0,17.0,41,1016.2
2016-11-13,25.4,0.0,15.0,43,1017.8
2016-11-14,25.3,0.0,14.2,57,1017.8
2016-11-15,24.4,0.0,13.1,75,1015.7
2016-11-16,24.8,0.0,12.7,74,1015.2
2016-11-17,25.6,0.0,15.5,64,1016.9
2016-11-18,24.3,0.0,16.6,70,1016.8
2016-11-19,24.6,0.0,18.2,74,1013.8
2016-11-20,26.0,0.0,17.1,70,1012.1
2016-11-21,25.7,0.0,17.1,62,1013.4
2016-11-22,25.4,0.0,20.6,53,1014.7
2016-11-23,25.0,0.0,17.7,61,1013.9
2016-11-24,25.5,0.0,24.4,55,1013.8
2016-11-25,24.8,0.0,25.7,54,1015.4
2016-11-26,24.3,0.0,19.0,51,1016.6
2016-11-27,24.0,0.0,19.6,59,1016.7
2016-11-28,23.7,0.0,19.3,63,1016.9
2016-11-29,24.8,0.0,21.6,66,1017.4
2016-11-30,24.5,0.0,17.2,64,1017.6
2016-12-01,25.1,0.0,15.9,68,1017.0
2016-12-02,24.8,0.0,19.0,71,1017.3
2016-12-03,24.9,0.0,19.5,72,1018.5
2016-12-04,26.0,0.0,15.8,76,1017.3
2016-12-05,25.2,0.0,14.8,72,1015.8
2016-12-06,23.8,0.0,13.8,73,1015.5
2016-12-07,23.7,0.0,16.8,82,1017.1
2016-12-08,24.4,0.0,18.7,75,1016.9
2016-12-09,23.8,0.0,27.2,63,1015.1
2016-12-10,22.2,0.0,35.1,50,1015.6
2016-12-11,21.4,0.0,31.6,54,1015.7
2016-12-12,21.4,0.0,31.4,53,1016.6
2016-12-13,21.1,0.0,9.8,55,1016.2
2016-12-14,20.0,0.0,10.4,66,1016.3
2016-12-15,21.5,0.0,13.0,62,1017.0
2016-12-16,21.3,0.0,17.9,70,1019.0
2016-12-17,20.9,0.0,21.4,66,1019.3
2016-12-18,22.0,0.0,24.8,65,1018.5
2016-12-19,21.1,0.0,20.9,63,1019.4
2016-12-20,20.4,0.0,13.3,70,1017.5
2016-12-21,20.8,0.0,16.6,68,1019.2
2016-12-22,21.8,0.0,17.1,77,1019.9
2016-12-23,22.7,0.0,20.4,74,1019.0
2016-12-24,23.6,0.0,20.9,53,1016.4
2016-12-25,23.8,0.0,15.8,48,1016.6
2016-12-26,22.3,0.0,13.7,67,1017.7
2016-12-27,21.9,0.0,14.4,76,1017.0
2016-12-28,21.1,0.0,12.8,84,1016.4
2016-12-29,22.1,0.0,15.6,85,1017.7
2016-12-30,22.3,0.0,12.9,83,1017.4
2016-12-31,21.9,0.0,15.3,82,1016.5
2017-01-01,20.5,0.0,15.5,84,1015.8
2017-01-02,21.1,0.0,14.5,84,1016.6
2017-01-03,21.6,0.0,18.8,82,1017.1
2017-01-04,21.4,0.0,23.1,77,1016.3
2017-01-05,22.2,0.0,33.6,63,1016.2
2017-01-06,20.9,0.0,28.4,57,1016.6
2017-01-07,19.8,0.0,22.7,63,1015.6
2017-01-08,19.7,0.0,15.7,75,1014.1
2017-01-09,18.9,0.0,18.6,80,1015.9
2017-01-10,20.3,0.0,14.1,73,1018.0
2017-01-11,20.2,0.0,15.0,84,1018.3
2017-01-12,21.9,0.0,28.9,72,1014.5
2017-01-13,21.8,0.0,38.2,62,1011.0
2017-01-14,20.1,0.0,42.4,56,1013.0
2017-01-15,19.6,0.0,20.7,66,1016.6
2017-01-16,18.7,0.0,14.5,77,1017.3
2017-01-17,19.8,0.0,18.4,70,1017.7
2017-01-18,19.7,0.0,17.9,68,1018.8
2017-01-19,19.9,0.0,18.8,73,1018.3
2017-01-20,21.5,0.2,21.8,67,1017.2
2017-01-21,21.8,0.0,27.4,62,1017.2
2017-01-22,23.5,0.5,28.9,58,1016.7
2017-01-23,22.0,0.5,25.2,62,1016.1
2017-01-24,20.1,0.2,26.7,57,1017.4
2017-01-25,18.5,0.0,22.5,59,1020.3
2017-01-26,18.6,0.0,23.2,52,1021.0
2017-01-27,19.4,0.0,18.6,58,1017.2
2017-01-28,20.7,0.0,27.4,60,1015.9
2017-01-29,21.6,0.0,27.0,60,1016.5
2017-01-30,19.6,0.0,25.0,67,1018.3
2017-01-31,18.6,0.0,14.8,68,1017.5
2017-02-01,19.3,0.0,10.5,57,1014.9
2017-02-02,19.1,3.6,41.4,58,1015.1
2017-02-03,14.9,0.0,55.4,49,1020.5
2017-02-04,16.7,0.0,19.1,48,1022.3
2017-02-05,16.5,0.0,17.2,63,1021.4
2017-02-06,17.0,0.0,19.6,66,1019.5
2017-02-07,18.6,0.0,30.4,59,1018.8
2017-02-08,18.0,0.0,23.5,67,1020.1
2017-02-09,19.8,0.0,19.9,52,1018.1
2017-02-10,20.3,0.0,15.3,59,1015.2
2017-02-11,20.9,0.0,22.7,56,1014.7
2017-02-12,21.8,3.2,38.3,60,1015.6
2017-02-13,22.7,0.8,32.8,64,1015.8
2017-02-14,23.5,0.0,29.2,55,1018.2
2017-02-15,23.5,2.7,19.8,65,1017.6
2017-02-16,21.8,6.5,28.5,79,1015.5
2017-02-17,23.5,3.4,40.1,68,1012.8
2017-02-18,18.7,4.0,34.5,62,1020.3
2017-02-19,16.9,0.0,25.3,63,1023.3
2017-02-20,18.4,0.8,21.8,66,1019.4
2017-02-21,17.7,0.8,22.0,71,1016.5
2017-02-22,18.1,0.1,18.3,74,1016.5
2017-02-23,19.6,0.0,23.6,71,1015.3
2017-02-24,23.2,0.3,16.2,52,1016.8
2017-02-25,21.2,3.9,25.3,72,1019.6
2017-02-26,18.5,7.3,22.7,83,1017.1
2017-02-27,17.7,0.0,17.7,75,1016.7
2017-02-28,18.9,0.0,16.6,77,1018.5
2017-03-01,19.2,0.0,19.5,84,1017.0
2017-03-02,21.4,0.3,25.9,50,1014.6
2017-03-03,21.9,0.0,16.3,61,1012.7
2017-03-04,22.7,0.3,19.0,62,1011.7
2017-03-05,22.8,0.3,20.7,62,1010.6
2017-03-06,23.2,0.1,24.0,62,1009.9
2017-03-07,20.5,0.0,27.8,64,1010.8
2017-03-08,20.3,0.0,21.1,77,1011.3
2017-03-09,21.7,0.0,25.3,73,1012.0
2017-03-10,22.1,0.0,18.9,54,1013.0
2017-03-11,24.7,0.0,23.5,41,1015.6
2017-03-12,24.5,0.0,24.6,45,1014.3
2017-03-13,25.3,0.0,18.6,43,1013.6
2017-03-14,25.4,0.0,34.5,51,1011.7
2017-03-15,23.9,0.3,24.5,56,1011.6
2017-03-16,25.3,0.0,41.4,48,1012.0
2017-03-17,25.3,0.3,32.3,48,1014.2
2017-03-18,23.9,0.0,19.5,62,1013.3
2017-03-19,28.1,0.0,29.3,39,1009.6
2017-03-20,27.9,1.6,38.5,51,1008.2
2017-03-21,20.3,10.2,27.9,78,1014.0
2017-03-22,20.0,0.0,17.1,73,1014.6
2017-03-23,21.5,1.0,19.7,71,1012.6
2017-03-24,22.0,5.3,35.2,73,1011.7
2017-03-25,23.2,3.4,31.2,75,1010.9
2017-03-26,23.2,1.3,27.3,81,1014.1
2017-03-27,23.1,2.0,28.2,83,1016.1
2017-03-28,22.5,0.0,15.8,87,1014.9
2017-03-29,22.3,0.0,14.7,84,1014.0
2017-03-30,23.6,0.0,16.3,73,1013.6
2017-03-31,24.6,0.0,20.0,64,1013.3
2017-04-01,26.7,0.0,16.0,51,1012.0
2017-04-02,27.7,0.0,18.9,44,1009.2
2017-04-03,27.7,0.0,21.1,52,1008.5
2017-04-04,24.9,0.0,33.9,59,1011.6
2017-04-05,23.7,0.0,33.3,60,1013.1
2017-04-06,23.7,0.0,25.3,61,1013.3
2017-04-07,25.5,0.0,21.3,47,1012.6
2017-04-08,27.4,0.0,18.6,34,1012.8
2017-04-09,28.0,0.0,18.8,30,1012.5
2017-04-10,28.6,0.0,24.0,37,1011.2
2017-04-11,28.8,0.0,23.2,40,1010.8
2017-04-12,29.6,0.0,25.4,38,1010.8
2017-04-13,29.8,0.0,22.0,37,1010.4
2017-04-14,28.7,0.0,25.3,42,1008.5
2017-04-15,28.0,0.0,25.1,41,1006.4
2017-04-16,27.2,0.0,26.6,58,1006.9
2017-04-17,26.6,0.0,23.9,78,1008.5
2017-04-18,27.1,0.0,24.2,75,1009.1
2017-04-19,28.9,0.0,27.5,62,1007.4
2017-04-20,27.6,0.0,33.4,60,1007.5
2017-04-21,26.5,0.0,29.9,61,1006.4
2017-04-22,26.7,0.0,21.7,68,1006.1
2017-04-23,27.9,0.0,21.6,67,1007.1
2017-04-24,28.1,0.0,25.9,55,1006.8
2017-04-25,28.8,0.0,20.9,42,1007.5
2017-04-26,27.9,0.0,26.8,50,1007.6
2017-04-27,28.4,0.0,19.2,67,1007.8
2017-04-28,29.3,0.0,26.2,61,1008.1
2017-04-29,30.5,0.0,25.6,47,1008.5
2017-04-30,31.3,0.0,30.0,43,1008.4
2017-05-01,30.4,0.0,25.0,50,1008.4
2017-05-02,30.0,0.0,20.9,49,1009.0
2017-05-03,31.6,0.0,25.7,42,1008.6
2017-05-04,32.1,0.0,28.1,42,1008.6
2017-05-05,32.7,0.0,31.3,41,1009.0
2017-05-06,33.0,0.0,24.9,32,1009.3
2017-05-07,32.3,0.0,24.7,30,1009.7
2017-05-08,32.6,0.0,25.0,40,1009.1
2017-05-09,31.4,0.0,25.0,49,1006.5
2017-05-10,30.1,0.0,20.3,62,1004.4
2017-05-11,29.6,0.0,23.5,67,1004.8
2017-05-12,29.8,0.0,31.5,65,1006.1
2017-05-13,30.6,0.0,21.1,55,1006.7
2017-05-14,31.0,0.0,27.9,45,1006.1
2017-05-15,30.2,0.0,30.6,49,1005.3
2017-05-16,29.2,0.0,21.3,55,1004.2
2017-05-17,29.2,0.0,24.1,53,1003.2
2017-05-18,30.7,0.0,26.1,54,1004.2
2017-05-19,30.9,0.0,27.3,62,1005.3
2017-05-20,30.9,0.0,23.8,58,1003.7
2017-05-21,32.6,0.0,29.5,49,1000.9
2017-05-22,33.0,0.0,34.7,49,1002.7
2017-05-23,29.6,0.0,21.8,66,1005.8
2017-05-24,29.4,0.0,20.9,66,1006.1
2017-05-25,31.7,0.0,29.2,57,1004.7
2017-05-26,30.6,0.0,28.5,61,1003.8
2017-05-27,29.8,0.0,22.7,65,1003.1
2017-05-28,31.3,0.0,25.9,59,1001.9
2017-05-29,31.4,0.0,26.4,67,1001.2
2017-05-30,31.5,0.0,22.0,70,1000.1
2017-05-31,31.8,0.0,27.2,68,998.4
2017-06-01,32.3,0.0,25.3,68,998.2
2017-06-02,31.5,0.0,19.9,70,999.1
2017-06-03,31.6,0.0,18.0,68,1001.4
2017-06-04,31.4,0.0,23.1,59,1002.1
2017-06-05,31.2,0.0,22.2,66,1001.2
2017-06-06,36.0,0.0,19.9,41,1000.7
2017-06-07,34.6,0.0,24.9,47,1000.8
2017-06-08,33.6,0.0,26.4,48,1000.6
2017-06-09,33.1,0.0,25.8,59,1001.1
2017-06-10,32.2,0.0,24.4,55,1000.7
2017-06-11,32.4,0.0,20.3,49,999.0
2017-06-12,32.7,0.0,19.9,56,998.6
2017-06-13,32.4,0.0,24.6,64,997.4
2017-06-14,34.2,0.0,27.1,55,998.0
2017-06-15,36.5,0.0,29.7,49,999.7
2017-06-16,35.0,0.0,25.0,47,999.3
2017-06-17,34.2,0.0,18.4,55,997.4
2017-06-18,33.4,0.0,22.0,63,996.9
2017-06-19,32.8,0.0,20.7,67,996.6
2017-06-20,33.1,0.0,21.3,67,994.9
2017-06-21,33.0,0.0,23.6,73,995.5
2017-06-22,33.9,0.0,22.8,69,997.5
2017-06-23,34.7,0.0,30.2,57,998.5
2017-06-24,33.6,0.0,21.1,63,998.1
2017-06-25,32.5,0.0,24.5,68,997.4
2017-06-26,32.6,0.0,23.4,67,998.2
2017-06-27,32.7,0.0,22.0,64,997.4
2017-06-28,33.2,0.0,18.0,65,995.3
2017-06-29,35.4,0.0,29.4,58,994.7
2017-06-30,35.5,0.0,28.0,44,994.3
2017-07-01,34.1,0.0,20.6,53,995.7
2017-07-02,33.9,0.0,19.4,61,995.6
2017-07-03,33.6,0.0,21.1,63,996.4
2017-07-04,32.5,0.0,23.9,64,996.6
2017-07-05,33.5,0.0,16.1,55,996.5
2017-07-06,33.5,0.0,20.8,60,995.4
2017-07-07,37.0,0.0,28.8,43,994.5
2017-07-08,37.5,0.0,30.5,48,996.9
2017-07-09,36.0,0.0,22.0,48,997.6
2017-07-10,36.1,0.0,21.4,51,998.1
2017-07-11,35.5,0.0,23.6,43,997.4
2017-07-12,37.6,0.0,31.9,32,995.1
2017-07-13,36.5,0.0,38.5,52,995.3
2017-07-14,36.0,0.0,30.3,53,996.8
2017-07-15,37.1,0.0,23.1,42,997.3
2017-07-16,37.0,0.0,24.8,42,997.2
2017-07-17,35.8,0.0,23.2,50,997.7
2017-07-18,36.1,0.0,23.7,37,996.2
2017-07-19,39.5,0.0,31.0,20,995.1
2017-07-20,36.2,0.0,24.5,41,994.8
2017-07-21,35.6,0.0,25.5,50,996.0
2017-07-22,35.7,0.0,28.5,50,996.5
2017-07-23,35.6,0.0,28.0,56,995.6
2017-07-24,36.4,0.0,29.1,48,995.2
2017-07-25,36.4,0.0,28.7,49,995.3
2017-07-26,36.5,0.0,27.1,49,995.5
2017-07-27,36.9,0.0,24.9,51,997.1
2017-07-28,36.2,0.0,23.3,60,998.6
2017-07-29,34.6,0.0,23.1,63,998.4
2017-07-30,34.1,0.0,20.1,65,998.3
2017-07-31,35.7,0.0,21.7,59,998.4
2017-08-01,35.1,0.0,25.3,67,998.5
2017-08-02,37.8,0.0,22.5,47,998.1
2017-08-03,38.0,0.0,23.0,44,997.4
2017-08-04,36.1,0.0,26.3,54,996.1
2017-08-05,35.1,0.0,26.0,60,995.4
2017-08-06,36.6,0.0,25.1,39,996.6
2017-08-07,37.2,0.0,26.3,36,998.0
2017-08-08,36.7,0.0,28.4,44,999.0
2017-08-09,35.6,0.0,24.7,54,997.8
2017-08-10,36.3,0.0,22.7,47,996.5
2017-08-11,37.2,0.0,19.9,43,997.8
2017-08-12,36.0,0.0,22.7,48,998.3
2017-08-13,35.0,0.0,27.1,57,998.6
2017-08-14,35.7,0.0,27.1,47,999.5
2017-08-15,36.7,0.0,23.8,41,1000.7
2017-08-16,34.7,0.0,21.8,52,1001.8
2017-08-17,34.7,0.0,22.2,54,1001.0
2017-08-18,33.9,0.0,21.2,59,999.9
2017-08-19,34.1,0.0,22.9,66,999.2
2017-08-20,36.6,0.0,26.3,39,999.1
2017-08-21,34.9,0.0,26.2,49,998.0
2017-08-22,35.3,0.0,29.5,50,997.3
2017-08-23,34.9,0.0,27.2,47,1000.1
2017-08-24,33.9,0.0,24.5,58,1001.7
2017-08-25,33.4,0.0,29.3,61,1000.7
2017-08-26,33.2,0.0,25.5,63,999.1
2017-08-27,33.2,0.0,23.6,66,999.0
2017-08-28,34.5,0.0,27.4,40,999.2
2017-08-29,33.7,0.0,25.6,49,999.2
2017-08-30,33.6,0.0,24.7,56,1000.0
2017-08-31,31.9,0.0,20.2,73,999.9
2017-09-01,32.1,0.0,22.2,73,1000.1
2017-09-02,32.6,0.0,28.0,68,1000.4
2017-09-03,32.0,0.0,17.7,63,1000.8
2017-09-04,32.9,0.0,22.4,60,1002.7
2017-09-05,33.9,0.0,22.8,51,1003.6
2017-09-06,34.9,0.0,25.3,49,1002.9
2017-09-07,34.4,0.0,23.7,55,1003.3
2017-09-08,33.9,0.0,27.5,55,1004.6
2017-09-09,32.8,0.0,25.0,65,1004.4
2017-09-10,31.9,0.0,18.0,73,1003.5
2017-09-11,33.8,0.0,21.7,59,1004.6
2017-09-12,33.7,0.0,21.4,54,1006.1
2017-09-13,33.0,0.0,29.5,59,1005.4
2017-09-14,32.9,0.0,22.0,56,1004.7
2017-09-15,32.5,0.0,25.7,58,1004.6
2017-09-16,32.5,0.0,23.2,61,1004.7
2017-09-17,32.6,0.0,26.3,68,1005.1
2017-09-18,32.7,0.0,23.3,66,1005.4
2017-09-19,32.2,0.0,25.5,64,1005.0
2017-09-20,32.4,0.0,29.6,64,1003.6
2017-09-21,34.7,0.0,28.8,18,1002.4
2017-09-22,33.0,0.0,28.5,22,1003.6
2017-09-23,32.7,0.0,20.9,39,1006.2
2017-09-24,31.7,0.0,28.3,55,1007.2
2017-09-25,31.0,0.0,24.2,61,1006.6
2017-09-26,30.4,0.0,21.5,76,1006.5
2017-09-27,30.2,0.0,23.7,75,1007.7
2017-09-28,30.8,0.0,21.2,76,1006.9
2017-09-29,30.7,0.0,16.6,81,1006.1
2017-09-30,31.4,0.0,21.8,75,1007.7
2017-10-01,31.5,0.0,24.9,70,1009.0
2017-10-02,31.7,0.0,23.2,70,1006.9
2017-10-03,31.6,0.0,23.0,74,1006.2
2017-10-04,31.9,0.0,23.1,66,1006.6
2017-10-05,32.1,0.0,25.6,59,1006.7
2017-10-06,31.2,0.0,23.0,67,1008.4
2017-10-07,31.6,0.0,25.5,60,1009.5
2017-10-08,30.7,0.0,21.8,72,1008.6
2017-10-09,30.7,0.0,22.2,72,1007.3
2017-10-10,30.1,0.0,21.1,80,1006.7
2017-10-11,29.5,0.0,16.5,82,1006.4
2017-10-12,30.8,0.0,20.7,67,1007.3
2017-10-13,30.3,0.0,19.1,67,1006.8
2017-10-14,29.5,0.0,17.6,63,1006.6
2017-10-15,29.4,0.0,20.3,67,1007.7
2017-10-16,28.9,0.0,18.6,71,1007.9
2017-10-17,28.5,0.0,20.6,72,1007.6
2017-10-18,28.7,0.0,17.3,74,1009.0
2017-10-19,29.6,0.0,28.4,55,1010.3
2017-10-20,29.9,0.0,24.2,46,1009.9
2017-10-21,28.7,0.0,18.2,60,1008.8
2017-10-22,29.5,0.0,22.0,65,1008.4
2017-10-23,29.6,0.0,19.6,65,1009.8
2017-10-24,29.0,0.0,19.8,62,1012.6
2017-10-25,28.8,0.0,24.5,48,1014.2
2017-10-26,29.3,0.0,21.7,54,1013.4
2017-10-27,29.2,0.0,22.4,70,1012.6
2017-10-28,28.5,0.0,20.8,75,1013.3
2017-10-29,28.4,0.0,21.7,71,1013.4
2017-10-30,28.1,0.0,22.3,69,1013.8
2017-10-31,28.0,0.0,21.3,66,1012.6
2017-11-01,28.1,0.0,22.9,65,1012.8
2017-11-02,28.4,0.0,17.8,51,1013.5
2017-11-03,27.6,0.0,17.1,57,1013.2
2017-11-04,27.0,0.0,23.8,60,1013.9
2017-11-05,26.4,0.0,20.1,57,1014.7
2017-11-06,27.4,0.0,27.7,54,1014.9
2017-11-07,27.7,0.0,22.5,61,1014.5
2017-11-08,27.6,0.0,20.3,67,1014.1
2017-11-09,27.4,0.0,18.9,65,1013.0
2017-11-10,27.1,0.0,20.0,53,1012.6
2017-11-11,26.7,0.0,15.6,56,1013.6
2017-11-12,28.0,0.0,35.9,56,1012.2
2017-11-13,27.3,0.0,32.2,48,1011.0
2017-11-14,25.4,0.0,20.9,56,1011.9
2017-11-15,25.1,0.0,22.7,50,1013.4
2017-11-16,25.1,0.3,17.1,58,1014.4
2017-11-17,24.4,1.4,26.3,62,1015.8
2017-11-18,24.7,0.0,26.1,56,1017.6
2017-11-19,24.5,0.0,24.5,49,1018.5
2017-11-20,23.9,0.0,21.4,38,1017.4
2017-11-21,23.3,0.0,16.9,37,1014.7
2017-11-22,24.1,0.0,21.5,41,1013.2
2017-11-23,24.9,0.0,25.3,52,1012.9
2017-11-24,24.6,1.0,25.0,60,1016.3
2017-11-25,24.7,0.0,31.8,45,1019.1
2017-11-26,23.5,0.0,20.5,55,1018.9
2017-11-27,22.5,0.0,17.8,61,1016.4
2017-11-28,24.9,0.0,27.3,63,1015.4
2017-11-29,23.9,0.0,19.3,59,1016.4
2017-11-30,22.6,0.0,19.5,66,1016.5
2017-12-01,23.6,0.0,15.6,65,1015.0
2017-12-02,24.6,0.0,17.2,72,1015.9
2017-12-03,23.5,0.0,29.4,53,1017.2
2017-12-04,22.4,0.0,26.3,39,1018.9
2017-12-05,20.0,0.0,21.8,42,1018.3
2017-12-06,19.2,0.0,21.3,41,1017.3
2017-12-07,18.8,0.0,16.4,43,1017.2
2017-12-08,20.8,0.1,28.6,56,1017.2
2017-12-09,22.0,0.0,22.5,56,1017.2
2017-12-10,22.2,0.0,15.3,53,1018.5
2017-12-11,21.9,0.0,26.7,61,1018.2
2017-12-12,21.6,0.0,32.8,62,1016.1
2017-12-13,19.9,0.0,24.4,55,1017.2
2017-12-14,20.6,0.0,18.1,55,1017.0
2017-12-15,21.9,0.1,21.6,51,1017.7
2017-12-16,21.1,0.1,37.4,61,1019.0
2017-12-17,18.9,8.3,22.1,76,1019.2
2017-12-18,17.8,1.6,12.9,83,1021.1
2017-12-19,19.1,0.0,13.3,76,1022.3
2017-12-20,19.3,0.0,17.8,79,1024.2
2017-12-21,19.4,0.0,16.9,77,1024.2
2017-12-22,20.5,0.0,15.0,78,1021.5
2017-12-23,20.6,0.0,17.3,85,1018.7
2017-12-24,21.1,0.0,16.0,86,1016.8
2017-12-25,19.5,0.0,12.5,87,1017.4
2017-12-26,19.1,0.0,12.0,82,1017.3
2017-12-27,20.7,0.0,14.6,80,1018.2
2017-12-28,20.1,0.0,22.0,69,1018.5
2017-12-29,20.8,0.0,25.2,39,1018.4
2017-12-30,19.7,0.0,16.6,60,1018.2
2017-12-31,19.2,0.0,16.5,70,1016.8
2018-01-01,18.5,0.0,15.7,71,1014.6
2018-01-02,19.0,0.0,18.5,69,1013.5
2018-01-03,20.7,0.0,30.6,63,1014.7
2018-01-04,20.5,0.0,24.5,55,1015.5
2018-01-05,20.7,0.0,24.9,62,1014.3
2018-01-06,18.6,0.0,15.3,68,1014.5
2018-01-07,20.3,0.0,26.8,53,1015.6
2018-01-08,19.9,1.6,24.7,56,1017.1
2018-01-09,18.3,0.1,20.3,60,1019.2
2018-01-10,19.1,0.0,26.3,51,1020.4
2018-01-11,19.9,0.0,17.9,49,1021.8
2018-01-12,19.0,0.0,16.8,53,1020.7
2018-01-13,19.2,0.0,17.8,72,1018.2
2018-01-14,19.1,0.0,16.9,77,1017.4
2018-01-15,17.9,0.0,16.3,84,1017.0
2018-01-16,20.1,0.0,31.4,65,1015.6
2018-01-17,19.8,0.0,23.5,59,1014.4
2018-01-18,19.0,0.0,22.4,63,1016.1
2018-01-19,18.1,0.0,21.5,71,1017.1
2018-01-20,18.4,0.0,16.0,74,1017.2
2018-01-21,19.3,0.0,40.8,59,1016.9
2018-01-22,18.4,0.0,19.8,66,1016.9
2018-01-23,17.5,0.0,21.5,70,1015.7
2018-01-24,17.1,0.0,16.5,78,1015.8
2018-01-25,17.0,0.0,17.1,84,1015.1
2018-01-26,18.2,0.0,15.9,85,1014.3
2018-01-27,18.6,0.0,12.4,75,1012.6
2018-01-28,19.5,0.0,27.4,63,1013.2
2018-01-29,19.0,0.0,30.8,56,1017.0
2018-01-30,19.2,0.0,32.0,55,1019.0
2018-01-31,19.1,0.0,30.6,50,1019.5
2018-02-01,19.3,0.0,23.1,58,1019.5
2018-02-02,19.1,0.0,25.2,61,1018.6
2018-02-03,18.5,0.0,20.0,68,1019.0
2018-02-04,19.1,0.0,24.0,70,1018.7
2018-02-05,17.9,0.0,18.9,75,1019.6
2018-02-06,17.3,0.0,17.6,76,1020.2
2018-02-07,17.4,0.0,18.5,82,1017.3
2018-02-08,17.6,0.0,21.1,75,1014.3
2018-02-09,18.8,0.0,25.2,76,1013.4
2018-02-10,17.9,0.0,20.5,71,1013.6
2018-02-11,18.7,0.0,14.9,53,1013.9
2018-02-12,19.3,0.0,14.7,42,1014.7
2018-02-13,22.6,0.0,19.5,49,1016.2
2018-02-14,24.0,0.0,24.5,56,1018.6
2018-02-15,22.1,0.0,17.9,67,1020.3
2018-02-16,21.6,0.0,20.5,67,1019.2
2018-02-17,22.0,0.0,15.6,51,1015.2
2018-02-18,23.7,0.0,21.0,36,1011.0
2018-02-19,22.1,0.0,21.3,59,1011.7
2018-02-20,21.2,0.0,25.6,64,1013.1
2018-02-21,20.1,0.0,19.1,75,1012.7
2018-02-22,20.7,0.3,20.4,71,1011.0
2018-02-23,22.6,0.0,16.2,63,1010.0
2018-02-24,25.9,0.2,27.4,52,1009.7
2018-02-25,21.3,7.3,30.2,77,1013.0
2018-02-26,20.6,0.0,20.5,81,1014.2
2018-02-27,22.5,0.2,25.5,77,1012.9
2018-02-28,23.0,0.3,34.6,68,1011.0
2018-03-01,23.3,0.0,20.0,63,1011.1
2018-03-02,21.1,2.1,23.7,71,1013.9
2018-03-03,20.5,0.0,26.9,72,1014.6
2018-03-04,19.7,0.0,20.5,74,1014.0
2018-03-05,19.6,0.0,20.2,74,1015.0
2018-03-06,19.7,0.0,14.5,71,1015.1
2018-03-07,20.9,0.0,16.5,60,1013.3
2018-03-08,22.5,0.0,23.1,52,1011.3
2018-03-09,22.2,0.0,18.6,60,1010.9
2018-03-10,23.3,0.0,21.1,42,1010.9
2018-03-11,25.9,0.0,32.4,36,1010.9
2018-03-12,25.5,0.0,32.4,53,1010.9
2018-03-13,24.1,0.0,21.1,60,1011.9
2018-03-14,22.3,0.0,28.1,67,1012.1
2018-03-15,21.2,0.0,20.0,74,1011.8
2018-03-16,20.8,0.0,18.6,77,1010.1
2018-03-17,22.2,0.0,22.2,68,1009.5
2018-03-18,22.8,0.0,31.9,63,1010.9
2018-03-19,22.0,0.0,24.1,64,1013.9
2018-03-20,21.2,0.0,22.9,74,1014.7
2018-03-21,21.5,0.0,19.3,67,1012.8
2018-03-22,21.6,0.0,18.6,71,1010.9
2018-03-23,22.4,0.0,17.9,75,1010.6
2018-03-24,26.3,0.0,23.8,43,1013.7
2018-03-25,25.5,0.0,23.6,43,1016.1
2018-03-26,25.8,0.0,17.7,47,1016.4
2018-03-27,24.7,0.0,22.4,62,1013.7
2018-03-28,23.7,0.0,21.6,71,1011.9
2018-03-29,24.5,0.0,21.9,73,1011.7
2018-03-30,25.8,0.0,21.6,59,1009.4
2018-03-31,25.6,0.0,24.8,58,1008.3
2018-04-01,25.4,0.0,27.7,64,1008.5
2018-04-02,25.3,0.0,31.1,61,1010.0
2018-04-03,25.4,0.0,29.6,58,1010.3
2018-04-04,26.7,0.0,23.9,53,1008.9
2018-04-05,26.9,0.0,25.3,56,1006.6
2018-04-06,27.8,0.0,25.8,44,1006.7
2018-04-07,27.3,0.0,26.6,51,1008.6
2018-04-08,26.9,0.0,26.4,57,1009.6
2018-04-09,26.7,0.0,29.9,61,1010.0
2018-04-10,26.6,0.0,23.0,63,1008.9
2018-04-11,27.0,0.0,29.3,61,1008.6
2018-04-12,28.2,0.3,29.3,55,1008.5
2018-04-13,28.7,0.0,21.3,48,1008.3
2018-04-14,28.3,0.0,24.5,52,1007.6
2018-04-15,25.8,0.0,28.5,59,1009.0
2018-04-16,27.4,0.0,17.7,35,1009.4
2018-04-17,30.2,0.0,32.1,36,1009.8
2018-04-18,26.2,0.0,28.8,60,1012.3
2018-04-19,25.3,0.0,31.6,61,1010.5
2018-04-20,24.6,0.0,24.5,67,1009.8
2018-04-21,25.3,0.0,23.2,62,1009.3
2018-04-22,30.0,0.0,23.1,32,1008.5
2018-04-23,30.9,0.0,32.1,36,1008.7
2018-04-24,29.8,0.0,26.2,52,1009.7
2018-04-25,27.8,0.0,26.9,66,1009.1
2018-04-26,28.8,0.0,27.6,52,1007.7
2018-04-27,28.9,0.0,23.5,54,1007.9
2018-04-28,31.6,0.0,23.5,39,1007.2
2018-04-29,31.3,0.0,33.0,42,1006.6
2018-04-30,29.1,0.0,26.9,57,1007.3
2018-05-01,30.0,0.0,22.5,54,1008.4
2018-05-02,29.3,0.0,22.1,59,1008.2
2018-05-03,29.9,0.0,24.5,56,1007.3
2018-05-04,30.1,0.0,28.1,53,1007.8
2018-05-05,29.3,0.0,32.4,57,1007.5
2018-05-06,30.0,0.0,31.0,54,1007.0
2018-05-07,29.8,0.0,21.6,63,1004.8
2018-05-08,29.9,0.0,21.4,61,1003.4
2018-05-09,34.1,0.0,27.3,38,1003.2
2018-05-10,33.0,0.2,44.0,41,1005.7
2018-05-11,29.8,0.0,24.3,50,1006.9
2018-05-12,33.9,0.0,23.5,21,1003.7
2018-05-13,34.5,0.0,49.9,38,1002.5
2018-05-14,30.9,0.0,18.2,45,1005.7
2018-05-15,30.9,0.0,27.2,50,1005.8
2018-05-16,29.9,0.3,25.6,51,1006.8
2018-05-17,30.9,0.0,28.6,44,1007.4
2018-05-18,29.2,0.0,27.3,55,1007.7
2018-05-19,28.4,0.0,23.2,65,1007.6
2018-05-20,29.0,0.0,30.6,66,1007.7
2018-05-21,29.6,0.0,24.0,61,1007.9
2018-05-22,31.2,0.0,21.4,49,1008.2
2018-05-23,32.2,0.0,24.5,40,1007.0
2018-05-24,31.4,0.0,31.7,43,1004.4
2018-05-25,32.0,0.0,26.4,46,1004.6
2018-05-26,32.3,0.3,22.0,54,1005.3
2018-05-27,32.2,0.0,26.7,55,1005.2
2018-05-28,32.6,0.0,28.2,55,1004.2
2018-05-29,31.7,0.0,24.5,55,1003.3
2018-05-30,31.4,0.0,25.0,53,1003.3
2018-05-31,31.8,0.0,21.7,50,1003.1
2018-06-01,32.3,0.0,19.6,47,1002.2
2018-06-02,32.9,0.0,14.0,43,1001.6
2018-06-03,33.8,0.0,22.2,38,1000.6
2018-06-04,33.2,0.0,24.4,46,999.7
2018-06-05,34.1,0.0,26.6,48,1000.8
2018-06-06,34.9,0.0,26.8,47,1002.7
2018-06-07,34.8,0.0,31.0,50,1000.6
2018-06-08,32.9,0.0,18.0,66,996.5
2018-06-09,33.8,0.0,27.9,59,993.0
2018-06-10,33.4,0.0,25.5,56,993.6
2018-06-11,34.7,0.0,35.4,48,995.2
2018-06-12,34.0,0.0,33.3,51,995.2
2018-06-13,33.6,0.0,28.7,51,995.4
2018-06-14,32.7,0.0,21.7,58,997.2
2018-06-15,33.9,0.0,23.7,52,998.1
2018-06-16,33.8,0.0,38.0,51,999.0
2018-06-17,32.9,0.0,37.9,55,998.3
2018-06-18,32.3,0.0,22.1,48,997.9
2018-06-19,33.2,0.0,24.1,52,998.9
2018-06-20,32.8,0.0,17.6,67,999.5
2018-06-21,33.3,0.0,30.0,65,999.7
2018-06-22,32.8,0.0,32.5,63,998.9
2018-06-23,32.1,0.0,25.3,62,999.0
2018-06-24,31.9,0.0,22.5,65,999.6
2018-06-25,32.1,0.0,21.6,59,998.8
2018-06-26,32.4,0.0,22.4,52,997.3
2018-06-27,33.2,0.0,18.6,39,995.4
2018-06-28,33.9,0.0,22.6,39,994.7
2018-06-29,36.8,0.0,29.2,38,995.1
2018-06-30,36.5,0.0,23.5,34,997.1
2018-07-01,34.5,0.0,26.5,50,998.5
2018-07-02,32.6,0.0,20.8,61,996.6
2018-07-03,32.4,0.0,15.6,69,994.3
2018-07-04,34.4,0.0,24.3,59,992.8
2018-07-05,37.6,0.0,23.8,42,993.9
2018-07-06,38.7,0.0,24.0,36,996.4
2018-07-07,36.6,0.0,21.7,38,997.6
2018-07-08,35.6,0.0,26.7,47,997.2
2018-07-09,34.6,0.0,17.9,54,994.7
2018-07-10,36.6,0.0,27.1,52,993.9
2018-07-11,35.6,0.0,25.1,56,994.3
2018-07-12,34.9,0.0,23.8,57,993.0
2018-07-13,33.9,0.0,19.2,66,992.4
2018-07-14,33.7,0.0,20.6,73,993.1
2018-07-15,33.5,0.1,22.0,71,993.0
2018-07-16,35.0,0.0,24.4,60,992.6
2018-07-17,34.7,0.0,29.5,60,994.0
2018-07-18,34.5,0.0,24.8,56,996.0
2018-07-19,33.8,0.0,27.1,57,997.1
2018-07-20,34.3,0.0,21.7,40,995.6
2018-07-21,35.3,0.0,20.3,39,995.1
2018-07-22,35.1,0.0,26.4,53,994.5
2018-07-23,34.5,0.0,24.2,62,994.2
2018-07-24,34.0,0.0,24.5,64,996.0
2018-07-25,34.3,0.0,24.9,55,997.3
2018-07-26,34.6,0.0,30.2,53,996.9
2018-07-27,35.1,0.0,22.1,45,994.8
2018-07-28,36.0,0.0,26.2,41,994.2
2018-07-29,36.3,0.0,24.2,49,995.2
2018-07-30,35.1,0.0,30.2,62,996.2
2018-07-31,33.4,0.0,20.0,68,996.5
2018-08-01,32.4,0.0,19.5,77,996.6
2018-08-02,33.4,0.0,22.0,70,997.2
2018-08-03,33.5,0.0,17.4,60,999.8
2018-08-04,33.4,0.0,17.8,58,1000.2
2018-08-05,33.7,0.0,20.9,52,999.1
2018-08-06,34.4,0.0,22.6,56,996.8
2018-08-07,34.4,0.0,18.0,67,994.2
2018-08-08,34.6,0.0,22.6,64,993.6
2018-08-09,37.2,0.0,36.7,41,997.0
2018-08-10,35.8,0.0,25.9,49,999.4
2018-08-11,35.5,0.0,29.1,55,998.6
2018-08-12,33.5,0.0,18.0,70,995.8
2018-08-13,33.7,0.0,20.3,72,992.9
2018-08-14,34.5,0.0,23.8,75,994.4
2018-08-15,34.5,0.0,22.8,77,996.4
2018-08-16,34.2,0.0,19.4,71,997.8
2018-08-17,33.7,0.0,22.8,71,996.8
2018-08-18,33.5,0.0,18.7,71,995.9
2018-08-19,34.2,0.0,22.4,68,996.3
2018-08-20,33.6,0.0,20.5,72,997.6
2018-08-21,33.6,0.0,24.2,74,997.7
2018-08-22,34.5,0.0,22.5,66,997.9
2018-08-23,34.4,0.0,19.1,65,997.9
2018-08-24,34.2,0.0,23.7,68,998.0
2018-08-25,34.5,0.0,26.2,60,997.4
2018-08-26,33.9,0.0,20.7,67,996.2
2018-08-27,36.0,0.0,24.6,46,997.7
2018-08-28,35.7,0.0,26.5,38,999.0
2018-08-29,34.3,0.0,25.4,45,1001.1
2018-08-30,33.7,0.0,25.2,50,1001.5
2018-08-31,33.3,0.0,21.4,58,1000.4
2018-09-01,32.8,0.0,22.1,65,1000.7
2018-09-02,34.8,0.0,24.4,50,1000.3
2018-09-03,35.8,0.0,24.5,32,1000.1
2018-09-04,36.3,0.0,34.0,35,1001.4
2018-09-05,36.9,0.0,24.3,29,1001.1
2018-09-06,36.7,0.0,30.2,28,1000.9
2018-09-07,35.4,0.0,18.6,42,1001.6
2018-09-08,32.7,0.0,21.4,72,1002.1
2018-09-09,32.3,0.0,20.7,73,1002.3
2018-09-10,34.5,0.0,24.8,41,1005.1
2018-09-11,32.9,0.0,23.5,49,1007.2
2018-09-12,32.6,0.0,26.0,61,1005.6
2018-09-13,31.6,0.0,19.1,76,1002.9
2018-09-14,32.2,0.0,23.4,64,1002.2
2018-09-15,35.1,0.0,23.1,41,1003.6
2018-09-16,34.9,0.0,23.1,39,1003.3
2018-09-17,34.8,0.0,27.3,42,1002.9
2018-09-18,33.9,0.0,23.6,50,1004.8
2018-09-19,33.2,0.0,27.3,47,1005.7
2018-09-20,32.2,0.0,21.7,53,1004.8
2018-09-21,32.4,0.0,26.6,60,1005.5
2018-09-22,31.8,0.0,21.0,70,1006.4
2018-09-23,32.9,0.0,20.9,63,1007.3
2018-09-24,32.3,0.0,31.1,57,1007.2
2018-09-25,32.4,0.0,33.0,60,1006.0
2018-09-26,31.5,0.0,19.4,66,1005.9
2018-09-27,33.2,0.0,32.8,50,1006.4
2018-09-28,32.9,0.0,26.0,55,1008.0
2018-09-29,32.0,0.0,28.4,49,1009.6
2018-09-30,31.1,0.0,27.8,59,1010.8
2018-10-01,30.2,0.0,22.1,73,1009.9
2018-10-02,30.2,0.0,19.3,70,1010.4
2018-10-03,30.3,0.0,21.1,68,1009.9
2018-10-04,29.4,0.0,19.5,79,1009.3
2018-10-05,29.0,0.0,19.9,78,1009.1
2018-10-06,29.9,0.0,22.2,78,1009.5
2018-10-07,31.4,0.0,20.9,59,1009.8
2018-10-08,31.2,0.0,20.7,65,1009.7
2018-10-09,30.3,0.0,22.6,71,1008.8
2018-10-10,31.6,0.0,24.2,47,1008.8
2018-10-11,31.8,0.0,22.1,29,1009.8
2018-10-12,30.1,0.0,24.8,36,1010.7
2018-10-13,29.3,0.0,20.8,42,1012.3
2018-10-14,29.3,0.0,24.6,53,1013.3
2018-10-15,29.6,0.0,25.8,64,1013.2
2018-10-16,29.4,0.0,16.6,69,1012.7
2018-10-17,29.2,0.0,20.5,69,1011.8
2018-10-18,29.2,0.0,23.8,62,1011.2
2018-10-19,29.2,0.0,15.0,63,1012.7
2018-10-20,29.7,0.6,13.8,65,1013.6
2018-10-21,30.0,0.0,18.4,56,1014.4
2018-10-22,30.2,0.0,21.9,55,1014.7
2018-10-23,30.4,0.0,29.2,62,1013.3
2018-10-24,31.2,0.0,31.5,57,1011.7
2018-10-25,29.7,0.0,20.0,55,1012.4
2018-10-26,28.2,0.0,22.1,61,1013.9
2018-10-27,29.3,0.0,24.7,65,1013.7
2018-10-28,29.8,0.0,29.3,60,1014.6
2018-10-29,27.8,5.9,15.6,73,1014.6
2018-10-30,26.5,5.1,23.8,74,1014.4
2018-10-31,26.2,0.0,17.0,55,1014.8
2018-11-01,27.1,0.0,34.6,52,1014.9
2018-11-02,27.9,0.0,30.5,38,1015.4
2018-11-03,27.1,0.0,29.2,28,1015.9
2018-11-04,25.8,0.0,26.6,34,1015.1
2018-11-05,25.3,0.0,20.3,42,1013.8
2018-11-06,25.9,0.0,18.9,51,1014.2
2018-11-07,25.6,0.0,22.2,61,1015.4
2018-11-08,26.0,0.0,15.1,67,1014.1
2018-11-09,25.9,0.0,19.2,71,1012.7
2018-11-10,26.7,0.0,29.2,65,1013.7
2018-11-11,27.0,0.0,21.3,63,1014.9
2018-11-12,27.0,0.0,25.7,67,1014.6
2018-11-13,27.9,0.0,25.9,58,1012.7
2018-11-14,26.8,0.0,20.1,56,1012.2
2018-11-15,27.5,0.0,23.9,49,1013.9
2018-11-16,26.7,0.0,18.5,52,1016.2
2018-11-17,26.7,0.0,21.4,69,1015.3
2018-11-18,26.6,0.0,26.9,64,1014.2
2018-11-19,25.4,0.0,16.9,63,1014.9
2018-11-20,25.0,0.0,25.1,66,1016.0
2018-11-21,24.9,2.1,30.6,63,1016.4
2018-11-22,23.6,0.0,16.2,64,1016.8
2018-11-23,24.4,0.0,22.0,64,1017.5
2018-11-24,25.6,0.0,23.4,60,1018.3
2018-11-25,26.3,4.0,27.7,62,1015.5
2018-11-26,23.9,2.8,28.1,71,1016.4
2018-11-27,23.6,0.0,26.8,57,1017.4
2018-11-28,22.8,0.0,13.4,64,1017.5
2018-11-29,21.9,0.0,22.5,71,1018.7
2018-11-30,24.1,0.0,23.4,57,1019.2
2018-12-01,23.2,0.0,21.1,62,1016.6
2018-12-02,23.6,0.0,16.9,68,1013.9
2018-12-03,23.3,0.0,15.9,76,1014.3
2018-12-04,22.0,0.0,20.7,78,1016.0
2018-12-05,21.7,0.0,15.9,69,1015.2
2018-12-06,22.7,0.0,14.6,74,1012.9
2018-12-07,24.1,0.0,21.9,65,1012.9
2018-12-08,24.3,0.0,23.0,59,1015.6
2018-12-09,24.9,0.0,31.4,55,1015.4
2018-12-10,25.3,0.0,26.9,57,1014.5
2018-12-11,24.6,0.0,32.7,60,1015.8
2018-12-12,22.5,0.0,14.2,70,1018.0
2018-12-13,20.5,0.0,15.8,71,1019.6
2018-12-14,21.5,0.0,20.5,71,1020.2
2018-12-15,22.7,0.0,22.1,67,1020.2
2018-12-16,22.3,0.0,24.2,58,1021.5
2018-12-17,21.2,0.0,24.6,57,1020.5
2018-12-18,21.0,0.0,16.2,56,1020.1
2018-12-19,22.1,0.0,15.3,68,1019.2
2018-12-20,21.1,0.0,15.9,73,1018.0
2018-12-21,21.9,0.0,17.1,68,1016.2
2018-12-22,21.9,1.2,31.1,63,1015.1
2018-12-23,21.4,0.0,26.4,55,1017.5
2018-12-24,20.8,0.0,16.6,54,1018.5
2018-12-25,19.8,0.0,23.0,59,1019.0
2018-12-26,19.1,0.0,19.6,65,1019.6
2018-12-27,18.6,0.0,16.3,64,1018.3
2018-12-28,19.1,0.0,16.2,63,1016.7
2018-12-29,20.1,0.0,16.1,65,1017.7
2018-12-30,20.7,0.0,15.3,81,1018.4
2018-12-31,20.6,0.0,11.9,81,1020.0
2019-01-01,20.9,0.0,14.2,74,1021.0
2019-01-02,20.5,0.0,13.2,69,1020.4
2019-01-03,21.2,0.0,15.0,58,1019.7
2019-01-04,21.5,0.0,24.8,64,1019.2
2019-01-05,20.6,0.0,15.1,70,1019.2
2019-01-06,19.5,0.0,14.3,75,1017.5
2019-01-07,20.5,0.0,18.5,67,1017.4
2019-01-08,20.8,0.0,13.7,67,1017.6
2019-01-09,21.0,0.0,20.1,63,1017.0
2019-01-10,21.1,0.0,29.8,66,1017.4
2019-01-11,20.8,0.0,32.8,62,1017.5
2019-01-12,20.2,0.0,17.5,63,1017.5
2019-01-13,19.8,0.0,21.2,69,1017.8
2019-01-14,21.1,0.0,16.3,62,1018.5
2019-01-15,21.6,0.0,18.2,73,1018.4
2019-01-16,21.2,0.0,16.8,73,1016.1
2019-01-17,22.4,0.0,22.7,65,1014.2
2019-01-18,20.4,0.0,29.4,56,1016.2
2019-01-19,19.2,0.6,34.2,59,1017.4
2019-01-20,19.0,0.0,34.7,52,1018.6
2019-01-21,19.3,0.0,16.6,58,1018.0
2019-01-22,19.0,0.0,20.4,65,1016.5
2019-01-23,18.9,0.0,17.1,71,1017.5
2019-01-24,19.0,0.0,17.1,77,1019.4
2019-01-25,19.3,0.0,13.7,71,1018.8
2019-01-26,20.5,0.0,21.7,51,1019.6
2019-01-27,20.8,0.0,15.7,48,1019.9
2019-01-28,23.1,0.0,19.0,42,1019.1
2019-01-29,22.8,0.0,33.2,62,1019.0
2019-01-30,20.8,0.0,26.0,72,1018.1
2019-01-31,20.2,0.0,23.0,71,1017.1
2019-02-01,20.1,0.0,17.1,79,1016.9
2019-02-02,21.4,0.0,18.0,65,1015.6
2019-02-03,21.9,10.2,32.0,72,1015.5
2019-02-04,19.8,0.8,28.4,66,1018.7
2019-02-05,18.0,0.0,18.7,68,1020.8
2019-02-06,16.4,0.0,27.1,66,1021.8
2019-02-07,16.6,0.0,10.5,61,1021.1
2019-02-08,17.5,0.0,17.1,63,1020.0
2019-02-09,18.5,0.0,18.2,64,1018.5
2019-02-10,20.5,0.1,26.2,64,1017.0
2019-02-11,22.0,0.0,27.7,63,1013.4
2019-02-12,20.0,4.5,38.6,59,1015.1
2019-02-13,20.2,0.0,27.2,56,1019.8
2019-02-14,18.9,0.0,19.1,61,1018.8
2019-02-15,21.0,0.0,21.8,56,1017.0
2019-02-16,23.2,0.6,30.4,57,1015.2
2019-02-17,21.2,6.2,26.5,65,1013.8
2019-02-18,20.0,0.0,27.7,54,1012.3
2019-02-19,20.1,0.3,30.4,59,1010.9
2019-02-20,19.3,0.0,38.8,55,1016.4
2019-02-21,18.8,0.0,19.9,59,1020.1
2019-02-22,19.2,0.0,14.2,64,1018.3
2019-02-23,21.0,0.1,17.6,74,1016.6
2019-02-24,21.2,0.0,13.5,68,1015.0
2019-02-25,21.2,0.0,36.7,62,1014.3
2019-02-26,20.3,0.0,30.2,66,1013.6
2019-02-27,20.2,0.0,20.0,68,1011.8
2019-02-28,22.9,1.5,32.1,58,1008.1
2019-03-01,23.6,0.0,47.0,59,1003.6
2019-03-02,18.8,0.0,41.7,49,1011.4
2019-03-03,19.1,0.0,31.4,55,1013.8
2019-03-04,19.5,0.0,28.1,52,1015.2
2019-03-05,19.6,0.0,25.2,61,1014.0
2019-03-06,19.2,0.0,26.2,72,1012.6
2019-03-07,20.5,0.0,29.5,67,1012.5
2019-03-08,19.8,0.0,21.3,59,1015.7
2019-03-09,19.3,0.0,36.5,62,1016.5
2019-03-10,19.6,0.0,30.1,59,1016.6
2019-03-11,18.8,0.0,20.9,65,1016.4
2019-03-12,20.0,0.0,33.6,61,1017.0
2019-03-13,19.3,0.0,18.1,73,1018.0
2019-03-14,22.3,0.0,27.1,53,1015.6
2019-03-15,22.9,1.4,32.3,52,1015.9
2019-03-16,22.7,0.0,26.1,64,1014.1
2019-03-17,24.8,3.8,29.8,63,1011.1
2019-03-18,20.7,0.0,33.3,54,1015.7
2019-03-19,20.2,0.0,35.0,57,1014.6
2019-03-20,19.7,0.0,24.2,69,1012.8
2019-03-21,20.6,0.0,19.5,73,1013.0
2019-03-22,24.2,0.3,34.6,53,1013.7
2019-03-23,24.0,0.8,41.7,57,1012.1
2019-03-24,24.5,0.0,40.2,66,1009.6
2019-03-25,26.7,0.1,36.3,57,1010.1
2019-03-26,28.2,0.0,33.0,48,1011.2
2019-03-27,23.5,6.1,36.0,72,1016.1
2019-03-28,23.2,1.3,25.9,76,1015.7
2019-03-29,22.1,0.0,17.8,70,1015.1
2019-03-30,23.4,0.0,23.9,46,1013.3
2019-03-31,28.1,0.0,26.9,31,1011.0
2019-04-01,31.2,0.0,33.8,25,1009.5
2019-04-02,26.5,0.0,25.4,57,1010.4
2019-04-03,27.8,0.6,16.7,46,1011.0
2019-04-04,29.5,0.0,23.4,28,1010.9
2019-04-05,27.9,0.0,18.2,39,1011.7
2019-04-06,29.3,0.0,25.2,36,1011.0
2019-04-07,29.4,0.0,20.2,29,1008.1
2019-04-08,26.3,0.0,28.0,56,1007.5
2019-04-09,26.8,0.0,26.5,58,1008.5
2019-04-10,26.4,0.1,22.6,53,1011.0
2019-04-11,26.2,0.0,15.5,55,1010.9
2019-04-12,26.3,0.0,16.3,59,1009.2
2019-04-13,24.8,7.2,27.3,65,1008.5
2019-04-14,22.9,6.3,45.2,71,1009.1
2019-04-15,23.4,0.0,26.7,68,1011.6
2019-04-16,22.9,0.0,19.1,64,1011.4
2019-04-17,24.4,0.0,16.0,42,1011.0
2019-04-18,26.3,0.0,18.7,33,1010.8
2019-04-19,28.1,0.0,26.4,32,1009.2
2019-04-20,29.7,0.0,24.4,30,1006.9
2019-04-21,30.7,0.0,26.5,31,1005.2
2019-04-22,31.4,0.0,33.0,38,1006.7
2019-04-23,25.4,0.0,28.2,63,1011.2
2019-04-24,24.3,0.0,36.1,53,1013.1
2019-04-25,24.0,0.0,32.1,56,1013.6
2019-04-26,23.9,0.0,24.3,61,1012.9
2019-04-27,24.7,0.0,26.9,60,1012.8
2019-04-28,26.0,0.0,27.3,56,1012.0
2019-04-29,26.3,0.0,29.2,58,1011.2
2019-04-30,26.9,0.0,25.2,55,1009.6
2019-05-01,26.0,0.0,23.1,65,1007.3
2019-05-02,26.1,0.0,20.0,64,1007.2
2019-05-03,27.0,0.0,21.7,66,1006.8
2019-05-04,27.6,0.0,26.6,63,1009.2
2019-05-05,29.7,0.0,20.3,52,1010.3
2019-05-06,28.7,0.0,24.1,55,1008.1
2019-05-07,28.1,0.0,23.1,57,1005.5
2019-05-08,27.7,0.0,21.3,61,1004.9
2019-05-09,28.1,0.0,27.9,68,1005.0
2019-05-10,29.5,0.0,23.2,49,1005.9
2019-05-11,30.0,0.0,23.0,59,1007.5
2019-05-12,29.8,0.0,27.3,54,1007.3
2019-05-13,29.6,0.0,28.1,53,1006.3
2019-05-14,29.3,0.0,27.0,52,1005.5
2019-05-15,28.8,0.0,22.0,50,1004.7
2019-05-16,29.4,0.0,22.1,51,1005.5
2019-05-17,31.1,0.0,29.2,46,1005.6
2019-05-18,31.3,0.0,24.5,47,1006.3
2019-05-19,32.8,0.0,26.3,39,1006.8
2019-05-20,31.7,0.0,23.6,50,1007.2
2019-05-21,29.2,0.0,24.9,71,1009.1
2019-05-22,29.5,0.0,29.7,60,1008.2
2019-05-23,29.6,0.0,31.2,61,1006.7
2019-05-24,29.1,0.0,20.7,57,1007.7
2019-05-25,29.6,0.0,21.9,56,1007.1
2019-05-26,31.5,0.0,27.1,49,1005.3
2019-05-27,33.3,0.0,23.8,42,1004.6
2019-05-28,32.6,0.0,22.5,48,1004.4
2019-05-29,32.0,0.0,26.0,47,1003.9
2019-05-30,31.9,0.0,23.7,43,1003.4
2019-05-31,31.7,0.0,22.4,52,1002.8
2019-06-01,31.9,0.0,24.9,52,1003.6
2019-06-02,31.0,0.0,18.8,56,1003.5
2019-06-03,31.1,0.0,22.6,48,1002.2
2019-06-04,35.1,0.0,27.4,31,1001.7
2019-06-05,33.8,0.0,22.6,45,1003.5
2019-06-06,33.0,0.0,27.2,48,1004.2
2019-06-07,32.8,0.0,26.1,48,1004.4
2019-06-08,32.5,0.0,19.3,52,1004.0
2019-06-09,31.9,0.0,19.1,64,1001.4
2019-06-10,32.2,0.0,20.7,66,999.2
2019-06-11,34.1,0.0,22.9,56,998.2
2019-06-12,36.5,0.0,26.8,38,997.5
2019-06-13,34.8,0.0,23.2,40,997.5
2019-06-14,33.3,0.0,27.5,66,997.5
2019-06-15,32.8,0.0,21.5,67,998.0
2019-06-16,33.3,0.0,19.6,66,998.2
2019-06-17,33.0,0.0,21.7,66,998.1
2019-06-18,33.2,0.0,18.9,67,996.6
2019-06-19,33.8,0.0,24.1,63,994.9
2019-06-20,35.0,0.0,23.2,58,996.3
2019-06-21,34.3,0.0,22.7,66,998.5
2019-06-22,34.6,0.0,26.2,67,999.8
2019-06-23,35.4,0.0,20.8,58,999.9
2019-06-24,35.0,0.0,24.0,49,999.8
2019-06-25,35.3,0.0,23.7,46,999.6
2019-06-26,35.1,0.0,25.7,59,999.8
2019-06-27,34.7,0.0,29.3,58,997.9
2019-06-28,35.1,0.0,22.7,43,996.6
2019-06-29,35.0,0.0,22.5,40,996.0
2019-06-30,34.4,0.0,25.9,49,995.8
2019-07-01,34.2,0.0,25.5,59,996.0
2019-07-02,33.9,0.0,21.0,61,996.3
2019-07-03,34.1,0.0,23.6,58,997.4
2019-07-04,34.7,0.0,25.1,61,996.5
2019-07-05,34.2,0.0,22.8,68,993.9
2019-07-06,33.8,0.0,21.7,68,992.5
2019-07-07,33.8,0.0,23.8,62,993.4
2019-07-08,33.5,0.0,20.5,66,994.7
2019-07-09,34.7,0.0,22.5,58,993.0
2019-07-10,34.7,0.0,30.7,53,993.2
2019-07-11,34.0,0.0,19.2,49,995.4
2019-07-12,33.5,0.0,21.6,62,995.7
2019-07-13,33.8,0.0,21.0,67,996.4
2019-07-14,34.3,0.0,28.5,62,996.8
2019-07-15,34.1,0.0,27.6,61,995.4
2019-07-16,34.0,0.0,27.9,59,995.0
2019-07-17,33.8,0.0,19.0,64,996.2
2019-07-18,33.7,0.0,24.4,72,996.4
2019-07-19,35.1,0.0,28.2,65,996.4
2019-07-20,36.4,0.0,29.9,54,997.4
2019-07-21,35.6,0.0,23.9,55,997.6
2019-07-22,35.7,0.0,20.6,58,996.1
2019-07-23,36.2,0.0,27.2,50,995.8
2019-07-24,35.6,0.0,26.1,52,997.0
2019-07-25,35.0,0.0,28.5,53,997.9
2019-07-26,35.3,0.0,30.2,54,995.9
2019-07-27,35.8,0.0,34.3,43,995.0
2019-07-28,37.4,0.0,31.0,40,996.3
2019-07-29,37.0,0.0,26.1,44,997.2
2019-07-30,36.6,0.0,28.1,46,996.9
2019-07-31,36.5,0.0,27.9,50,996.9
2019-08-01,35.3,0.0,28.0,62,995.9
2019-08-02,34.5,0.0,20.6,60,994.3
2019-08-03,34.5,0.0,12.9,47,993.9
2019-08-04,34.0,0.0,24.5,64,994.9
2019-08-05,34.6,0.0,25.5,62,994.4
2019-08-06,34.6,0.0,28.5,61,994.3
2019-08-07,34.2,0.0,22.7,63,993.8
2019-08-08,34.8,0.0,21.6,67,992.1
2019-08-09,38.5,0.0,28.8,39,992.2
2019-08-10,36.6,0.0,20.7,54,993.5
2019-08-11,33.8,0.0,21.8,73,993.9
2019-08-12,34.3,0.0,22.3,67,995.2
2019-08-13,35.6,0.0,22.7,59,997.2
2019-08-14,36.4,0.0,24.2,58,998.5
2019-08-15,37.1,0.0,25.4,43,999.2
2019-08-16,36.1,0.0,26.9,46,998.4
2019-08-17,35.3,0.0,23.7,54,997.3
2019-08-18,35.9,0.0,25.0,44,999.5
2019-08-19,35.7,0.0,22.7,45,1001.9
2019-08-20,34.8,0.0,22.7,51,1003.2
2019-08-21,33.9,0.0,23.7,58,1002.5
2019-08-22,33.9,0.0,21.0,60,1000.9
2019-08-23,36.2,0.0,24.7,41,1001.5
2019-08-24,35.5,0.0,21.5,43,1002.6
2019-08-25,34.2,0.0,21.8,52,1001.5
2019-08-26,33.3,0.0,25.6,66,1001.4
2019-08-27,33.8,0.0,25.2,62,1000.9
2019-08-28,34.5,0.0,29.2,51,1001.0
2019-08-29,34.4,0.0,24.9,50,1001.6
2019-08-30,33.2,0.0,21.8,59,1000.2
2019-08-31,33.1,0.0,17.6,62,998.1
2019-09-01,34.4,0.0,19.9,58,998.2
2019-09-02,34.7,0.0,26.9,47,998.8
2019-09-03,34.6,0.0,20.4,48,998.8
2019-09-04,33.7,0.0,22.3,63,998.2
2019-09-05,33.2,0.0,22.0,72,998.3
2019-09-06,33.5,0.0,22.4,69,998.1
2019-09-07,33.7,0.0,19.2,71,997.8
2019-09-08,33.8,0.0,19.7,70,998.8
2019-09-09,33.5,0.0,19.0,62,999.6
2019-09-10,33.4,0.0,24.1,68,999.7
2019-09-11,33.3,0.0,22.9,72,1001.8
2019-09-12,32.9,0.0,20.4,73,1002.6
2019-09-13,32.4,0.0,18.7,77,1003.4
2019-09-14,32.3,0.0,19.5,73,1003.9
2019-09-15,32.8,0.0,23.6,68,1005.0
2019-09-16,33.9,0.0,25.2,58,1005.2
2019-09-17,33.3,0.0,26.2,67,1004.2
2019-09-18,32.8,0.0,24.7,76,1004.8
2019-09-19,33.5,0.0,21.8,55,1005.7
2019-09-20,32.5,0.0,29.4,57,1005.3
2019-09-21,31.9,0.0,21.4,72,1003.6
2019-09-22,31.8,0.0,19.7,69,1004.5
2019-09-23,31.6,0.0,19.5,70,1005.4
2019-09-24,33.9,0.0,27.6,52,1005.3
2019-09-25,32.4,0.0,24.3,56,1007.2
2019-09-26,32.8,0.0,24.4,58,1008.6
2019-09-27,33.1,0.0,24.1,64,1008.7
2019-09-28,32.2,0.0,20.2,74,1006.6
2019-09-29,32.0,0.0,22.6,74,1006.2
2019-09-30,32.0,0.0,22.4,72,1006.5
2019-10-01,31.3,0.0,21.9,74,1006.8
2019-10-02,31.3,0.0,21.4,60,1007.7
2019-10-03,31.8,0.0,21.5,54,1006.8
2019-10-04,33.5,0.0,26.5,56,1006.1
2019-10-05,31.9,0.0,27.2,58,1005.9
2019-10-06,31.6,0.0,29.6,57,1006.9
2019-10-07,31.3,1.1,21.5,61,1010.9
2019-10-08,30.8,0.0,21.4,62,1012.9
2019-10-09,30.6,0.0,16.9,75,1011.3
2019-10-10,31.0,0.0,19.9,79,1010.2
2019-10-11,30.4,0.0,20.4,76,1009.5
2019-10-12,31.0,0.0,27.5,61,1008.8
2019-10-13,31.0,0.0,21.5,53,1011.4
2019-10-14,29.8,0.0,20.9,58,1013.5
2019-10-15,29.3,0.0,22.4,63,1013.2
2019-10-16,29.2,0.0,20.0,65,1013.0
2019-10-17,29.4,0.0,20.0,72,1013.0
2019-10-18,28.9,0.0,24.4,77,1011.8
2019-10-19,29.0,0.0,22.5,74,1012.6
2019-10-20,28.6,0.0,18.4,74,1012.9
2019-10-21,28.2,0.0,21.6,71,1011.6
2019-10-22,28.8,0.0,21.4,75,1010.5
2019-10-23,29.1,0.0,24.2,76,1010.2
2019-10-24,28.7,0.0,22.0,79,1010.8
2019-10-25,29.1,0.0,18.9,66,1010.7
2019-10-26,28.8,0.0,21.4,64,1010.3
2019-10-27,28.2,0.0,25.3,52,1009.5
2019-10-28,28.4,0.0,17.0,49,1009.5
2019-10-29,30.0,0.0,26.5,46,1010.0
2019-10-30,29.5,0.0,25.2,51,1009.6
2019-10-31,29.3,0.0,22.9,60,1009.4
2019-11-01,29.2,0.0,24.3,63,1010.0
2019-11-02,28.4,0.0,23.8,54,1011.6
2019-11-03,26.6,0.0,18.3,59,1013.6
2019-11-04,27.0,0.0,23.3,67,1014.2
2019-11-05,27.0,0.0,16.1,71,1012.5
2019-11-06,27.5,0.0,20.1,70,1011.3
2019-11-07,27.5,0.0,24.2,52,1012.1
2019-11-08,26.8,0.0,23.3,53,1013.3
2019-11-09,26.6,0.0,24.2,63,1013.6
2019-11-10,24.6,2.3,31.3,67,1015.1
2019-11-11,24.2,0.0,26.0,50,1014.7
2019-11-12,23.4,0.0,20.6,41,1015.0
2019-11-13,23.2,0.0,25.0,37,1015.8
2019-11-14,22.7,0.0,18.8,42,1016.4
2019-11-15,23.4,0.0,22.7,44,1015.2
2019-11-16,24.1,0.0,19.5,52,1015.0
2019-11-17,25.2,0.0,28.7,48,1016.7
2019-11-18,25.4,0.0,20.1,55,1016.5
2019-11-19,25.6,0.3,26.3,60,1013.9
2019-11-20,22.8,10.3,27.2,80,1012.4
2019-11-21,21.9,0.9,28.9,61,1014.7
2019-11-22,19.7,0.0,21.0,66,1018.4
2019-11-23,20.1,0.0,21.1,64,1018.5
2019-11-24,21.0,0.0,24.4,65,1017.4
2019-11-25,21.2,0.0,20.7,66,1016.6
2019-11-26,21.7,0.0,21.7,62,1016.9
2019-11-27,21.6,0.0,21.0,61,1017.2
2019-11-28,22.5,0.0,26.4,61,1017.2
2019-11-29,21.8,0.0,15.5,66,1017.7
2019-11-30,22.7,0.0,12.7,67,1017.3
2019-12-01,22.6,0.0,18.9,63,1016.7
2019-12-02,22.0,0.0,14.4,61,1015.6
2019-12-03,22.4,0.0,18.4,63,1015.0
2019-12-04,22.1,0.0,15.3,72,1016.9
2019-12-05,22.0,0.0,19.1,71,1018.7
2019-12-06,22.8,0.0,29.0,65,1018.0
2019-12-07,23.6,0.7,24.3,56,1016.6
2019-12-08,22.8,0.0,17.3,71,1015.9
2019-12-09,22.9,0.0,20.2,78,1016.2
2019-12-10,22.8,3.5,23.0,78,1014.9
2019-12-11,22.4,7.6,25.0,79,1012.8
2019-12-12,21.8,0.0,25.8,70,1012.6
2019-12-13,20.4,0.0,15.7,78,1014.4
2019-12-14,21.1,0.0,10.7,78,1016.9
2019-12-15,21.5,0.2,18.6,80,1016.9
2019-12-16,22.8,0.2,25.0,79,1015.7
2019-12-17,23.6,0.0,23.5,73,1017.0
2019-12-18,22.5,0.5,22.8,73,1018.8
2019-12-19,22.1,0.5,23.2,62,1019.3
2019-12-20,20.1,0.0,35.0,61,1019.3
2019-12-21,19.0,0.0,28.7,51,1019.7
2019-12-22,19.5,0.0,23.4,46,1019.0
2019-12-23,18.8,0.0,16.1,53,1017.7
2019-12-24,18.7,0.0,19.0,61,1018.6
2019-12-25,18.9,0.0,23.2,62,1018.7
2019-12-26,18.9,0.0,13.4,62,1017.4
2019-12-27,19.9,0.0,16.5,65,1016.1
2019-12-28,19.8,0.0,12.3,70,1016.2
2019-12-29,20.5,0.0,17.6,75,1017.2
2019-12-30,21.0,0.0,15.9,77,1017.4
2019-12-31,21.1,0.0,22.8,69,1015.4
2020-01-01,21.1,0.0,21.1,67,1014.5
2020-01-02,21.2,0.0,17.3,76,1017.7
2020-01-03,21.1,0.0,11.2,68,1018.1
2020-01-04,22.3,0.0,21.0,48,1014.9
2020-01-05,22.6,4.5,30.9,65,1012.7
2020-01-06,20.8,5.2,27.9,58,1016.3
2020-01-07,18.8,0.0,18.0,64,1018.2
2020-01-08,20.0,0.0,20.5,55,1016.8
2020-01-09,20.4,9.6,20.4,61,1014.8
2020-01-10,19.5,50.1,27.3,79,1011.0
2020-01-11,19.0,46.6,38.8,72,1010.5
2020-01-12,17.0,5.6,44.3,64,1016.6
2020-01-13,18.3,0.0,26.2,60,1017.7
2020-01-14,17.9,2.3,30.2,64,1016.6
2020-01-15,15.7,1.5,24.7,71,1021.2
2020-01-16,15.7,0.0,13.5,66,1022.8
2020-01-17,16.0,0.0,18.0,69,1020.8
2020-01-18,16.8,0.0,14.4,73,1018.2
2020-01-19,17.8,0.0,14.0,69,1017.4
2020-01-20,18.8,0.0,22.8,74,1016.4
2020-01-21,18.1,0.0,18.1,70,1016.4
2020-01-22,18.4,0.0,19.4,74,1016.8
2020-01-23,20.7,0.4,27.7,72,1016.4
2020-01-24,18.4,1.3,21.1,73,1018.4
2020-01-25,18.0,0.0,18.4,71,1018.5
2020-01-26,17.9,0.9,41.7,59,1018.0
2020-01-27,18.2,0.0,25.9,62,1019.3
2020-01-28,17.1,0.0,14.0,69,1019.4
2020-01-29,16.8,0.0,19.9,70,1019.0
2020-01-30,17.0,0.0,21.0,75,1018.9
2020-01-31,16.8,0.0,15.9,76,1017.9
2020-02-01,17.1,0.0,19.5,72,1017.5
2020-02-02,18.4,0.0,21.7,66,1018.8
2020-02-03,19.0,0.0,38.1,54,1019.5
2020-02-04,17.8,0.0,19.4,64,1018.0
2020-02-05,17.3,0.0,15.4,73,1018.8
2020-02-06,18.5,0.0,16.2,83,1019.0
2020-02-07,18.6,0.0,15.7,83,1018.5
2020-02-08,20.1,0.0,20.0,68,1017.7
2020-02-09,22.6,0.0,28.5,56,1016.5
2020-02-10,22.1,0.3,28.9,66,1014.3
2020-02-11,20.7,0.0,31.3,55,1016.6
2020-02-12,17.3,0.0,40.1,57,1022.3
2020-02-13,17.8,0.0,23.4,61,1023.2
2020-02-14,17.0,0.0,17.3,71,1020.3
2020-02-15,17.9,0.0,15.9,80,1018.7
2020-02-16,19.6,0.0,26.6,65,1017.7
2020-02-17,22.0,0.0,23.9,40,1017.0
2020-02-18,20.7,0.0,16.2,51,1016.9
2020-02-19,21.1,0.0,17.3,51,1013.8
2020-02-20,22.1,0.0,22.8,45,1011.6
2020-02-21,21.2,0.0,19.8,74,1014.5
2020-02-22,22.9,0.0,19.9,78,1017.8
2020-02-23,23.2,0.0,18.7,72,1017.2
2020-02-24,23.0,0.0,22.4,63,1015.2
2020-02-25,24.5,0.0,21.3,58,1012.6
2020-02-26,23.5,0.0,36.3,61,1013.5
2020-02-27,21.0,0.0,34.0,60,1015.6
2020-02-28,20.2,0.0,16.3,73,1014.1
2020-02-29,20.7,0.0,23.9,81,1012.3
2020-03-01,20.1,0.0,19.4,81,1012.5
2020-03-02,21.5,0.0,19.5,70,1013.6
2020-03-03,20.8,0.0,31.7,67,1014.5
2020-03-04,20.5,0.0,34.7,61,1013.5
2020-03-05,20.2,0.0,22.2,71,1014.2
2020-03-06,20.4,0.0,26.0,74,1014.2
2020-03-07,21.4,0.0,25.3,61,1013.8
2020-03-08,22.0,0.0,23.9,59,1012.3
2020-03-09,21.4,0.2,22.4,70,1012.5
2020-03-10,21.0,0.0,31.5,53,1015.6
2020-03-11,19.9,0.0,22.0,61,1016.7
2020-03-12,19.6,0.0,19.3,73,1016.6
2020-03-13,21.1,0.0,21.8,57,1016.3
2020-03-14,24.6,0.0,20.4,31,1014.4
2020-03-15,24.9,0.0,23.8,35,1012.6
2020-03-16,24.0,0.0,24.5,53,1014.3
2020-03-17,23.9,0.0,20.1,63,1014.6
2020-03-18,25.5,0.0,24.1,51,1012.8
2020-03-19,25.5,0.0,36.0,57,1010.7
2020-03-20,26.0,0.0,19.6,58,1009.6
2020-03-21,24.7,4.5,31.0,66,1008.7
2020-03-22,24.5,12.0,40.7,70,1008.3
2020-03-23,21.0,0.0,35.0,51,1012.5
2020-03-24,21.2,0.0,33.8,54,1012.2
2020-03-25,20.9,0.0,19.1,65,1012.0
2020-03-26,22.1,0.3,24.5,69,1012.3
2020-03-27,24.6,0.0,27.9,47,1013.8
2020-03-28,27.0,0.0,28.4,47,1011.4
2020-03-29,28.5,1.4,34.5,38,1007.5
2020-03-30,23.9,0.5,49.3,68,1009.4
2020-03-31,22.5,0.0,27.5,66,1013.1
2020-04-01,22.9,0.0,20.7,73,1012.8
2020-04-02,23.3,0.0,19.1,73,1011.4
2020-04-03,26.4,0.0,24.2,48,1011.1
2020-04-04,28.0,0.0,26.5,38,1012.2
2020-04-05,26.2,0.0,25.4,58,1013.1
2020-04-06,24.3,0.0,24.5,64,1012.8
2020-04-07,23.8,0.0,21.6,69,1011.2
2020-04-08,26.6,0.0,16.4,46,1010.2
2020-04-09,29.8,0.0,23.8,32,1009.3
2020-04-10,32.0,0.0,33.9,27,1008.3
2020-04-11,32.1,0.0,34.7,29,1009.4
2020-04-12,30.0,0.0,29.7,38,1009.8
2020-04-13,28.2,1.5,31.0,50,1010.6
2020-04-14,26.0,0.6,22.7,64,1011.5
2020-04-15,24.4,3.1,28.2,73,1011.9
2020-04-16,23.6,1.9,25.3,80,1010.3
2020-04-17,23.1,0.0,17.5,82,1010.8
2020-04-18,23.5,0.0,24.5,72,1010.9
2020-04-19,28.5,0.0,26.5,46,1009.2
2020-04-20,28.8,0.2,29.1,48,1010.0
2020-04-21,27.1,0.0,33.5,57,1010.9
2020-04-22,26.2,0.0,26.8,65,1010.7
2020-04-23,26.7,0.0,19.0,55,1010.0
2020-04-24,27.5,0.0,17.4,51,1008.4
2020-04-25,28.8,0.0,18.9,34,1007.1
2020-04-26,32.5,0.0,21.4,26,1005.8
2020-04-27,32.3,0.0,27.6,37,1006.3
2020-04-28,29.1,0.0,17.5,55,1009.1
2020-04-29,31.6,0.0,32.6,35,1008.0
2020-04-30,34.6,0.0,32.8,27,1006.2
2020-05-01,33.2,0.0,25.7,33,1006.6
2020-05-02,30.6,0.0,20.4,53,1006.9
2020-05-03,30.9,0.0,26.3,46,1007.8
2020-05-04,28.4,0.0,19.0,64,1010.1
2020-05-05,27.1,0.0,16.6,68,1009.7
2020-05-06,27.3,0.0,16.8,55,1007.7
2020-05-07,29.1,0.0,24.7,47,1007.1
2020-05-08,28.8,0.0,24.8,57,1007.0
2020-05-09,27.8,0.0,19.6,68,1006.8
2020-05-10,29.3,0.0,18.1,60,1006.6
2020-05-11,30.6,0.0,27.5,56,1006.1
2020-05-12,29.4,0.0,39.1,52,1005.7
2020-05-13,28.3,0.0,36.8,55,1004.8
2020-05-14,28.2,0.0,23.6,61,1005.4
2020-05-15,29.6,0.0,26.3,60,1005.7
2020-05-16,30.8,0.0,23.3,52,1006.4
2020-05-17,30.9,0.0,25.1,55,1006.9
2020-05-18,30.6,0.0,25.0,44,1006.2
2020-05-19,31.5,0.0,29.8,45,1004.5
2020-05-20,30.9,0.0,18.8,44,1004.0
2020-05-21,30.2,0.0,19.5,42,1004.8
2020-05-22,30.9,0.0,23.5,56,1005.3
2020-05-23,30.8,0.0,28.0,57,1005.1
2020-05-24,32.9,0.1,21.1,50,1005.6
2020-05-25,33.5,0.0,25.7,44,1007.3
2020-05-26,32.1,0.0,23.1,55,1007.8
2020-05-27,30.7,0.0,23.2,69,1006.7
2020-05-28,31.6,0.0,23.7,58,1003.8
2020-05-29,33.3,0.0,27.3,46,1002.3
2020-05-30,33.9,0.0,30.9,50,1003.0
2020-05-31,33.8,0.0,27.6,52,1003.8
2020-06-01,33.9,0.0,32.3,49,1004.1
2020-06-02,33.7,0.0,30.0,49,1002.8
2020-06-03,32.8,0.0,23.1,53,1001.3
2020-06-04,32.7,0.0,24.3,59,1000.6
2020-06-05,32.7,0.0,18.8,65,999.8
2020-06-06,32.3,0.0,20.9,73,998.8
2020-06-07,32.8,0.0,27.4,69,998.3
2020-06-08,32.6,0.0,23.7,67,999.2
2020-06-09,32.6,0.0,25.4,75,1000.8
2020-06-10,34.3,0.0,22.3,66,1001.2
2020-06-11,34.1,0.0,22.5,62,999.7
2020-06-12,33.0,0.0,19.3,54,998.5
2020-06-13,33.0,0.0,17.1,64,997.6
2020-06-14,33.1,0.0,22.9,70,999.7
2020-06-15,33.1,0.0,20.6,68,998.8
2020-06-16,33.5,0.0,20.9,63,996.0
2020-06-17,33.4,0.0,25.4,64,994.7
2020-06-18,33.6,0.0,27.5,64,995.8
2020-06-19,33.7,0.0,22.4,66,997.4
2020-06-20,32.9,0.0,23.0,72,998.4
2020-06-21,32.2,0.0,22.2,71,998.4
2020-06-22,33.4,0.0,30.2,55,997.6
2020-06-23,32.4,0.0,21.4,60,999.1
2020-06-24,33.9,0.0,26.7,65,999.6
2020-06-25,35.1,0.0,25.8,60,998.8
2020-06-26,34.4,0.0,21.2,67,998.0
2020-06-27,35.0,0.0,27.4,61,998.3
2020-06-28,33.9,0.0,24.7,67,997.9
2020-06-29,32.8,0.0,25.9,66,996.8
2020-06-30,33.5,0.0,22.4,57,996.7
2020-07-01,36.3,0.0,30.0,52,996.9
2020-07-02,37.1,0.0,22.6,41,997.3
2020-07-03,34.9,0.0,23.7,59,997.3
2020-07-04,34.5,0.0,22.3,61,994.9
2020-07-05,34.1,0.0,22.0,59,992.9
2020-07-06,33.4,0.0,20.7,55,993.7
2020-07-07,32.9,0.0,20.6,69,995.5
2020-07-08,36.7,0.0,28.1,44,996.4
2020-07-09,35.3,0.0,22.0,54,996.5
2020-07-10,35.5,0.0,22.2,48,996.1
2020-07-11,35.9,0.0,25.2,41,995.2
2020-07-12,36.6,0.0,25.5,41,994.2
2020-07-13,37.5,0.0,24.2,44,994.2
2020-07-14,36.5,0.0,25.0,51,996.6
2020-07-15,35.9,0.0,25.1,52,996.0
2020-07-16,38.0,0.0,27.9,42,994.3
2020-07-17,37.3,0.0,23.4,44,995.2
2020-07-18,36.8,0.0,23.5,47,996.1
2020-07-19,38.8,0.0,24.9,38,997.6
2020-07-20,35.7,0.0,25.4,57,996.6
2020-07-21,36.6,0.0,26.6,44,995.1
2020-07-22,35.5,0.0,30.9,49,998.3
2020-07-23,33.1,0.0,25.5,62,999.9
2020-07-24,33.6,0.0,23.2,62,1000.4
2020-07-25,34.3,0.0,25.7,58,1001.6
2020-07-26,34.8,0.0,24.6,58,1001.9
2020-07-27,35.1,0.0,23.8,53,1001.0
2020-07-28,35.9,0.0,29.8,49,1000.7
2020-07-29,35.4,0.0,24.2,56,998.9
2020-07-30,34.0,0.0,19.5,64,997.3
2020-07-31,36.2,0.0,24.2,50,996.3
2020-08-01,37.4,0.0,28.1,45,996.6
2020-08-02,36.5,0.0,23.8,48,997.0
2020-08-03,34.5,0.0,24.2,61,994.9
2020-08-04,33.8,0.0,20.1,73,992.8
2020-08-05,33.5,0.0,20.9,74,993.1
2020-08-06,34.3,0.0,22.6,71,993.5
2020-08-07,34.9,0.0,25.6,67,993.5
2020-08-08,34.9,0.0,25.3,62,994.0
2020-08-09,34.6,0.0,18.1,55,995.1
2020-08-10,35.2,0.0,23.5,65,995.6
2020-08-11,36.0,0.0,26.5,62,996.7
2020-08-12,34.5,0.0,21.6,72,997.4
2020-08-13,34.3,0.0,18.7,69,995.6
2020-08-14,34.2,0.0,18.8,66,993.1
2020-08-15,35.0,0.0,25.4,71,993.1
2020-08-16,34.9,0.0,20.8,70,995.0
2020-08-17,33.9,0.0,20.7,74,995.0
2020-08-18,34.2,0.0,21.9,72,995.1
2020-08-19,36.3,0.0,24.5,64,995.7
2020-08-20,34.9,0.0,21.7,71,996.0
2020-08-21,35.1,0.0,20.0,61,996.6
2020-08-22,36.2,0.0,30.6,52,996.7
2020-08-23,35.8,0.0,33.9,53,996.8
2020-08-24,35.6,0.0,23.3,55,997.1
2020-08-25,34.3,0.0,29.2,65,998.4
2020-08-26,35.5,0.0,24.2,56,998.9
2020-08-27,36.9,0.0,25.4,44,998.6
2020-08-28,36.1,0.0,24.0,50,998.5
2020-08-29,35.6,0.0,20.6,50,999.5
2020-08-30,35.6,0.0,27.7,59,1000.0
2020-08-31,37.3,0.0,29.0,19,1001.5
2020-09-01,34.0,0.0,23.6,38,1004.0
2020-09-02,33.3,0.0,26.0,46,1006.4
2020-09-03,33.3,0.0,25.2,51,1006.4
2020-09-04,33.4,0.0,24.5,54,1004.9
2020-09-05,34.0,0.0,22.2,48,1003.8
2020-09-06,32.7,0.0,22.7,52,1004.3
2020-09-07,32.8,0.0,25.9,59,1005.1
2020-09-08,32.2,0.0,25.0,69,1005.0
2020-09-09,31.6,0.0,16.6,73,1003.6
2020-09-10,32.0,0.0,19.4,71,1002.2
2020-09-11,32.0,0.0,24.6,70,1002.0
2020-09-12,34.2,0.0,20.5,55,1003.7
2020-09-13,34.2,0.0,27.5,39,1004.3
2020-09-14,34.1,0.0,26.1,24,1003.9
2020-09-15,33.6,0.0,24.7,31,1003.6
2020-09-16,32.2,0.0,28.4,46,1004.7
2020-09-17,32.3,0.0,27.1,58,1006.0
2020-09-18,32.5,0.0,26.4,60,1005.2
2020-09-19,31.4,0.0,26.9,65,1003.2
2020-09-20,30.9,0.0,23.2,71,1002.7
2020-09-21,30.4,0.0,25.4,75,1002.6
2020-09-22,31.2,0.0,27.2,67,1003.2
2020-09-23,32.2,0.0,32.0,61,1003.1
2020-09-24,32.1,0.0,24.3,50,1004.3
2020-09-25,31.6,0.0,26.6,50,1004.6
2020-09-26,30.2,0.0,21.5,73,1004.2
2020-09-27,30.4,0.0,19.6,71,1005.2
2020-09-28,30.6,0.0,18.8,70,1005.7
2020-09-29,30.9,0.0,20.4,65,1005.5
2020-09-30,32.1,0.0,24.2,43,1005.8
2020-10-01,31.3,0.0,24.2,36,1008.0
2020-10-02,30.6,0.0,18.7,56,1008.9
2020-10-03,30.1,0.0,21.4,71,1008.6
2020-10-04,30.9,0.0,23.3,68,1008.9
2020-10-05,31.1,0.0,20.5,67,1008.2
2020-10-06,30.6,0.0,24.4,65,1007.7
2020-10-07,31.2,0.0,26.0,59,1008.9
2020-10-08,31.0,0.0,23.2,66,1009.3
2020-10-09,30.7,0.0,24.3,71,1009.3
2020-10-10,30.8,0.0,26.7,58,1009.8
2020-10-11,30.9,0.0,27.3,54,1009.8
2020-10-12,30.7,0.0,23.8,53,1008.9
2020-10-13,30.1,0.0,28.7,33,1008.7
2020-10-14,28.5,0.0,29.5,30,1009.6
2020-10-15,28.0,0.0,29.3,33,1010.0
2020-10-16,27.5,0.0,26.4,33,1009.4
2020-10-17,27.7,0.0,27.0,27,1010.0
2020-10-18,27.3,0.0,25.4,25,1010.3
2020-10-19,26.7,0.0,23.9,34,1010.3
2020-10-20,26.6,0.0,23.1,50,1010.0
2020-10-21,27.7,0.0,22.8,39,1011.4
2020-10-22,26.9,0.0,19.4,63,1010.6
2020-10-23,26.1,0.0,24.5,68,1010.4
2020-10-24,27.2,0.0,25.2,35,1012.0
2020-10-25,27.2,0.0,23.9,43,1012.9
2020-10-26,26.5,0.0,23.8,46,1013.5
2020-10-27,25.8,0.0,17.1,44,1013.4
2020-10-28,26.0,0.0,24.2,61,1013.9
2020-10-29,25.9,0.0,23.1,61,1014.4
2020-10-30,26.2,0.0,21.9,55,1014.6
2020-10-31,26.1,0.0,20.9,70,1015.1
2020-11-01,25.6,0.0,16.9,75,1016.2
2020-11-02,26.2,0.0,17.1,70,1016.9
2020-11-03,26.7,0.0,21.6,68,1015.9
2020-11-04,26.5,0.0,19.6,69,1013.6
2020-11-05,25.7,0.0,17.1,71,1012.8
2020-11-06,25.4,0.0,22.9,53,1015.1
2020-11-07,26.6,0.0,18.6,58,1016.4
2020-11-08,26.8,0.3,20.3,65,1017.2
2020-11-09,26.8,0.0,18.6,70,1016.7
2020-11-10,26.2,0.0,21.1,76,1014.2
2020-11-11,26.6,0.0,18.6,75,1014.6
2020-11-12,27.4,0.0,20.5,58,1015.9
2020-11-13,27.9,0.0,23.2,57,1015.0
2020-11-14,25.9,3.2,21.0,65,1013.5
2020-11-15,25.6,0.0,24.2,57,1014.4
2020-11-16,24.9,0.0,22.1,65,1015.7
2020-11-17,24.8,0.0,20.4,65,1015.6
2020-11-18,26.3,0.0,22.4,64,1014.4
2020-11-19,25.1,0.0,22.4,59,1015.4
2020-11-20,25.3,0.0,27.4,59,1016.3
2020-11-21,25.0,0.0,19.1,58,1016.3
2020-11-22,25.0,0.0,21.3,56,1015.3
2020-11-23,25.3,0.7,33.5,56,1014.2
2020-11-24,23.9,0.0,29.8,54,1013.4
2020-11-25,23.1,0.0,22.8,56,1016.1
2020-11-26,24.2,0.0,23.8,52,1018.0
2020-11-27,24.5,0.0,26.6,51,1020.1
2020-11-28,23.5,0.0,22.6,59,1019.2
2020-11-29,23.0,0.0,16.6,62,1016.9
2020-11-30,22.6,0.0,16.4,70,1016.4
2020-12-01,22.7,0.0,17.2,72,1016.8
2020-12-02,22.9,0.0,16.9,71,1017.1
2020-12-03,23.6,0.0,16.5,78,1016.3
2020-12-04,23.9,0.0,16.6,84,1014.0
2020-12-05,24.1,0.0,13.6,81,1012.5
2020-12-06,23.6,0.0,20.3,79,1012.6
2020-12-07,24.2,0.1,25.9,61,1016.1
2020-12-08,23.1,0.0,24.3,54,1017.5
2020-12-09,22.2,0.1,18.8,60,1015.9
2020-12-10,22.1,0.2,16.1,58,1016.2
2020-12-11,21.7,0.0,16.6,54,1017.7
2020-12-12,22.4,0.0,14.4,54,1017.4
2020-12-13,21.2,0.0,16.4,56,1017.4
2020-12-14,20.7,0.0,21.1,58,1018.1
2020-12-15,21.5,0.0,20.0,57,1019.4
2020-12-16,21.7,0.0,20.1,58,1019.8
2020-12-17,21.1,0.0,21.3,65,1019.5
2020-12-18,20.6,0.0,14.3,65,1018.3
2020-12-19,22.0,0.0,16.3,66,1018.8
2020-12-20,22.8,0.0,20.2,58,1019.7
2020-12-21,21.6,0.0,19.3,62,1019.0
2020-12-22,21.6,0.0,15.8,58,1018.0
2020-12-23,20.2,0.0,20.5,59,1016.4
2020-12-24,19.6,0.0,14.0,59,1014.8
2020-12-25,20.8,0.0,30.2,59,1016.6
2020-12-26,20.4,0.0,23.9,54,1019.1
2020-12-27,20.4,0.0,28.6,42,1021.3
2020-12-28,19.6,0.0,25.6,55,1019.8
2020-12-29,19.6,0.0,18.9,49,1018.8
2020-12-30,19.7,0.0,22.3,56,1018.0
2020-12-31,20.6,0.0,25.4,62,1017.5
2021-01-01,20.3,0.0,22.8,65,1017.9
2021-01-02,19.9,0.0,19.8,64,1018.6
2021-01-03,18.7,0.0,17.3,66,1017.2
2021-01-04,17.5,0.0,23.0,54,1017.5
2021-01-05,17.5,0.0,20.6,46,1019.0
2021-01-06,18.1,0.0,18.6,52,1019.4
2021-01-07,18.4,0.0,26.9,43,1019.8
2021-01-08,17.6,0.0,27.4,35,1020.2
2021-01-09,16.3,0.0,21.3,40,1019.8
2021-01-10,17.0,0.0,25.2,41,1019.0
2021-01-11,17.1,0.0,17.6,55,1019.5
2021-01-12,17.4,0.0,18.4,57,1019.7
2021-01-13,18.5,0.0,14.8,63,1018.1
2021-01-14,19.5,0.0,19.1,72,1016.1
2021-01-15,18.8,0.0,18.3,78,1015.3
2021-01-16,17.8,0.0,14.1,79,1013.9
2021-01-17,18.7,0.0,16.2,74,1013.3
2021-01-18,20.2,0.0,15.5,67,1015.4
2021-01-19,20.8,0.0,19.3,78,1016.5
2021-01-20,19.7,0.0,16.7,77,1016.8
2021-01-21,19.6,0.0,34.6,74,1017.3
2021-01-22,19.0,0.0,27.4,63,1018.3
2021-01-23,19.0,0.0,23.8,52,1019.9
2021-01-24,18.9,0.0,23.7,57,1019.5
2021-01-25,19.6,0.0,13.6,77,1019.3
2021-01-26,19.4,0.0,22.0,81,1018.1
2021-01-27,19.7,0.0,15.9,77,1017.6
2021-01-28,19.2,0.0,18.4,61,1018.3
2021-01-29,19.7,0.0,18.1,54,1017.4
2021-01-30,21.1,0.0,20.3,59,1016.5
2021-01-31,19.8,0.0,22.2,69,1017.4
2021-02-01,19.4,0.0,24.5,70,1019.1
2021-02-02,18.8,0.0,16.1,75,1018.9
2021-02-03,18.9,0.0,18.2,79,1017.4
2021-02-04,18.4,0.0,20.2,80,1017.2
2021-02-05,21.1,0.0,20.7,54,1017.0
2021-02-06,21.5,0.0,21.9,54,1015.8
2021-02-07,21.5,0.0,23.8,57,1016.9
2021-02-08,21.0,0.0,23.6,75,1019.4
2021-02-09,21.1,0.0,16.1,82,1019.0
2021-02-10,20.8,0.0,16.8,84,1015.9
2021-02-11,20.4,0.0,22.2,87,1013.8
2021-02-12,19.4,0.0,14.3,85,1013.6
2021-02-13,19.4,0.0,20.6,84,1014.8
2021-02-14,20.0,0.0,18.2,84,1015.2
2021-02-15,19.6,0.0,18.4,81,1013.9
2021-02-16,19.5,0.0,16.3,83,1012.8
2021-02-17,22.5,0.0,19.6,58,1013.2
2021-02-18,24.1,0.0,26.6,45,1014.7
2021-02-19,22.3,0.0,19.2,72,1017.4
2021-02-20,22.1,0.0,33.1,79,1017.5
2021-02-21,22.7,0.0,28.4,72,1017.5
2021-02-22,23.2,0.0,19.5,69,1017.5
2021-02-23,23.2,0.0,20.9,69,1015.8
2021-02-24,23.0,0.0,21.4,71,1012.9
2021-02-25,23.9,0.0,29.8,63,1012.1
2021-02-26,21.4,0.0,28.1,67,1013.8
2021-02-27,20.7,0.0,20.8,62,1015.0
2021-02-28,20.6,0.0,20.5,61,1014.8
2021-03-01,20.4,0.0,18.4,63,1015.0
2021-03-02,24.5,0.0,23.4,54,1015.5
2021-03-03,25.0,0.0,19.1,58,1014.4
2021-03-04,24.0,0.0,14.1,65,1013.8
2021-03-05,26.5,0.0,38.7,50,1013.5
2021-03-06,22.7,0.0,30.6,70,1014.8
2021-03-07,21.4,0.0,28.6,64,1013.8
2021-03-08,20.5,0.0,19.5,72,1013.6
2021-03-09,21.9,0.0,16.3,59,1014.0
2021-03-10,23.3,0.0,19.9,50,1013.3
2021-03-11,23.8,0.0,22.7,60,1011.7
2021-03-12,28.5,0.0,29.4,22,1008.8
2021-03-13,25.0,0.0,32.8,53,1011.5
2021-03-14,21.5,0.0,18.0,70,1013.6
2021-03-15,21.1,0.0,19.3,74,1013.5
2021-03-16,22.3,0.0,12.8,64,1012.9
2021-03-17,25.1,0.0,22.1,42,1011.1
2021-03-18,26.4,0.0,15.7,33,1009.8
2021-03-19,27.1,0.0,21.9,42,1009.4
2021-03-20,25.0,0.0,25.9,65,1009.6
2021-03-21,24.7,0.0,39.7,53,1008.7
2021-03-22,24.7,0.0,29.3,58,1010.7
2021-03-23,23.6,0.0,25.2,62,1011.1
2021-03-24,25.3,0.0,27.0,56,1011.1
2021-03-25,28.8,0.0,23.0,45,1011.5
2021-03-26,28.0,0.0,24.5,37,1012.2
2021-03-27,27.7,0.0,20.5,39,1011.3
2021-03-28,24.9,0.0,26.4,63,1011.0
2021-03-29,24.9,0.0,26.9,67,1011.2
2021-03-30,24.4,0.0,18.7,72,1010.4
2021-03-31,24.2,0.0,18.8,71,1011.2
2021-04-01,24.3,0.0,17.7,71,1010.9
2021-04-02,25.7,0.0,20.5,56,1009.3
2021-04-03,27.3,0.0,27.0,51,1008.0
2021-04-04,25.5,0.0,24.3,65,1010.9
2021-04-05,25.4,0.0,34.2,56,1011.7
2021-04-06,24.8,0.0,23.6,63,1012.1
2021-04-07,23.4,0.0,22.1,76,1012.7
2021-04-08,23.4,0.0,21.9,76,1010.0
2021-04-09,24.7,0.0,22.8,72,1008.1
2021-04-10,29.5,0.0,25.2,42,1008.9
2021-04-11,30.2,0.0,24.4,43,1010.3
2021-04-12,30.3,0.0,24.7,33,1010.8
2021-04-13,29.5,0.0,30.7,40,1010.2
2021-04-14,30.1,0.0,29.1,41,1009.1
2021-04-15,28.5,0.0,22.7,53,1009.2
2021-04-16,26.7,0.0,28.2,60,1010.2
2021-04-17,25.8,0.0,24.9,58,1011.9
2021-04-18,25.9,0.0,18.7,56,1012.6
2021-04-19,25.7,0.0,19.1,59,1010.3
2021-04-20,25.9,0.0,21.6,65,1009.4
2021-04-21,27.9,0.0,20.8,52,1010.3
2021-04-22,29.0,0.0,21.7,44,1010.4
2021-04-23,28.7,0.0,22.0,46,1009.2
2021-04-24,28.1,0.0,23.2,45,1008.6
2021-04-25,29.2,0.0,24.1,30,1009.1
2021-04-26,30.6,0.0,26.1,29,1008.2
2021-04-27,31.5,0.0,21.5,32,1007.8
2021-04-28,32.9,0.0,25.3,27,1008.5
2021-04-29,30.7,0.0,28.2,44,1008.7
2021-04-30,29.1,1.8,20.4,57,1008.1
2021-05-01,28.8,0.0,18.8,58,1006.8
2021-05-02,28.0,0.0,21.1,64,1005.7
2021-05-03,28.9,0.0,31.6,52,1005.4
2021-05-04,31.7,0.0,29.0,45,1004.2
2021-05-05,29.3,0.0,31.1,67,1006.6
2021-05-06,28.6,0.0,30.0,74,1007.9
2021-05-07,28.6,0.0,28.6,72,1008.4
2021-05-08,30.0,0.0,37.7,59,1007.3
2021-05-09,29.6,0.0,30.1,54,1006.6
2021-05-10,28.5,0.0,25.3,56,1005.7
2021-05-11,28.5,0.0,18.1,63,1005.9
2021-05-12,29.4,0.0,23.3,63,1003.9
2021-05-13,29.3,0.0,24.3,62,1002.8
2021-05-14,29.4,0.0,21.5,68,1001.3
2021-05-15,29.9,0.0,22.2,64,1001.2
2021-05-16,30.7,0.0,20.6,55,1002.8
2021-05-17,30.1,0.0,24.5,63,1003.6
2021-05-18,32.9,0.0,23.3,49,1003.2
2021-05-19,32.1,0.0,23.2,48,1003.4
2021-05-20,31.5,0.0,25.6,57,1003.5
2021-05-21,31.1,0.0,19.5,65,1003.4
2021-05-22,32.8,0.0,22.2,54,1002.1
2021-05-23,32.8,0.0,28.0,44,1002.0
2021-05-24,33.7,0.0,29.9,40,1004.4
2021-05-25,34.6,0.0,29.4,33,1003.7
2021-05-26,34.0,0.0,33.4,38,1002.9
2021-05-27,32.0,0.0,30.4,57,1002.9
2021-05-28,31.2,0.0,19.4,69,1002.5
2021-05-29,30.6,0.0,19.8,73,1003.0
2021-05-30,32.3,0.0,23.4,56,1003.3
2021-05-31,33.5,0.0,22.2,49,1001.3
2021-06-01,33.0,0.0,29.1,58,999.9
2021-06-02,31.9,0.0,20.4,71,1000.9
2021-06-03,32.5,0.0,17.9,69,1001.6
2021-06-04,32.5,0.0,20.9,67,1001.4
2021-06-05,32.3,0.0,18.6,70,999.6
2021-06-06,37.2,0.0,25.3,49,999.0
2021-06-07,36.0,0.0,30.0,53,1000.1
2021-06-08,33.1,0.0,21.7,66,1000.2
2021-06-09,31.8,0.0,17.1,69,998.7
2021-06-10,32.5,0.0,27.0,65,997.1
2021-06-11,32.7,0.0,20.5,62,997.0
2021-06-12,32.3,0.0,20.6,71,998.2
2021-06-13,32.5,0.0,24.0,71,998.6
2021-06-14,32.4,0.0,24.0,66,997.5
2021-06-15,33.2,0.0,25.9,55,996.6
2021-06-16,32.9,0.0,20.1,53,996.8
2021-06-17,32.7,0.0,26.8,67,997.1
2021-06-18,32.6,0.0,21.1,68,997.7
2021-06-19,32.8,0.0,24.8,76,998.8
2021-06-20,35.1,0.0,26.8,44,999.2
2021-06-21,35.2,0.0,27.7,48,1000.3
2021-06-22,35.7,0.0,28.6,43,1000.6
2021-06-23,36.2,0.0,27.5,42,1000.9
2021-06-24,35.0,0.0,26.6,50,1000.6
2021-06-25,33.6,0.0,29.4,49,999.6
2021-06-26,35.0,0.0,28.0,32,999.0
2021-06-27,35.8,0.0,32.0,35,1001.9
2021-06-28,34.5,0.0,25.3,44,1003.5
2021-06-29,35.2,0.0,23.1,40,1002.5
2021-06-30,34.2,0.0,28.0,48,1002.3
2021-07-01,33.8,0.0,21.3,48,999.5
2021-07-02,33.4,0.0,16.5,59,997.0
2021-07-03,33.7,0.0,22.9,64,996.0
2021-07-04,35.4,0.0,22.5,51,997.4
2021-07-05,37.2,0.0,30.1,49,998.3
2021-07-06,36.0,0.0,23.3,54,999.0
2021-07-07,35.7,0.0,26.8,52,1000.3
2021-07-08,35.6,0.0,27.6,48,1000.0
2021-07-09,35.0,0.0,32.0,53,996.1
2021-07-10,36.3,0.0,30.2,43,995.4
2021-07-11,36.5,0.0,26.1,47,996.2
2021-07-12,34.9,0.0,26.2,61,994.6
2021-07-13,38.2,0.0,27.2,44,994.3
2021-07-14,36.8,0.0,28.9,49,996.1
2021-07-15,37.4,0.0,28.4,43,996.6
2021-07-16,35.3,0.0,31.8,51,997.9
2021-07-17,33.9,0.1,35.0,59,999.1
2021-07-18,33.6,0.2,21.0,60,1000.3
2021-07-19,34.4,0.0,29.6,60,998.4
2021-07-20,35.0,0.0,25.5,60,998.4
2021-07-21,35.7,0.0,23.2,53,998.3
2021-07-22,35.9,0.0,28.4,47,996.0
2021-07-23,37.2,0.0,15.1,38,993.9
2021-07-24,37.3,0.0,25.1,39,996.3
2021-07-25,36.4,0.0,24.2,52,997.4
2021-07-26,34.8,0.0,22.5,58,996.6
2021-07-27,34.4,0.0,21.1,58,993.7
2021-07-28,35.2,0.0,20.3,50,992.3
2021-07-29,35.2,0.0,21.5,50,993.5
2021-07-30,35.6,0.0,25.1,65,995.5
2021-07-31,34.6,0.0,26.5,70,997.7
2021-08-01,33.2,0.0,23.5,71,997.4
2021-08-02,34.1,0.0,22.1,58,996.9
2021-08-03,34.4,0.0,26.3,60,998.9
2021-08-04,33.9,0.0,20.6,66,1000.0
2021-08-05,33.6,0.0,21.4,66,998.2
2021-08-06,33.8,0.0,22.2,67,997.5
2021-08-07,34.7,0.0,24.0,68,998.6
2021-08-08,36.4,0.0,21.3,53,999.8
2021-08-09,37.3,0.0,21.1,40,1000.6
2021-08-10,36.3,0.0,28.1,51,1000.0
2021-08-11,35.5,0.0,25.8,51,999.9
2021-08-12,34.4,0.0,27.8,59,1000.7
2021-08-13,33.7,0.0,18.4,65,999.5
2021-08-14,34.1,0.0,20.9,66,997.2
2021-08-15,34.0,0.0,19.8,74,997.4
2021-08-16,35.3,0.0,24.1,65,999.4
2021-08-17,35.6,0.0,32.4,55,1000.2
2021-08-18,35.7,0.0,28.2,49,999.2
2021-08-19,35.2,0.0,25.5,51,1000.2
2021-08-20,34.4,0.0,22.3,54,1001.8
2021-08-21,34.5,0.0,24.7,54,1003.1
2021-08-22,34.2,0.0,23.6,65,1002.5
2021-08-23,35.3,0.0,24.8,51,1001.9
2021-08-24,35.0,0.0,24.1,55,1002.3
2021-08-25,34.5,0.0,28.3,58,1001.5
2021-08-26,33.6,0.0,22.2,70,998.9
2021-08-27,34.5,0.0,26.6,61,998.2
2021-08-28,35.1,0.0,26.8,46,997.4
2021-08-29,36.3,0.0,23.7,27,998.2
2021-08-30,34.7,0.0,19.5,44,1001.7
2021-08-31,34.0,0.0,24.2,45,1003.3
2021-09-01,34.1,0.0,26.0,47,1003.7
2021-09-02,33.3,0.0,25.2,54,1002.5
2021-09-03,32.9,0.0,25.3,62,1001.0
2021-09-04,32.9,0.0,21.1,55,1001.1
2021-09-05,33.4,0.0,21.3,52,1001.5
2021-09-06,33.0,0.0,22.7,60,1001.9
2021-09-07,31.9,0.0,20.4,78,1001.8
2021-09-08,33.0,0.0,23.8,73,1000.8
2021-09-09,33.6,0.0,24.3,68,1000.9
2021-09-10,32.9,0.0,21.1,76,1001.0
2021-09-11,33.5,0.0,28.3,73,1000.0
2021-09-12,34.3,0.0,22.5,63,1000.2
2021-09-13,33.3,0.0,23.4,72,1000.7
2021-09-14,32.9,0.0,19.1,76,1001.6
2021-09-15,33.2,0.0,23.7,71,1002.2
2021-09-16,33.1,0.0,24.6,57,1001.8
2021-09-17,32.8,0.0,23.7,67,1001.1
2021-09-18,32.6,0.0,21.4,61,1002.9
2021-09-19,33.3,0.0,24.5,52,1004.6
2021-09-20,32.7,0.0,25.6,62,1004.7
2021-09-21,32.5,0.0,24.4,68,1003.8
2021-09-22,32.2,0.0,20.2,64,1002.5
2021-09-23,31.8,0.0,20.6,62,1003.1
2021-09-24,32.3,0.0,24.9,65,1004.8
2021-09-25,33.0,0.0,18.6,65,1004.9
2021-09-26,32.8,0.0,21.3,65,1003.0
2021-09-27,32.3,0.0,19.8,59,1003.5
2021-09-28,32.4,0.0,22.2,67,1003.7
2021-09-29,32.4,0.0,23.0,67,1004.4
2021-09-30,31.9,0.0,24.2,69,1004.1
2021-10-01,31.4,0.0,20.4,76,1003.5
2021-10-02,31.5,0.0,18.8,75,1003.2
2021-10-03,33.2,0.0,30.4,51,1005.4
2021-10-04,32.1,0.0,20.7,63,1006.2
2021-10-05,31.4,0.0,22.2,68,1006.4
2021-10-06,31.3,0.0,22.2,62,1007.0
2021-10-07,31.3,0.0,21.7,59,1007.5
2021-10-08,30.7,0.0,18.9,77,1006.5
2021-10-09,30.9,0.0,19.5,80,1006.8
2021-10-10,31.3,0.0,17.8,71,1007.2
2021-10-11,31.0,0.0,24.8,49,1007.2
2021-10-12,31.6,0.0,26.4,34,1008.1
2021-10-13,30.7,0.0,20.3,46,1009.8
2021-10-14,29.7,0.0,19.4,68,1010.0
2021-10-15,29.4,0.0,17.1,74,1007.7
2021-10-16,29.6,0.0,22.9,72,1006.1
2021-10-17,31.2,0.0,23.2,44,1007.1
2021-10-18,30.3,0.0,23.7,52,1008.2
2021-10-19,30.1,0.0,20.9,68,1008.7
2021-10-20,29.2,0.0,19.9,70,1010.4
2021-10-21,29.5,0.0,22.3,68,1010.9
2021-10-22,30.0,0.0,19.4,60,1011.5
2021-10-23,29.7,0.0,25.2,59,1012.0
2021-10-24,28.7,0.0,23.7,69,1011.3
2021-10-25,28.5,0.0,19.1,70,1011.8
2021-10-26,29.1,0.0,20.0,57,1012.2
2021-10-27,28.0,0.0,20.4,59,1013.2
2021-10-28,28.1,0.0,21.5,62,1014.5
2021-10-29,28.1,0.0,21.2,56,1016.9
2021-10-30,28.0,0.0,18.7,52,1018.8
2021-10-31,28.8,0.0,20.0,66,1017.6
2021-11-01,29.0,0.0,20.5,72,1014.4
2021-11-02,27.4,0.0,17.0,82,1013.0
2021-11-03,27.3,0.0,16.7,80,1013.5
2021-11-04,26.5,0.0,17.0,78,1012.8
2021-11-05,27.3,0.0,20.2,67,1011.9
2021-11-06,27.1,0.2,16.6,65,1011.2
2021-11-07,26.9,0.0,14.2,49,1011.3
2021-11-08,26.1,0.0,29.1,55,1013.5
2021-11-09,25.5,0.0,22.1,61,1015.9
2021-11-10,25.4,0.0,21.9,54,1014.7
2021-11-11,25.7,0.0,22.9,45,1013.9
2021-11-12,25.9,0.0,20.0,49,1015.2
2021-11-13,26.3,0.0,23.6,60,1015.5
2021-11-14,26.8,0.0,16.4,60,1014.5
2021-11-15,25.8,0.0,27.5,45,1012.2
2021-11-16,24.9,0.0,14.4,54,1010.8
2021-11-17,25.7,0.0,22.3,59,1013.0
2021-11-18,26.0,0.0,28.6,54,1013.6
2021-11-19,24.4,0.0,25.2,53,1011.6
2021-11-20,24.0,0.0,21.5,61,1011.9
2021-11-21,25.7,0.0,22.0,56,1014.1
2021-11-22,25.8,0.0,22.3,50,1015.3
2021-11-23,25.6,0.0,16.1,60,1014.1
2021-11-24,26.8,0.0,25.2,69,1013.4
2021-11-25,25.6,0.0,20.0,64,1014.6
2021-11-26,24.1,0.0,17.8,73,1015.6
2021-11-27,25.5,0.0,25.8,73,1014.8
2021-11-28,26.1,0.0,18.9,67,1014.7
2021-11-29,24.1,0.0,20.4,63,1015.0
2021-11-30,23.4,0.0,25.3,67,1015.1
2021-12-01,24.1,0.0,26.0,63,1015.1
2021-12-02,23.1,0.0,18.5,60,1015.5
2021-12-03,24.3,0.0,23.1,58,1016.7
2021-12-04,23.6,0.0,27.4,61,1017.0
2021-12-05,22.4,0.0,16.3,64,1017.2
2021-12-06,22.6,0.0,15.0,65,1017.4
2021-12-07,22.3,0.0,15.5,65,1018.3
2021-12-08,22.3,0.0,24.9,48,1018.8
2021-12-09,21.6,0.0,24.1,51,1019.2
2021-12-10,21.3,0.0,16.4,56,1020.1
2021-12-11,22.8,0.0,13.9,60,1019.2
2021-12-12,23.3,0.0,13.8,62,1018.2
2021-12-13,21.2,0.0,20.9,64,1017.9
2021-12-14,21.8,0.0,16.8,54,1017.6
2021-12-15,21.4,0.0,16.2,57,1018.8
2021-12-16,21.5,0.0,15.7,58,1019.1
2021-12-17,21.8,0.0,16.5,62,1019.3
2021-12-18,21.9,0.0,15.6,58,1019.0
2021-12-19,21.6,0.0,14.8,67,1019.1
2021-12-20,21.4,0.0,13.6,72,1018.5
2021-12-21,22.5,0.0,20.2,66,1017.3
2021-12-22,22.9,0.0,26.3,68,1015.1
2021-12-23,23.3,0.0,27.3,61,1014.1
2021-12-24,23.0,0.0,20.8,69,1013.9
2021-12-25,23.1,0.0,24.2,70,1015.0
2021-12-26,23.7,0.0,25.4,59,1016.9
2021-12-27,22.7,0.9,24.4,66,1017.4
2021-12-28,21.2,0.0,15.3,64,1017.0
2021-12-29,20.7,0.0,19.1,68,1016.6
2021-12-30,21.3,0.0,13.0,69,1016.4
2021-12-31,21.8,0.6,16.6,68,1017.8
2022-01-01,20.6,9.9,21.4,83,1018.2
2022-01-02,22.0,4.2,44.0,76,1012.3
2022-01-03,22.2,5.3,36.9,77,1012.0
2022-01-04,20.6,0.4,30.9,65,1015.1
2022-01-05,20.0,0.4,37.5,64,1015.4
2022-01-06,18.5,0.0,35.6,60,1015.9
2022-01-07,17.2,0.0,16.2,65,1018.7
2022-01-08,17.1,0.0,14.9,64,1018.8
2022-01-09,17.6,0.0,14.5,74,1018.2
2022-01-10,18.0,0.0,19.2,70,1018.3
2022-01-11,18.6,0.0,20.5,64,1019.2
2022-01-12,19.7,0.0,11.6,64,1018.3
2022-01-13,19.6,0.0,14.4,79,1017.1
2022-01-14,19.7,0.0,14.9,76,1015.1
2022-01-15,22.6,0.9,33.9,49,1013.4
2022-01-16,20.5,14.0,41.8,69,1013.1
2022-01-17,21.9,0.1,28.8,75,1015.5
2022-01-18,22.3,0.0,27.4,80,1016.0
2022-01-19,21.5,0.0,16.6,81,1016.9
2022-01-20,21.6,0.0,38.5,62,1016.1
2022-01-21,17.9,0.0,51.6,59,1018.3
2022-01-22,17.9,0.0,13.9,60,1018.5
2022-01-23,17.5,0.0,20.9,67,1017.8
2022-01-24,18.6,0.0,12.1,65,1017.4
2022-01-25,19.1,0.0,15.8,75,1016.9
2022-01-26,17.9,0.0,19.5,79,1016.5
2022-01-27,19.0,0.0,19.8,72,1016.4
2022-01-28,19.5,0.0,21.2,72,1017.6
2022-01-29,19.9,0.0,20.4,71,1018.3
2022-01-30,20.0,0.0,21.9,73,1016.6
2022-01-31,19.9,0.0,16.3,77,1015.1
2022-02-01,19.3,0.0,19.6,85,1015.2
2022-02-02,19.9,0.0,23.4,75,1017.9
2022-02-03,19.7,0.0,23.9,71,1017.2
2022-02-04,19.7,0.0,14.2,71,1012.9
2022-02-05,20.7,0.0,25.8,67,1010.8
2022-02-06,20.5,0.0,33.4,57,1015.1
2022-02-07,19.7,0.0,35.5,56,1016.4
2022-02-08,20.0,0.0,26.9,61,1016.9
2022-02-09,19.0,0.0,17.3,68,1017.6
2022-02-10,19.2,0.0,20.8,70,1017.9
2022-02-11,20.1,0.0,18.4,65,1016.9
2022-02-12,21.0,0.0,24.4,56,1014.4
2022-02-13,19.1,0.1,28.1,61,1012.8
2022-02-14,19.4,0.0,19.9,63,1014.1
2022-02-15,21.2,0.0,21.5,67,1014.5
2022-02-16,20.8,0.0,22.2,70,1012.5
2022-02-17,19.5,0.0,23.2,70,1011.8
2022-02-18,18.9,0.0,21.3,76,1013.7
2022-02-19,20.2,0.0,19.1,66,1015.1
2022-02-20,22.6,0.0,22.8,52,1013.5
2022-02-21,21.0,0.0,34.2,61,1012.9
2022-02-22,20.7,0.0,25.6,66,1014.0
2022-02-23,19.8,0.0,17.5,79,1015.8
2022-02-24,19.6,0.0,18.1,84,1016.8
2022-02-25,19.4,0.0,17.9,81,1015.3
2022-02-26,21.3,0.0,18.2,56,1013.7
2022-02-27,23.5,0.0,28.5,59,1014.7
2022-02-28,22.5,0.0,22.5,77,1016.1
2022-03-01,20.9,0.0,23.6,75,1016.9
2022-03-02,20.0,0.0,19.3,79,1016.9
2022-03-03,19.9,0.0,18.1,83,1016.1
2022-03-04,22.8,0.0,23.5,58,1014.2
2022-03-05,23.7,0.0,20.1,53,1013.7
2022-03-06,22.8,0.0,20.2,71,1012.1
2022-03-07,25.4,0.0,24.2,42,1010.1
2022-03-08,27.8,0.0,34.7,36,1009.9
2022-03-09,26.9,0.0,31.5,47,1011.0
2022-03-10,27.7,0.0,23.2,34,1011.2
2022-03-11,29.1,0.0,26.5,30,1011.3
2022-03-12,27.1,0.0,27.7,32,1011.2
2022-03-13,26.1,0.0,22.3,52,1011.9
2022-03-14,25.3,0.0,22.3,61,1012.4
2022-03-15,26.3,0.0,17.3,57,1010.7
2022-03-16,27.0,0.0,22.8,48,1008.8
2022-03-17,23.2,0.0,33.4,69,1013.0
2022-03-18,21.8,0.0,32.3,65,1014.3
2022-03-19,21.7,0.0,26.8,67,1012.7
2022-03-20,21.8,0.0,20.0,77,1010.3
2022-03-21,21.7,0.0,26.4,78,1010.0
2022-03-22,22.8,0.0,19.1,73,1010.0
2022-03-23,24.6,0.0,16.7,54,1010.5
2022-03-24,26.0,0.0,19.1,44,1009.3
2022-03-25,27.7,0.0,36.4,44,1008.7
2022-03-26,25.3,0.0,23.2,66,1012.4
2022-03-27,23.6,0.0,25.5,70,1015.2
2022-03-28,22.7,0.0,30.3,68,1015.4
2022-03-29,22.4,0.0,25.1,71,1014.2
2022-03-30,22.5,0.0,22.9,77,1012.9
2022-03-31,23.1,0.0,20.3,77,1012.5
2022-04-01,23.5,0.0,22.3,68,1011.9
2022-04-02,24.8,0.0,19.2,71,1010.3
2022-04-03,24.0,0.0,19.6,76,1009.1
2022-04-04,24.1,0.0,20.3,78,1009.5
2022-04-05,25.6,0.0,20.9,69,1011.2
2022-04-06,26.4,0.0,25.0,54,1012.2
2022-04-07,27.5,0.0,18.4,40,1012.3
2022-04-08,28.3,0.0,18.8,41,1010.6
2022-04-09,26.4,0.0,19.0,48,1008.8
2022-04-10,28.3,0.0,19.5,41,1007.5
2022-04-11,26.9,0.0,20.3,61,1006.9
2022-04-12,28.0,0.0,18.3,49,1005.7
2022-04-13,29.6,0.0,19.5,36,1005.5
2022-04-14,30.5,0.0,24.5,38,1005.4
2022-04-15,30.5,0.0,25.2,45,1005.2
2022-04-16,30.0,0.0,25.8,57,1004.8
2022-04-17,29.3,0.0,27.0,55,1005.1
2022-04-18,26.6,0.0,25.2,53,1008.0
2022-04-19,25.3,0.0,19.7,64,1010.3
2022-04-20,24.7,0.0,21.1,73,1009.4
2022-04-21,25.3,0.0,24.1,73,1007.6
2022-04-22,27.3,0.0,28.4,52,1007.6
2022-04-23,27.3,0.0,20.5,60,1007.9
2022-04-24,28.1,0.0,25.5,61,1007.7
2022-04-25,29.3,0.0,29.9,47,1007.4
2022-04-26,29.9,0.0,26.8,47,1007.5
2022-04-27,29.1,0.0,20.6,61,1007.5
2022-04-28,29.9,0.0,17.4,55,1008.4
2022-04-29,31.0,0.0,25.4,49,1008.4
2022-04-30,28.1,0.0,25.0,65,1008.5
2022-05-01,27.8,0.0,26.2,61,1005.9
2022-05-02,29.1,0.0,26.7,49,1004.4
2022-05-03,28.3,0.0,38.1,58,1005.2
2022-05-04,27.6,0.0,27.7,66,1006.4
2022-05-05,28.1,0.0,20.0,62,1006.0
2022-05-06,31.5,0.0,26.6,35,1005.2
2022-05-07,32.1,0.0,27.3,37,1005.8
2022-05-08,31.2,0.0,25.5,45,1005.9
2022-05-09,29.2,0.0,34.2,54,1005.8
2022-05-10,27.9,0.0,30.4,60,1005.3
2022-05-11,28.5,0.0,21.4,59,1004.6
2022-05-12,29.0,0.0,23.3,58,1004.1
2022-05-13,28.8,0.0,27.2,56,1002.8
2022-05-14,27.4,0.0,36.4,58,1002.8
2022-05-15,27.6,0.0,27.1,61,1005.1
2022-05-16,29.3,0.0,21.3,58,1005.5
2022-05-17,28.5,0.0,19.1,61,1003.1
2022-05-18,29.2,0.0,16.8,66,1002.5
2022-05-19,30.5,0.0,22.7,58,1002.5
2022-05-20,30.8,0.0,22.0,61,1001.2
2022-05-21,30.4,0.0,21.3,64,1000.5
2022-05-22,31.0,0.0,21.9,59,998.0
2022-05-23,31.8,0.0,24.3,54,998.1
2022-05-24,30.6,0.0,21.8,62,1001.5
2022-05-25,30.6,0.0,24.7,57,1004.5
2022-05-26,30.8,0.0,30.7,53,1003.3
2022-05-27,31.3,0.0,25.0,48,1001.9
2022-05-28,30.6,0.0,22.9,55,1001.8
2022-05-29,31.9,0.0,27.5,48,1001.7
2022-05-30,29.7,0.0,30.7,57,1001.4
2022-05-31,30.0,0.0,22.3,56,1001.2
2022-06-01,34.1,0.0,30.8,30,1002.4
2022-06-02,32.6,0.0,24.5,48,1004.9
2022-06-03,31.6,0.0,26.2,51,1004.7
2022-06-04,30.5,0.0,26.7,55,1003.5
2022-06-05,31.5,0.0,25.5,53,1001.9
2022-06-06,32.4,0.0,26.0,44,1001.1
2022-06-07,33.5,0.0,28.4,38,1000.9
2022-06-08,33.1,0.0,25.3,41,1001.4
2022-06-09,33.0,0.0,21.5,40,999.7
2022-06-10,33.6,0.0,26.3,54,997.0
2022-06-11,32.6,0.0,27.3,55,996.5
2022-06-12,32.5,0.0,29.3,59,996.8
2022-06-13,34.7,0.0,33.6,54,999.3
2022-06-14,34.0,0.0,23.7,55,1001.1
2022-06-15,33.6,0.0,22.0,57,1000.7
2022-06-16,32.4,0.0,19.9,59,998.8
2022-06-17,31.8,0.0,23.0,72,997.4
2022-06-18,33.0,0.0,25.8,62,997.4
2022-06-19,35.2,0.0,22.8,51,998.6
2022-06-20,34.8,0.0,26.7,54,997.7
2022-06-21,33.7,0.0,20.5,46,994.9
2022-06-22,34.8,0.0,25.3,36,995.7
2022-06-23,36.7,0.0,30.7,50,999.8
2022-06-24,35.1,0.0,23.5,52,1000.7
2022-06-25,32.7,0.0,18.2,67,997.5
2022-06-26,32.8,0.0,16.6,70,995.5
2022-06-27,33.8,0.0,28.6,68,996.4
2022-06-28,33.6,0.0,26.1,68,997.2
2022-06-29,33.1,0.0,24.1,72,995.5
2022-06-30,32.2,0.0,20.8,64,994.1
2022-07-01,33.2,0.0,21.9,55,993.8
2022-07-02,34.3,0.0,24.0,70,992.9
2022-07-03,33.3,0.0,24.3,78,992.4
2022-07-04,34.7,0.0,25.7,69,993.6
2022-07-05,35.1,0.0,25.8,64,993.6
2022-07-06,36.6,0.0,26.8,56,995.4
2022-07-07,35.9,3.0,26.3,51,998.0
2022-07-08,33.6,0.0,27.1,61,997.8
2022-07-09,34.1,0.0,25.5,61,994.6
2022-07-10,36.1,0.0,31.0,54,994.0
2022-07-11,35.4,0.0,29.7,48,997.8
2022-07-12,33.8,0.0,24.8,63,999.1
2022-07-13,34.6,0.0,25.9,64,996.3
2022-07-14,34.8,0.0,23.6,65,993.5
2022-07-15,36.4,0.0,23.3,53,994.7
2022-07-16,36.5,0.0,20.3,45,995.7
2022-07-17,35.4,0.0,20.4,55,996.2
2022-07-18,35.0,0.0,27.4,50,997.5
2022-07-19,35.7,0.0,22.7,48,997.4
2022-07-20,35.6,0.0,26.9,53,997.3
2022-07-21,36.5,0.0,27.8,52,997.0
2022-07-22,37.6,0.0,28.5,46,997.9
2022-07-23,36.3,0.0,32.3,54,996.6
2022-07-24,36.2,0.0,29.6,55,995.0
2022-07-25,36.4,0.0,24.8,51,994.8
2022-07-26,34.6,3.3,27.2,48,997.4
2022-07-27,29.1,14.9,22.9,80,1000.1
2022-07-28,30.0,5.0,25.7,78,1002.4
2022-07-29,30.8,0.0,21.5,73,1002.7
2022-07-30,32.1,0.0,20.5,68,1001.2
2022-07-31,34.9,0.0,24.4,51,998.6
2022-08-01,36.5,0.0,27.7,43,998.9
2022-08-02,35.8,0.0,20.0,46,999.0
2022-08-03,35.4,0.0,23.6,51,999.1
2022-08-04,35.1,0.0,33.3,63,999.2
2022-08-05,34.0,0.0,24.0,65,998.2
2022-08-06,35.2,0.0,17.8,49,996.0
2022-08-07,36.4,0.0,20.8,45,995.1
2022-08-08,36.9,0.0,22.4,46,995.2
2022-08-09,35.3,0.0,19.9,55,994.2
2022-08-10,35.1,0.0,26.3,61,993.6
2022-08-11,35.1,0.0,24.7,63,993.7
2022-08-12,37.0,0.0,26.0,36,992.9
2022-08-13,37.2,0.0,28.5,28,994.1
2022-08-14,35.0,0.0,25.7,49,996.4
2022-08-15,33.7,0.0,21.4,59,997.9
2022-08-16,33.7,0.0,27.5,64,998.1
2022-08-17,33.0,0.0,22.2,66,997.2
2022-08-18,33.0,0.0,25.6,67,996.5
2022-08-19,33.3,0.0,26.0,59,996.7
2022-08-20,33.8,0.0,24.9,56,997.0
2022-08-21,34.3,0.0,24.4,51,997.3
2022-08-22,33.9,0.0,21.6,58,998.0
2022-08-23,34.6,0.0,24.2,54,998.8
2022-08-24,35.8,0.0,32.2,28,999.7
2022-08-25,35.7,0.0,33.5,18,999.6
2022-08-26,35.6,0.0,24.2,14,1001.1
2022-08-27,33.4,0.0,25.1,42,1002.9
2022-08-28,32.6,0.0,25.2,50,1003.3
2022-08-29,32.8,0.0,21.6,55,1004.6
2022-08-30,32.6,0.0,19.5,50,1006.1
2022-08-31,32.7,0.0,28.7,53,1005.4
2022-09-01,31.6,0.0,24.3,67,1004.4
2022-09-02,31.9,0.0,26.2,73,1004.7
2022-09-03,33.3,0.0,22.9,56,1004.1
2022-09-04,32.5,0.0,27.2,57,1003.1
2022-09-05,32.7,0.0,28.1,53,1002.2
2022-09-06,32.8,0.0,26.0,48,1002.0
2022-09-07,34.0,0.0,25.9,53,1004.0
2022-09-08,33.5,0.0,22.1,51,1005.7
2022-09-09,32.8,0.0,25.9,54,1005.3
2022-09-10,32.8,0.0,24.9,56,1003.8
2022-09-11,31.6,0.0,17.9,66,1001.9
2022-09-12,31.3,0.0,23.5,76,1000.3
2022-09-13,32.4,0.0,23.2,69,1001.5
2022-09-14,34.0,0.0,18.2,63,1002.9
2022-09-15,33.9,0.0,24.9,56,1003.1
2022-09-16,33.7,0.0,27.4,64,1000.6
2022-09-17,33.6,0.0,17.9,50,1001.1
2022-09-18,32.2,0.0,25.9,64,1003.3
2022-09-19,33.8,0.0,21.4,52,1004.6
2022-09-20,33.0,0.0,22.4,50,1004.5
2022-09-21,32.9,0.0,23.1,54,1004.6
2022-09-22,32.5,0.0,19.9,56,1005.1
2022-09-23,32.1,0.0,19.5,60,1005.1
2022-09-24,31.6,0.0,20.8,71,1004.1
2022-09-25,30.8,0.0,16.0,80,1002.6
2022-09-26,31.7,0.0,22.8,72,1005.2
2022-09-27,31.2,0.0,18.6,68,1005.9
2022-09-28,30.9,0.0,19.1,71,1005.0
2022-09-29,31.0,0.0,22.1,67,1005.4
2022-09-30,31.5,0.0,22.9,64,1006.7
2022-10-01,31.0,0.0,21.5,66,1006.1
2022-10-02,30.3,0.0,17.5,75,1005.1
2022-10-03,31.7,0.0,26.6,61,1006.7
2022-10-04,31.3,0.0,18.9,52,1009.1
2022-10-05,30.9,0.0,22.1,66,1008.8
2022-10-06,30.3,0.0,22.8,71,1006.2
2022-10-07,33.0,0.0,29.7,32,1006.1
2022-10-08,30.4,0.0,27.0,44,1008.7
2022-10-09,29.3,0.0,24.5,49,1010.6
2022-10-10,29.3,0.0,18.4,59,1011.4
2022-10-11,28.6,0.0,18.1,73,1009.6
2022-10-12,28.5,0.0,24.2,73,1009.6
2022-10-13,29.0,0.0,23.2,51,1010.5
2022-10-14,28.7,0.0,24.2,43,1011.1
2022-10-15,29.1,0.0,18.2,57,1011.7
2022-10-16,29.2,0.0,16.8,71,1012.9
2022-10-17,29.2,0.0,20.9,74,1013.4
2022-10-18,29.6,0.0,21.8,63,1011.8
2022-10-19,28.5,0.0,15.8,81,1010.7
2022-10-20,28.3,0.0,17.3,74,1011.6
2022-10-21,28.8,0.0,20.7,71,1013.5
2022-10-22,29.3,0.0,29.6,62,1015.7
2022-10-23,28.6,0.0,21.9,60,1015.2
2022-10-24,28.8,0.0,21.3,60,1012.5
2022-10-25,28.2,0.0,19.4,65,1012.1
2022-10-26,27.9,0.0,20.2,67,1014.2
2022-10-27,28.3,0.0,16.3,65,1014.6
2022-10-28,28.3,0.0,16.2,66,1013.4
2022-10-29,27.6,0.0,17.8,71,1013.0
2022-10-30,27.6,0.0,17.3,67,1013.8
2022-10-31,27.0,0.0,19.4,76,1014.1
2022-11-01,26.7,0.0,15.0,72,1014.2
2022-11-02,26.9,0.0,14.8,62,1013.0
2022-11-03,27.8,0.0,18.9,54,1011.7
2022-11-04,28.2,0.0,26.1,47,1013.0
2022-11-05,28.3,0.0,19.8,56,1014.3
2022-11-06,28.4,0.6,24.6,60,1014.2
2022-11-07,28.1,0.5,18.6,64,1013.4
2022-11-08,28.0,0.0,18.7,52,1012.8
2022-11-09,28.7,0.0,21.4,47,1014.1
2022-11-10,27.3,0.0,17.0,61,1016.4
2022-11-11,27.3,0.0,22.3,58,1016.9
2022-11-12,27.3,0.0,19.2,67,1016.9
2022-11-13,28.2,0.0,25.2,67,1014.4
2022-11-14,28.5,0.0,21.1,59,1014.0
2022-11-15,28.5,0.0,29.0,58,1014.4
2022-11-16,27.6,0.0,23.7,63,1014.2
2022-11-17,26.8,0.0,20.8,66,1014.7
2022-11-18,26.6,0.0,12.8,63,1014.7
2022-11-19,26.8,0.0,20.0,69,1015.2
2022-11-20,27.5,0.0,25.3,63,1014.3
2022-11-21,26.3,0.0,14.6,62,1015.6
2022-11-22,25.9,0.0,26.1,58,1016.4
2022-11-23,25.7,0.0,17.7,59,1016.3
2022-11-24,25.5,0.0,15.8,62,1015.8
2022-11-25,24.6,0.0,14.8,63,1016.2
2022-11-26,25.3,0.0,14.4,59,1015.0
2022-11-27,25.4,0.0,15.6,67,1011.7
2022-11-28,24.5,0.0,15.9,73,1012.0
2022-11-29,25.7,0.0,26.3,52,1013.6
2022-11-30,25.4,0.0,15.8,70,1015.7
2022-12-01,25.3,0.0,16.6,63,1015.1
2022-12-02,25.0,0.0,14.1,70,1013.6
2022-12-03,24.7,0.0,17.6,69,1013.9
2022-12-04,24.8,0.0,14.5,64,1015.4
2022-12-05,24.9,0.0,13.9,64,1016.5
2022-12-06,24.4,0.0,18.4,66,1016.1
2022-12-07,23.9,0.0,21.6,63,1015.9
2022-12-08,24.6,1.8,18.0,64,1016.4
2022-12-09,25.1,1.0,22.2,58,1015.0
2022-12-10,24.0,0.6,29.4,52,1014.7
2022-12-11,23.5,0.0,26.2,47,1016.2
2022-12-12,21.7,0.0,14.8,50,1016.6
2022-12-13,21.6,0.0,25.9,56,1017.0
2022-12-14,23.6,0.0,22.5,56,1017.5
2022-12-15,22.9,0.0,24.3,62,1016.1
2022-12-16,23.1,0.0,14.7,59,1014.9
2022-12-17,23.5,0.1,20.1,61,1015.6
2022-12-18,22.9,0.0,14.1,57,1016.7
2022-12-19,21.7,0.0,20.9,59,1015.9
2022-12-20,22.1,0.0,30.0,49,1015.7
2022-12-21,22.9,0.0,31.3,50,1015.7
2022-12-22,21.3,0.0,20.0,59,1015.5
2022-12-23,22.5,0.0,24.1,55,1015.1
2022-12-24,23.5,0.0,29.3,58,1014.7
2022-12-25,23.4,1.9,22.1,61,1014.9
2022-12-26,20.3,5.4,27.8,73,1017.1
2022-12-27,19.0,23.5,15.6,87,1017.4
2022-12-28,20.4,0.9,32.4,70,1018.8
2022-12-29,19.5,0.0,19.7,66,1022.6
2022-12-30,19.2,0.0,22.6,69,1023.9
2022-12-31,19.6,0.0,16.6,70,1023.6
2023-01-01,21.2,0.0,15.3,70,1022.6
2023-01-02,19.7,0.3,20.6,71,1023.0
2023-01-03,19.3,0.7,18.5,63,1023.8
2023-01-04,21.0,0.3,28.5,49,1020.3
2023-01-05,22.1,0.1,23.6,54,1019.3
2023-01-06,20.9,0.4,26.3,67,1020.3
2023-01-07,19.3,3.0,17.0,78,1020.0
2023-01-08,19.5,0.2,17.4,73,1019.8
2023-01-09,19.6,0.0,13.1,74,1020.0
2023-01-10,22.1,0.0,35.0,70,1017.6
2023-01-11,20.8,0.0,27.1,64,1019.4
2023-01-12,18.7,0.0,37.7,61,1020.7
2023-01-13,18.9,0.0,27.2,52,1021.4
2023-01-14,19.8,0.0,26.4,55,1020.3
2023-01-15,20.3,0.0,25.2,63,1018.8
2023-01-16,20.8,0.0,14.5,67,1017.5
2023-01-17,22.3,0.0,24.3,67,1014.3
2023-01-18,21.5,0.0,33.3,61,1016.2
2023-01-19,20.4,0.0,23.0,63,1018.3
2023-01-20,18.9,0.0,28.0,58,1019.6
2023-01-21,19.3,0.0,26.4,51,1019.6
2023-01-22,19.3,0.0,26.3,54,1018.8
2023-01-23,18.9,0.0,23.9,57,1019.0
2023-01-24,19.3,0.0,27.7,55,1018.7
2023-01-25,17.4,10.4,23.3,68,1018.7
2023-01-26,17.1,13.4,20.3,81,1018.0
2023-01-27,16.6,17.2,26.5,83,1017.2
2023-01-28,17.2,0.5,15.4,73,1017.5
2023-01-29,16.1,0.0,14.0,71,1016.8
2023-01-30,16.8,0.0,15.3,79,1018.3
2023-01-31,18.0,0.0,15.8,80,1017.2
2023-02-01,19.5,0.0,19.7,75,1016.6
2023-02-02,20.2,0.0,19.9,76,1016.1
2023-02-03,20.2,0.3,14.1,84,1016.9
2023-02-04,19.5,0.0,21.1,75,1016.5
2023-02-05,19.3,0.0,18.6,80,1015.8
2023-02-06,19.0,0.0,14.8,78,1015.7
2023-02-07,22.3,0.0,22.3,51,1012.3
2023-02-08,22.2,0.0,23.9,61,1013.1
2023-02-09,20.5,0.0,39.8,56,1016.9
2023-02-10,18.8,0.0,32.7,65,1019.2
2023-02-11,19.4,0.0,14.0,73,1019.6
2023-02-12,19.7,0.0,18.7,68,1018.2
2023-02-13,21.9,0.0,21.3,53,1017.8
2023-02-14,22.9,0.0,22.5,54,1015.7
2023-02-15,23.8,0.0,26.6,37,1013.5
2023-02-16,23.0,0.0,19.5,41,1015.1
2023-02-17,20.9,0.0,16.3,84,1018.3
2023-02-18,20.4,0.0,26.0,76,1019.7
2023-02-19,20.1,0.0,29.5,71,1019.4
2023-02-20,19.9,0.0,26.1,72,1017.8
2023-02-21,19.7,0.0,23.8,77,1016.7
2023-02-22,20.2,0.0,21.7,70,1015.2
2023-02-23,20.6,0.0,14.9,63,1012.5
2023-02-24,22.4,0.0,18.1,43,1013.3
2023-02-25,23.8,0.0,26.3,49,1015.8
2023-02-26,24.4,0.0,23.8,49,1016.8
2023-02-27,24.3,0.0,20.0,47,1016.7
2023-02-28,24.4,0.1,27.1,53,1014.8
2023-03-01,23.1,0.6,22.4,73,1015.8
2023-03-02,22.9,0.2,21.0,73,1017.4
2023-03-03,22.9,0.0,24.0,78,1018.0
2023-03-04,22.4,0.0,20.0,80,1019.0
2023-03-05,21.3,0.0,17.3,77,1018.9
2023-03-06,22.1,0.0,15.6,64,1016.4
2023-03-07,22.0,0.0,18.4,62,1014.5
2023-03-08,23.3,0.0,22.8,62,1013.9
2023-03-09,26.4,0.0,25.3,44,1013.5
2023-03-10,27.1,0.0,24.0,38,1013.2
2023-03-11,24.5,0.0,19.9,59,1013.8
2023-03-12,26.4,0.0,22.7,46,1012.8
2023-03-13,26.3,0.2,34.3,52,1012.4
2023-03-14,25.2,0.0,25.1,66,1011.8
2023-03-15,24.4,0.0,15.4,71,1010.1
2023-03-16,25.0,0.0,20.5,62,1009.8
2023-03-17,23.6,0.0,31.4,68,1010.7
2023-03-18,22.2,0.0,23.7,77,1010.3
2023-03-19,22.2,0.6,24.6,72,1009.4
2023-03-20,23.8,0.0,20.2,49,1006.0
2023-03-21,26.0,0.0,30.8,50,1004.4
2023-03-22,23.4,0.0,33.5,45,1009.3
2023-03-23,22.6,0.0,37.4,50,1011.5
2023-03-24,22.3,0.0,22.6,65,1011.9
2023-03-25,21.8,0.0,19.4,72,1012.0
2023-03-26,24.5,0.0,23.9,63,1010.6
2023-03-27,26.0,0.1,30.5,57,1009.5
2023-03-28,24.4,2.3,34.4,58,1010.6
2023-03-29,23.2,0.0,29.5,68,1011.6
2023-03-30,22.2,0.0,20.2,76,1010.9
2023-03-31,22.6,0.0,24.5,74,1008.7
2023-04-01,23.2,0.0,22.8,73,1009.8
2023-04-02,22.2,0.0,33.5,62,1010.9
2023-04-03,21.9,0.0,35.7,63,1011.3
2023-04-04,22.4,0.0,31.2,67,1011.8
2023-04-05,21.7,0.0,20.1,75,1011.5
2023-04-06,22.0,0.0,22.7,77,1011.1
2023-04-07,23.0,0.0,28.5,79,1012.7
2023-04-08,24.8,0.0,25.4,67,1014.4
2023-04-09,23.8,0.0,21.6,75,1014.4
2023-04-10,24.2,0.0,23.2,73,1012.3
2023-04-11,26.2,0.0,31.3,58,1011.8
2023-04-12,27.5,0.0,22.5,48,1011.8
2023-04-13,29.8,0.0,42.2,43,1011.8
2023-04-14,26.3,0.0,52.2,71,1013.2
2023-04-15,24.8,0.0,32.1,61,1011.7
2023-04-16,24.5,0.0,32.8,62,1009.7
2023-04-17,24.9,0.0,27.0,59,1010.6
2023-04-18,24.4,0.0,22.0,56,1013.3
2023-04-19,23.5,0.0,21.9,68,1011.2
2023-04-20,23.9,0.0,20.2,64,1007.9
2023-04-21,24.7,0.0,21.7,53,1007.0
2023-04-22,25.4,0.0,23.9,47,1007.8
2023-04-23,25.7,0.0,23.5,47,1008.0
2023-04-24,26.4,0.0,17.8,48,1007.8
2023-04-25,27.6,0.0,23.1,48,1007.2
2023-04-26,27.0,0.0,25.0,63,1007.3
2023-04-27,26.4,0.0,26.7,59,1007.2
2023-04-28,25.8,0.0,18.9,57,1007.3
2023-04-29,26.2,0.0,23.6,48,1006.5
2023-04-30,27.5,0.0,19.2,37,1005.3
2023-05-01,28.2,0.0,19.3,44,1005.2
2023-05-02,27.7,0.0,22.0,60,1007.3
2023-05-03,26.6,0.0,26.3,64,1007.9
2023-05-04,26.3,0.0,24.1,71,1006.8
2023-05-05,26.3,0.0,22.3,73,1006.9
2023-05-06,25.7,0.0,22.7,76,1008.4
2023-05-07,26.0,0.0,21.4,78,1008.6
2023-05-08,27.0,0.0,23.7,55,1006.9
2023-05-09,29.9,0.0,22.9,30,1007.0
2023-05-10,29.7,0.0,18.8,32,1007.4
2023-05-11,30.4,0.0,26.6,40,1008.2
2023-05-12,30.0,0.0,18.8,53,1007.2
2023-05-13,30.9,0.0,30.2,51,1005.7
2023-05-14,31.1,0.0,24.9,48,1003.9
2023-05-15,29.7,0.0,29.3,57,1003.8
2023-05-16,30.4,0.0,27.2,52,1005.3
2023-05-17,31.9,0.0,23.6,48,1006.2
2023-05-18,31.4,0.0,24.7,42,1007.8
2023-05-19,31.9,0.0,16.8,47,1007.3
2023-05-20,33.5,0.0,30.9,39,1006.0
2023-05-21,32.8,0.0,22.5,47,1007.3
2023-05-22,31.7,0.0,24.1,50,1008.1
2023-05-23,31.7,0.0,18.3,54,1008.2
2023-05-24,30.9,0.0,22.4,54,1007.1
2023-05-25,31.6,0.0,26.4,55,1006.2
2023-05-26,32.1,0.0,27.6,53,1005.9
2023-05-27,32.3,0.0,30.5,54,1005.0
2023-05-28,31.4,0.0,27.4,59,1004.5
2023-05-29,31.0,0.0,21.1,63,1004.8
2023-05-30,32.7,0.0,27.8,49,1004.8
2023-05-31,32.4,0.0,31.2,56,1004.7
2023-06-01,32.2,0.0,31.2,58,1004.7
2023-06-02,32.0,0.0,33.3,53,1004.3
2023-06-03,31.3,0.0,24.7,59,1004.2
2023-06-04,31.4,0.0,23.0,62,1003.7
2023-06-05,34.1,0.0,29.7,41,1003.7
2023-06-06,34.4,0.0,28.2,39,1004.1
2023-06-07,31.9,0.0,20.1,59,1003.1
2023-06-08,32.2,0.0,24.4,52,1002.6
2023-06-09,32.9,0.0,22.1,46,1000.7
2023-06-10,32.0,0.0,23.4,58,998.8
2023-06-11,32.1,0.0,23.5,65,998.4
2023-06-12,32.9,0.0,20.8,58,997.3
2023-06-13,34.1,0.0,23.1,55,996.5
2023-06-14,34.3,0.0,24.1,57,996.2
2023-06-15,33.6,0.0,23.9,63,995.5
2023-06-16,33.5,0.0,24.1,58,995.8
2023-06-17,32.7,0.0,27.7,60,998.2
2023-06-18,31.9,0.0,20.7,59,999.7
2023-06-19,32.9,0.0,28.3,65,999.4
2023-06-20,34.4,0.0,23.9,54,999.2
2023-06-21,33.1,0.0,20.0,62,999.0
2023-06-22,33.0,0.0,20.3,67,998.9
2023-06-23,32.9,0.0,20.0,63,998.2
2023-06-24,33.7,0.0,26.3,57,996.3
2023-06-25,33.5,0.0,21.4,60,995.2
2023-06-26,34.1,0.0,23.2,59,995.9
2023-06-27,36.2,0.0,28.3,56,996.8
2023-06-28,35.6,0.0,23.2,58,999.2
2023-06-29,34.2,0.0,29.3,68,998.9
2023-06-30,33.8,0.0,24.1,60,997.5
2023-07-01,33.7,0.0,22.1,58,997.7
2023-07-02,32.9,0.0,22.4,61,998.5
2023-07-03,32.9,0.0,22.5,71,998.4
2023-07-04,33.2,0.0,21.3,71,996.7
2023-07-05,32.9,0.0,20.3,71,994.7
2023-07-06,34.2,0.0,19.7,69,995.4
2023-07-07,37.0,0.0,26.1,48,997.2
2023-07-08,36.6,0.0,26.9,53,997.2
2023-07-09,36.4,0.0,27.3,55,996.8
2023-07-10,36.6,0.0,25.5,55,997.5
2023-07-11,35.7,0.0,25.7,53,999.4
2023-07-12,34.2,0.0,22.0,63,998.6
2023-07-13,35.6,0.0,20.7,64,997.4
2023-07-14,37.7,0.0,25.7,46,997.8
2023-07-15,38.3,0.0,25.8,37,998.1
2023-07-16,36.7,0.0,28.8,47,997.9
2023-07-17,34.5,0.0,22.0,61,997.0
2023-07-18,34.3,0.0,22.7,67,996.2
2023-07-19,34.1,0.0,21.6,71,995.3
2023-07-20,34.6,0.0,20.5,63,995.5
2023-07-21,36.8,0.0,29.7,50,996.8
2023-07-22,37.2,0.0,25.6,54,997.7
2023-07-23,38.1,0.0,24.8,44,997.2
2023-07-24,36.6,0.0,21.9,48,995.7
2023-07-25,38.1,0.0,25.3,43,995.9
2023-07-26,37.2,0.0,26.0,47,998.6
2023-07-27,36.1,0.0,29.7,52,998.9
2023-07-28,36.6,0.0,25.1,50,997.9
2023-07-29,35.2,0.0,23.2,63,997.2
2023-07-30,33.8,0.0,20.1,69,997.7
2023-07-31,33.8,0.0,18.9,68,997.7
2023-08-01,34.4,0.0,19.8,60,997.0
2023-08-02,35.2,0.0,23.4,62,996.3
2023-08-03,36.7,0.0,28.9,56,995.5
2023-08-04,37.3,0.0,22.5,46,996.4
2023-08-05,39.8,0.0,28.7,35,998.6
2023-08-06,38.2,0.0,26.0,42,998.9
2023-08-07,36.4,0.0,26.2,56,997.1
2023-08-08,35.9,0.0,18.8,54,997.1
2023-08-09,35.7,0.0,25.6,55,999.7
2023-08-10,37.2,0.0,24.0,47,1001.0
2023-08-11,37.4,0.0,22.5,45,1001.5
2023-08-12,36.4,0.0,26.0,50,1002.1
2023-08-13,36.1,0.0,26.7,51,1000.9
2023-08-14,34.6,0.0,21.5,63,1000.5
2023-08-15,36.5,0.0,27.0,45,1000.0
2023-08-16,37.5,0.0,26.0,32,1001.3
2023-08-17,34.7,0.0,27.6,51,1003.4
2023-08-18,33.8,0.0,25.3,59,1003.4
2023-08-19,34.0,0.0,24.4,61,1002.3
2023-08-20,34.5,0.0,24.5,59,1002.3
2023-08-21,34.1,0.0,21.1,58,1002.4
2023-08-22,34.2,0.0,20.6,62,1002.2
2023-08-23,34.2,0.0,23.5,70,1000.4
2023-08-24,34.2,0.0,22.0,73,998.1
2023-08-25,36.0,0.0,33.3,60,997.0
2023-08-26,35.5,0.0,27.3,57,998.0
2023-08-27,35.5,0.0,24.7,55,999.5
2023-08-28,34.9,0.0,28.0,67,999.7
2023-08-29,34.1,0.0,26.5,53,999.7
2023-08-30,35.5,0.0,28.6,47,1002.0
2023-08-31,34.4,0.0,23.0,58,1003.3
2023-09-01,33.7,0.0,20.3,70,1003.3
2023-09-02,36.0,0.0,22.0,53,1002.6
2023-09-03,34.7,0.0,25.6,60,1001.9
2023-09-04,34.5,0.0,24.7,59,1002.1
2023-09-05,34.0,0.0,20.4,69,1002.3
2023-09-06,34.8,0.0,28.4,62,1002.4
2023-09-07,34.9,0.0,29.3,48,1002.7
2023-09-08,34.4,0.0,27.0,53,1003.1
2023-09-09,34.2,0.0,21.4,54,1002.1
2023-09-10,33.7,0.0,22.7,65,999.9
2023-09-11,34.9,0.0,23.3,50,1000.5
2023-09-12,34.4,0.0,23.1,57,1001.9
2023-09-13,33.8,0.0,24.0,61,1001.1
2023-09-14,33.5,0.0,23.0,71,1000.5
2023-09-15,34.6,0.0,21.3,66,1001.0
2023-09-16,34.0,0.0,24.7,64,1001.1
2023-09-17,33.9,0.0,23.6,67,1000.7
2023-09-18,34.4,0.0,25.6,68,1000.5
2023-09-19,34.9,0.0,22.0,64,1002.8
2023-09-20,34.3,0.0,23.0,64,1004.2
2023-09-21,32.7,0.0,19.6,73,1003.6
2023-09-22,33.1,0.0,22.2,74,1003.6
2023-09-23,36.7,0.0,32.5,26,1004.6
2023-09-24,35.7,0.0,28.7,24,1005.3
2023-09-25,33.7,0.0,22.5,35,1004.4
2023-09-26,34.2,0.0,26.2,32,1005.2
2023-09-27,33.4,0.0,23.5,42,1007.2
2023-09-28,33.0,0.0,26.0,44,1007.8
2023-09-29,31.5,0.0,20.0,65,1007.6
2023-09-30,31.7,0.0,25.7,62,1007.7
2023-10-01,31.9,0.0,21.4,61,1007.7
2023-10-02,31.6,0.0,20.2,57,1007.7
2023-10-03,32.0,0.0,27.2,61,1008.6
2023-10-04,31.6,0.0,21.1,68,1009.3
2023-10-05,31.1,0.0,19.2,78,1008.1
2023-10-06,32.3,0.0,20.3,74,1005.1
2023-10-07,33.8,0.0,26.6,52,1006.5
2023-10-08,32.4,0.0,23.8,62,1009.1
2023-10-09,32.1,0.0,25.3,62,1010.1
2023-10-10,31.1,0.0,22.6,75,1010.3
2023-10-11,30.4,0.0,14.6,74,1010.7
2023-10-12,31.1,0.0,17.6,69,1011.5
2023-10-13,30.8,0.0,18.3,68,1011.4
2023-10-14,30.0,0.0,22.3,73,1010.5
2023-10-15,30.1,0.0,22.7,70,1008.5
2023-10-16,30.8,0.0,22.4,64,1008.5
2023-10-17,30.9,0.0,25.7,55,1010.2
2023-10-18,30.0,0.0,17.2,63,1012.7
2023-10-19,29.9,0.0,22.7,67,1013.3
2023-10-20,30.1,0.0,21.2,70,1012.8
2023-10-21,30.4,0.0,20.3,69,1012.8
2023-10-22,30.9,0.0,22.9,53,1013.3
2023-10-23,30.1,0.0,20.1,66,1012.9
2023-10-24,29.6,0.0,20.5,68,1012.1
2023-10-25,29.9,0.0,18.7,67,1013.6
2023-10-26,27.4,8.6,29.4,65,1015.6
2023-10-27,27.0,0.0,13.0,74,1013.7
2023-10-28,28.0,0.0,13.9,65,1012.7
2023-10-29,28.7,0.0,19.3,60,1012.9
2023-10-30,29.2,0.0,23.9,57,1013.1
2023-10-31,29.4,0.0,24.7,55,1013.7
2023-11-01,29.8,0.0,23.7,48,1014.2
2023-11-02,29.5,0.0,25.8,43,1014.0
2023-11-03,28.9,0.0,17.8,53,1012.5
2023-11-04,29.5,0.0,23.9,56,1011.4
2023-11-05,29.1,0.0,23.5,50,1011.9
2023-11-06,28.3,0.1,26.7,50,1013.0
2023-11-07,27.2,0.0,17.7,56,1012.9
2023-11-08,27.2,0.1,18.5,56,1013.4
2023-11-09,28.2,0.0,16.0,47,1015.3
2023-11-10,27.2,0.0,23.3,56,1016.8
2023-11-11,27.4,0.0,27.3,54,1017.9
2023-11-12,26.0,0.0,20.1,52,1018.0
2023-11-13,25.4,0.0,25.2,52,1016.4
2023-11-14,26.0,0.0,18.1,38,1014.8
2023-11-15,28.1,0.0,23.3,44,1014.3
2023-11-16,27.2,0.4,27.2,57,1015.3
2023-11-17,23.5,20.6,18.6,78,1016.5
2023-11-18,24.6,0.0,14.8,69,1015.8
2023-11-19,24.3,0.0,17.9,69,1015.0
2023-11-20,26.6,0.0,24.1,59,1014.2
2023-11-21,26.7,0.0,24.9,63,1015.3
2023-11-22,26.7,1.5,24.2,60,1016.5
2023-11-23,25.4,0.0,21.5,62,1013.8
2023-11-24,24.7,0.0,16.4,63,1011.8
2023-11-25,25.0,0.5,20.5,63,1014.1
2023-11-26,24.8,0.0,23.7,62,1015.4
2023-11-27,24.6,0.0,16.4,66,1013.9
2023-11-28,25.0,0.0,15.2,71,1013.7
2023-11-29,25.9,0.0,22.0,67,1014.7
2023-11-30,24.5,0.0,18.4,63,1016.1
2023-12-01,23.4,0.0,16.3,66,1016.6
2023-12-02,24.2,0.0,19.1,63,1016.3
2023-12-03,24.2,0.0,23.4,69,1017.7
2023-12-04,24.8,0.0,22.0,68,1017.9
2023-12-05,25.2,0.0,16.3,66,1016.5
2023-12-06,24.9,0.0,21.3,64,1016.5
2023-12-07,23.6,0.0,16.5,67,1016.6
2023-12-08,23.2,0.0,13.5,65,1016.4
2023-12-09,22.8,0.0,27.6,65,1017.2
2023-12-10,23.1,0.0,13.2,61,1016.9
2023-12-11,22.6,0.0,15.5,56,1016.1
2023-12-12,21.9,0.0,12.0,59,1014.3
2023-12-13,22.1,0.0,17.8,53,1014.1
2023-12-14,22.8,0.2,28.2,52,1015.1
2023-12-15,23.4,0.0,30.0,52,1017.2
2023-12-16,22.0,0.0,26.7,53,1019.7
2023-12-17,21.9,0.0,24.6,36,1020.2
2023-12-18,21.7,0.0,26.3,38,1018.9
2023-12-19,20.7,0.0,16.2,53,1019.0
2023-12-20,22.0,0.0,21.4,55,1019.0
2023-12-21,21.9,0.3,20.1,58,1018.0
2023-12-22,21.7,0.0,17.3,56,1017.0
2023-12-23,20.9,0.0,16.1,59,1017.1
2023-12-24,21.5,0.0,15.9,61,1018.9
2023-12-25,22.4,0.0,15.5,75,1019.3
2023-12-26,24.1,0.0,20.6,74,1018.9
2023-12-27,22.3,0.0,15.2,78,1018.5
2023-12-28,20.7,0.0,14.2,83,1017.1
2023-12-29,21.6,0.0,17.2,77,1016.9
2023-12-30,21.9,0.0,18.8,74,1017.1
2023-12-31,22.6,0.2,24.3,77,1016.9
2024-01-01,23.8,0.0,23.7,71,1017.4
2024-01-02,23.2,0.0,23.0,65,1016.8
2024-01-03,22.7,0.0,24.0,63,1015.0
2024-01-04,22.7,0.3,36.1,59,1015.8
2024-01-05,21.6,0.0,15.8,64,1016.4
2024-01-06,21.3,0.0,21.8,64,1017.0
2024-01-07,20.5,0.0,16.3,64,1018.1
2024-01-08,20.7,0.0,23.5,57,1020.5
2024-01-09,20.4,0.0,16.1,55,1020.6
2024-01-10,19.3,0.0,15.3,67,1019.5
2024-01-11,18.7,0.0,15.3,70,1017.6
2024-01-12,18.6,0.0,15.9,65,1016.7
2024-01-13,19.7,0.0,13.1,58,1017.1
2024-01-14,20.3,0.0,13.1,60,1017.2
2024-01-15,20.9,0.0,15.0,59,1017.2
2024-01-16,22.9,0.0,25.6,76,1015.3
2024-01-17,22.9,0.0,35.9,60,1014.3
2024-01-18,21.6,0.0,21.6,65,1015.3
2024-01-19,21.2,0.0,24.8,70,1017.0
2024-01-20,20.7,0.0,19.1,72,1019.1
2024-01-21,21.3,0.0,20.5,66,1018.4
2024-01-22,20.7,0.0,19.2,71,1019.6
2024-01-23,20.3,0.0,18.2,75,1019.3
2024-01-24,18.6,0.0,18.7,76,1017.8
2024-01-25,20.1,0.0,15.5,55,1016.5
2024-01-26,21.7,0.0,15.5,45,1015.2
2024-01-27,23.4,0.0,32.1,57,1015.3
2024-01-28,22.3,0.1,27.9,60,1016.7
2024-01-29,21.7,0.0,26.8,57,1017.5
2024-01-30,21.4,0.0,12.4,71,1016.8
2024-01-31,23.1,0.0,15.6,56,1015.7
2024-02-01,23.3,8.6,29.6,69,1012.1
2024-02-02,21.9,2.8,36.3,59,1013.9
2024-02-03,19.7,0.0,35.4,57,1018.1
2024-02-04,20.0,0.0,32.7,50,1019.5
2024-02-05,21.1,0.0,31.9,53,1018.8
2024-02-06,21.3,0.0,35.9,50,1019.7
2024-02-07,20.8,0.0,25.8,53,1021.0
2024-02-08,20.4,0.0,22.9,55,1021.2
2024-02-09,19.2,0.0,17.5,63,1019.8
2024-02-10,18.6,0.0,17.7,68,1019.3
2024-02-11,18.2,7.9,18.4,80,1018.9
2024-02-12,18.8,56.9,34.6,87,1016.4
2024-02-13,20.5,0.8,27.0,81,1017.9
2024-02-14,21.5,0.8,22.1,84,1018.1
2024-02-15,21.9,0.0,17.1,84,1018.1
2024-02-16,22.7,0.0,16.6,82,1017.3
2024-02-17,23.0,0.0,24.9,74,1014.5
2024-02-18,21.3,0.0,34.0,69,1012.9
2024-02-19,20.4,0.0,31.3,68,1013.6
2024-02-20,20.9,0.0,25.5,73,1015.2
2024-02-21,21.2,0.0,29.1,66,1016.3
2024-02-22,20.3,0.0,20.9,71,1017.5
2024-02-23,19.5,0.0,18.5,81,1017.1
2024-02-24,21.0,0.0,18.0,74,1014.5
2024-02-25,22.9,0.7,32.0,61,1008.7
2024-02-26,21.0,0.4,32.5,72,1011.0
2024-02-27,20.3,0.0,19.0,64,1014.4
2024-02-28,19.9,0.0,22.2,74,1013.3
2024-02-29,20.9,0.0,36.9,59,1013.1
2024-03-01,18.7,0.0,32.7,50,1016.5
2024-03-02,18.5,0.0,24.2,45,1017.8
2024-03-03,18.4,0.0,23.0,51,1015.6
2024-03-04,21.9,1.9,27.9,58,1013.5
2024-03-05,20.9,3.6,29.0,82,1013.8
2024-03-06,19.7,0.0,19.2,76,1015.0
2024-03-07,19.6,0.0,12.6,78,1014.9
2024-03-08,23.4,0.0,23.2,72,1013.1
2024-03-09,20.4,37.2,27.1,86,1013.5
2024-03-10,19.5,0.0,14.4,86,1016.1
2024-03-11,19.9,0.0,20.5,80,1016.4
2024-03-12,21.0,0.0,31.2,73,1017.1
2024-03-13,20.3,0.0,16.9,83,1018.4
2024-03-14,22.0,0.0,14.7,78,1017.3
2024-03-15,21.5,0.0,24.3,78,1015.8
2024-03-16,23.1,0.0,15.6,74,1013.9
2024-03-17,24.4,0.0,15.6,72,1013.9
2024-03-18,23.0,0.0,22.4,79,1013.4
2024-03-19,25.2,0.0,16.9,71,1012.5
2024-03-20,26.2,0.0,30.7,65,1012.3
2024-03-21,22.9,0.0,20.9,81,1012.9
2024-03-22,22.5,0.0,20.3,79,1010.1
2024-03-23,26.0,1.0,17.4,68,1010.7
2024-03-24,27.5,0.3,25.5,56,1010.5
2024-03-25,27.6,0.0,35.3,58,1011.4
2024-03-26,22.9,0.0,33.8,68,1015.1
2024-03-27,21.9,0.0,33.8,65,1017.2
2024-03-28,22.9,0.0,36.0,65,1014.0
2024-03-29,22.9,0.0,29.9,67,1012.1
2024-03-30,22.8,0.1,26.7,77,1014.4
2024-03-31,23.0,0.0,22.0,78,1016.0
2024-04-01,22.5,0.0,24.1,69,1013.8
2024-04-02,23.3,0.0,22.7,61,1011.4
2024-04-03,23.8,0.0,21.7,53,1011.1
2024-04-04,23.7,0.0,24.1,56,1012.5
2024-04-05,23.0,0.0,20.4,64,1012.8
2024-04-06,23.2,0.0,20.1,61,1011.6
2024-04-07,23.6,0.0,21.6,62,1009.9
2024-04-08,26.1,0.0,19.8,54,1010.0
2024-04-09,26.9,0.0,16.5,57,1010.9
2024-04-10,27.2,0.0,19.8,59,1009.8
2024-04-11,27.1,0.0,24.9,63,1008.2
2024-04-12,26.8,0.0,20.6,64,1007.0
2024-04-13,26.1,4.4,28.1,56,1007.2
2024-04-14,24.8,0.0,24.9,59,1008.6
2024-04-15,26.4,13.0,33.7,56,1009.3
2024-04-16,23.4,100.3,34.5,83,1005.9
2024-04-17,23.2,0.9,31.6,79,1008.4
2024-04-18,23.0,0.0,18.4,77,1009.5
2024-04-19,22.9,0.0,15.0,77,1008.5
2024-04-20,22.9,0.0,16.9,81,1008.5
2024-04-21,23.5,0.0,16.5,85,1008.9
2024-04-22,25.7,0.0,18.0,69,1008.7
2024-04-23,27.7,0.0,25.7,66,1005.5
2024-04-24,24.9,0.0,23.5,72,1005.5
2024-04-25,25.7,0.0,30.1,48,1005.7
2024-04-26,26.6,0.0,29.7,59,1006.4
2024-04-27,27.7,0.0,30.4,58,1007.3
2024-04-28,30.2,0.0,31.6,42,1009.0
2024-04-29,31.6,0.0,24.9,43,1009.3
2024-04-30,30.8,0.0,22.1,54,1008.9
2024-05-01,31.5,0.0,31.1,49,1006.1
2024-05-02,24.7,14.5,33.5,80,1007.7
2024-05-03,25.6,0.0,16.6,78,1007.9
2024-05-04,28.0,0.0,27.5,64,1008.0
2024-05-05,29.0,0.0,14.7,59,1007.6
2024-05-06,28.8,0.0,19.4,59,1007.4
2024-05-07,30.4,0.0,26.2,48,1007.0
2024-05-08,30.6,0.0,23.4,54,1006.6
2024-05-09,30.1,0.0,25.2,58,1006.4
2024-05-10,27.6,0.0,24.1,65,1007.7
2024-05-11,27.5,0.0,22.0,74,1007.8
2024-05-12,29.3,0.0,24.5,57,1007.0
2024-05-13,32.2,0.0,27.1,42,1005.9
2024-05-14,33.5,0.0,27.2,36,1006.6
2024-05-15,33.2,0.0,31.1,37,1007.8
2024-05-16,32.6,0.0,31.3,38,1008.1
2024-05-17,32.2,0.0,27.5,44,1007.2
2024-05-18,31.7,0.0,19.7,51,1005.6
2024-05-19,29.8,0.0,26.7,63,1004.3
2024-05-20,29.5,0.0,28.9,69,1004.7
2024-05-21,29.0,0.0,19.1,71,1004.7
2024-05-22,30.4,0.0,18.9,52,1003.4
2024-05-23,32.3,0.0,24.9,43,1002.4
2024-05-24,32.0,0.0,30.7,57,1001.5
2024-05-25,31.3,0.0,21.9,64,1001.2
2024-05-26,31.4,0.0,18.1,66,1001.9
2024-05-27,33.1,0.0,20.6,50,1001.8
2024-05-28,31.8,0.0,26.1,62,1000.9
2024-05-29,31.1,0.0,19.1,71,1000.1
2024-05-30,31.9,0.0,17.6,69,1001.6
2024-05-31,33.0,0.0,21.5,65,1002.7
2024-06-01,34.2,0.0,17.1,49,1002.2
2024-06-02,33.2,0.0,19.6,59,1000.7
2024-06-03,32.9,0.0,21.9,62,1000.9
2024-06-04,32.4,0.0,21.1,63,1001.8
2024-06-05,31.3,0.0,22.7,65,1001.9
2024-06-06,31.1,0.0,20.2,60,1003.2
2024-06-07,31.8,0.0,28.2,53,1001.6
2024-06-08,34.3,0.0,27.4,47,1000.6
2024-06-09,35.7,0.0,27.6,46,1001.8
2024-06-10,34.9,0.0,23.0,44,1002.9
2024-06-11,34.4,0.0,28.8,47,1002.6
2024-06-12,34.2,0.0,27.1,44,1001.4
2024-06-13,34.8,0.0,23.6,45,999.7
2024-06-14,33.2,0.0,27.1,54,998.4
2024-06-15,33.6,0.0,16.5,33,998.5
2024-06-16,34.5,0.0,25.9,41,999.6
2024-06-17,34.7,0.0,23.9,57,1000.4
2024-06-18,34.7,0.0,23.6,51,1000.0
2024-06-19,35.2,0.0,30.2,54,997.9
2024-06-20,35.4,0.0,20.8,48,996.2
2024-06-21,34.7,0.0,23.1,58,995.5
2024-06-22,34.9,0.0,24.4,66,995.6
2024-06-23,35.8,0.0,19.9,59,997.4
2024-06-24,36.0,0.0,23.7,53,997.2
2024-06-25,35.4,0.0,20.1,52,994.9
2024-06-26,35.0,0.0,19.6,57,993.6
2024-06-27,34.3,0.0,19.0,50,994.8
2024-06-28,33.7,0.0,21.7,63,994.8
2024-06-29,33.6,0.0,27.9,69,995.1
2024-06-30,33.3,0.0,23.0,61,996.3
2024-07-01,33.8,0.0,23.9,53,994.1
2024-07-02,34.8,0.0,21.1,49,991.9
2024-07-03,35.0,0.0,26.0,61,992.6
2024-07-04,35.2,0.0,30.9,54,995.2
2024-07-05,34.4,0.0,23.0,56,994.4
2024-07-06,34.0,0.0,20.6,60,993.4
2024-07-07,35.1,0.0,20.6,49,993.9
2024-07-08,35.1,0.0,24.0,61,995.3
2024-07-09,38.7,0.0,25.5,41,997.1
2024-07-10,37.6,0.0,24.0,42,999.2
2024-07-11,36.6,0.0,28.0,57,997.9
2024-07-12,35.6,0.0,28.1,60,994.8
2024-07-13,35.3,0.0,19.8,52,994.0
2024-07-14,34.8,0.0,21.8,56,993.8
2024-07-15,34.6,0.0,21.1,71,995.0
2024-07-16,37.9,0.0,30.8,54,995.8
2024-07-17,36.3,0.0,25.9,61,996.1
2024-07-18,35.7,0.0,24.8,58,995.0
2024-07-19,34.7,0.0,21.7,71,992.8
2024-07-20,34.7,0.0,23.8,75,993.7
2024-07-21,35.8,0.0,27.9,71,994.5
2024-07-22,34.8,0.0,25.0,75,995.1
2024-07-23,34.6,0.0,20.1,69,995.3
2024-07-24,35.2,0.0,23.4,56,992.8
2024-07-25,35.5,0.0,22.7,53,992.1
2024-07-26,35.8,0.0,20.3,54,994.0
2024-07-27,35.8,0.0,25.2,54,995.5
2024-07-28,35.9,0.0,30.6,58,993.6
2024-07-29,35.2,0.0,22.3,61,992.3
2024-07-30,38.0,0.0,27.9,50,993.8
2024-07-31,38.0,0.0,24.0,44,995.7
2024-08-01,37.2,0.0,27.3,53,995.2
2024-08-02,35.5,0.0,21.0,66,993.2
2024-08-03,35.5,0.0,22.5,67,994.0
2024-08-04,34.5,0.0,19.8,68,994.6
2024-08-05,36.0,0.0,38.8,57,995.6
2024-08-06,34.7,0.0,22.4,52,997.5
2024-08-07,36.0,0.0,26.7,55,997.2
2024-08-08,36.3,0.0,30.6,53,997.3
2024-08-09,36.1,0.0,31.2,51,999.3
2024-08-10,36.1,0.0,27.5,48,999.5
2024-08-11,35.9,0.0,21.1,53,997.4
2024-08-12,36.2,0.0,24.6,55,996.9
2024-08-13,37.1,0.0,24.9,50,998.5
2024-08-14,37.2,0.0,24.3,51,999.2
2024-08-15,36.0,0.0,23.6,59,998.4
2024-08-16,34.7,0.0,20.2,62,995.8
2024-08-17,36.1,0.0,29.2,53,996.4
2024-08-18,35.5,0.0,33.8,54,999.3
2024-08-19,35.8,0.0,23.0,51,999.8
2024-08-20,35.1,0.0,27.1,53,999.8
2024-08-21,34.5,0.0,24.6,52,1001.8
2024-08-22,34.3,0.0,23.1,57,1001.9
2024-08-23,34.5,0.0,22.4,62,1001.9
2024-08-24,35.5,0.0,20.8,55,1001.5
2024-08-25,35.0,0.0,26.3,63,1000.8
2024-08-26,33.8,0.0,19.6,67,999.6
2024-08-27,33.6,0.0,25.2,76,998.4
2024-08-28,34.6,0.0,29.1,71,998.4
2024-08-29,34.5,0.0,20.5,65,997.9
2024-08-30,34.0,0.0,21.1,77,997.6
2024-08-31,37.0,0.0,34.0,39,999.0
2024-09-01,34.4,0.0,30.0,53,1001.8
2024-09-02,34.4,0.0,27.9,55,1001.9
2024-09-03,34.7,0.0,27.6,49,1001.8
2024-09-04,34.3,0.0,28.9,53,1002.2
2024-09-05,33.2,0.0,30.2,63,1000.7
2024-09-06,31.7,0.0,19.1,68,1001.4
2024-09-07,32.9,0.0,23.2,67,1002.4
2024-09-08,34.3,0.0,24.0,59,1003.6
2024-09-09,33.1,0.0,20.1,65,1002.8
2024-09-10,32.4,0.0,16.6,77,1001.1
2024-09-11,33.3,0.0,28.0,51,1000.5
2024-09-12,34.3,0.0,27.8,43,1000.7
2024-09-13,33.2,0.0,23.3,53,1000.4
2024-09-14,33.0,0.0,28.4,65,1000.3
2024-09-15,33.1,0.0,17.2,61,1001.9
2024-09-16,31.9,0.0,20.2,62,1004.3
2024-09-17,31.5,0.0,24.1,64,1005.7
2024-09-18,32.2,0.0,22.5,64,1005.0
2024-09-19,32.3,0.0,24.7,65,1005.3
2024-09-20,32.5,0.0,24.3,64,1005.7
2024-09-21,32.3,0.0,19.9,66,1005.4
2024-09-22,32.9,0.0,18.9,62,1005.0
2024-09-23,33.2,0.0,20.9,55,1004.9
2024-09-24,32.7,0.0,20.6,68,1003.3
2024-09-25,32.6,0.0,21.7,77,1001.7
2024-09-26,31.7,0.0,21.8,80,1001.2
2024-09-27,31.5,0.0,18.0,78,1002.1
2024-09-28,32.1,0.0,20.4,75,1003.0
2024-09-29,33.2,0.0,24.9,61,1005.2
2024-09-30,33.2,0.5,25.0,52,1008.2
2024-10-01,32.5,0.0,23.8,59,1007.6
2024-10-02,33.1,0.0,20.9,60,1008.2
2024-10-03,32.5,0.0,22.3,65,1007.2
2024-10-04,32.7,0.0,28.9,66,1005.2
2024-10-05,31.9,0.0,21.8,55,1005.8
2024-10-06,30.5,0.0,21.7,62,1007.9
2024-10-07,32.4,0.0,25.4,50,1010.7
2024-10-08,32.0,0.0,28.3,54,1011.5
2024-10-09,31.2,0.0,24.6,57,1010.2
2024-10-10,31.3,0.0,19.8,63,1009.1
2024-10-11,31.6,0.0,18.1,60,1008.7
2024-10-12,30.9,0.0,20.5,62,1008.4
2024-10-13,30.5,0.0,15.2,55,1008.3
2024-10-14,31.5,0.0,29.4,50,1008.3
2024-10-15,30.9,0.2,23.3,54,1009.7
2024-10-16,30.5,0.1,25.1,57,1009.9
2024-10-17,30.1,0.0,24.4,65,1009.3
2024-10-18,30.8,0.0,19.6,68,1008.8
2024-10-19,31.6,0.0,21.2,66,1010.0
2024-10-20,31.2,0.0,18.7,70,1010.0
2024-10-21,30.9,0.0,26.0,72,1009.3
2024-10-22,30.1,0.0,23.9,74,1010.4
2024-10-23,30.8,0.0,22.4,64,1011.6
2024-10-24,31.6,0.1,27.4,57,1012.0
2024-10-25,30.7,0.0,20.8,62,1012.7
2024-10-26,30.6,0.0,21.6,63,1013.2
2024-10-27,30.3,0.0,24.2,64,1012.0
2024-10-28,30.1,0.0,25.7,54,1009.8
2024-10-29,29.5,0.0,28.7,55,1010.1
2024-10-30,28.9,0.0,19.6,57,1010.9
2024-10-31,28.3,0.0,20.4,63,1012.2
2024-11-01,28.8,0.0,22.2,64,1014.2
2024-11-02,28.0,0.0,17.9,71,1014.5
2024-11-03,27.4,0.0,18.7,74,1013.6
2024-11-04,27.3,0.0,16.7,74,1012.6
2024-11-05,27.8,0.0,20.5,68,1013.1
2024-11-06,28.2,0.0,20.9,69,1015.2
2024-11-07,28.4,0.0,18.7,71,1015.1
2024-11-08,26.9,0.0,16.3,73,1014.1
2024-11-09,26.3,0.0,16.6,66,1014.1
2024-11-10,27.1,0.0,18.8,65,1015.2
2024-11-11,27.1,0.0,16.4,70,1015.2
2024-11-12,27.5,0.0,16.8,66,1013.6
2024-11-13,27.3,0.0,13.2,71,1011.4
2024-11-14,28.1,0.0,13.7,69,1012.0
2024-11-15,28.5,0.0,14.4,58,1014.2
2024-11-16,27.5,0.0,17.7,52,1014.1
2024-11-17,26.7,0.0,12.4,49,1013.3
2024-11-18,25.9,0.0,12.2,53,1014.5
2024-11-19,25.9,0.0,14.7,60,1015.4
2024-11-20,25.9,0.0,11.4,53,1015.1
2024-11-21,25.8,0.0,12.0,61,1014.7
2024-11-22,26.0,0.0,12.6,74,1014.0
2024-11-23,26.3,0.0,12.0,74,1014.0
2024-11-24,26.2,0.0,11.4,69,1013.4
2024-11-25,26.2,0.0,14.7,67,1014.1
2024-11-26,26.2,0.0,10.9,60,1015.2
2024-11-27,26.3,0.0,10.1,67,1014.0
2024-11-28,26.1,0.2,21.6,73,1014.6
2024-11-29,24.9,0.0,22.5,61,1016.3
2024-11-30,24.7,0.0,25.2,54,1015.5
2024-12-01,23.9,0.0,21.7,53,1013.7
2024-12-02,22.9,0.0,13.5,55,1014.0
2024-12-03,22.3,0.0,14.8,48,1016.5
2024-12-04,22.0,0.0,14.4,44,1017.5
2024-12-05,22.1,0.0,10.6,57,1017.7
2024-12-06,24.4,0.0,13.1,64,1017.6
2024-12-07,25.1,0.0,14.4,58,1017.5
2024-12-08,23.7,0.0,15.6,45,1019.1
2024-12-09,23.1,0.0,17.5,50,1017.7
2024-12-10,22.8,0.0,10.6,61,1016.9
2024-12-11,23.5,0.0,18.6,48,1018.3
2024-12-12,23.2,0.0,14.1,50,1017.5
2024-12-13,22.0,0.0,13.8,58,1016.4
2024-12-14,22.6,0.0,17.3,55,1016.9
2024-12-15,21.6,1.2,21.4,58,1019.8
2024-12-16,21.9,0.0,11.3,50,1021.0
2024-12-17,21.4,0.1,19.1,54,1018.9
2024-12-18,22.2,0.1,19.1,51,1016.5
2024-12-19,20.8,0.0,12.8,58,1016.2
2024-12-20,20.4,0.0,14.5,55,1016.8
2024-12-21,20.4,0.0,15.5,56,1015.2
2024-12-22,20.7,0.0,19.4,58,1015.0
2024-12-23,20.5,0.0,11.8,62,1016.4
2024-12-24,21.6,0.0,13.4,61,1017.3
2024-12-25,21.9,0.0,10.1,61,1018.6
2024-12-26,20.6,0.1,11.1,67,1021.1
2024-12-27,21.6,0.0,16.5,56,1021.5
2024-12-28,21.3,0.0,10.4,56,1020.5
2024-12-29,21.4,0.0,12.4,65,1019.4
2024-12-30,21.4,0.0,10.3,77,1017.8
2024-12-31,21.9,0.0,10.0,74,1016.8
