DATE,TG,RR,WS,HU,PP
2015-01-01,-1.3,5.8,20.5,91,983.6
2015-01-02,-1.9,2.1,21.0,84,996.2
2015-01-03,-1.7,1.1,17.4,78,1009.3
2015-01-04,2.4,24.6,51.2,90,993.9
2015-01-05,1.1,4.6,30.7,85,981.7
2015-01-06,1.0,10.8,46.8,86,981.0
2015-01-07,2.5,20.4,41.0,87,951.2
2015-01-08,0.0,2.1,38.5,76,970.9
2015-01-09,-2.1,0.5,20.1,78,976.3
2015-01-10,-4.0,0.4,13.4,84,977.1
2015-01-11,-6.5,1.7,22.6,77,978.6
2015-01-12,-4.1,0.0,16.4,75,965.3
2015-01-13,-0.4,0.3,26.1,69,973.1
2015-01-14,-4.8,0.0,18.3,70,984.9
2015-01-15,-6.5,0.0,21.1,77,993.4
2015-01-16,-3.3,0.0,20.8,74,995.2
2015-01-17,-4.5,0.2,19.1,85,1012.2
2015-01-18,-8.4,0.0,39.2,78,1022.9
2015-01-19,2.6,13.2,45.6,87,989.8
2015-01-20,0.6,4.7,24.8,92,984.2
2015-01-21,1.2,5.7,33.4,93,1001.5
2015-01-22,2.0,10.4,32.9,91,990.3
2015-01-23,-1.1,2.7,29.6,76,983.8
2015-01-24,0.1,15.2,42.1,81,993.2
2015-01-25,2.1,5.8,46.6,81,977.4
2015-01-26,1.9,9.5,39.0,83,996.0
2015-01-27,1.5,4.6,28.3,86,986.7
2015-01-28,-4.1,0.2,12.4,89,977.9
2015-01-29,-2.6,0.0,23.1,80,996.6
2015-01-30,-5.9,0.0,15.6,81,1008.9
2015-01-31,-6.5,1.0,14.5,84,1015.1
2015-02-01,-1.8,5.4,17.1,94,1006.4
2015-02-02,-4.4,0.0,22.8,81,1020.1
2015-02-03,-7.9,0.6,27.8,77,1023.2
2015-02-04,3.3,2.9,28.6,83,1015.4
2015-02-05,4.6,0.5,25.5,89,1018.4
2015-02-06,2.8,6.1,42.5,79,1015.8
2015-02-07,3.7,1.3,34.2,87,1029.1
2015-02-08,6.1,10.2,37.9,96,1013.5
2015-02-09,3.1,9.2,34.5,86,1000.6
2015-02-10,-1.4,0.8,38.4,65,996.5
2015-02-11,-3.4,0.1,25.0,61,1005.3
2015-02-12,-5.8,0.0,18.8,62,1010.2
2015-02-13,-4.9,0.0,12.7,59,1004.1
2015-02-14,3.0,35.5,39.3,93,977.9
2015-02-15,1.7,5.6,28.2,94,968.7
2015-02-16,-2.9,1.5,36.0,69,980.8
2015-02-17,-2.0,6.4,36.8,77,994.0
2015-02-18,3.2,16.0,37.5,89,975.4
2015-02-19,0.0,3.4,23.0,92,978.7
2015-02-20,-3.7,0.1,18.1,79,997.5
2015-02-21,-7.1,0.5,26.5,67,1003.1
2015-02-22,-3.1,5.0,37.4,64,972.6
2015-02-23,-4.1,0.0,27.1,65,979.6
2015-02-24,-2.8,0.0,20.3,74,990.1
2015-02-25,0.2,16.5,46.9,83,973.9
2015-02-26,-1.7,0.2,36.2,82,961.9
2015-02-27,-3.2,0.0,34.1,75,984.3
2015-02-28,-2.9,0.0,19.0,76,978.1
2015-03-01,-4.2,0.8,17.3,72,977.4
2015-03-02,-4.2,0.2,19.4,71,979.7
2015-03-03,-3.4,0.6,15.4,72,995.9
2015-03-04,0.2,15.6,44.9,85,996.4
2015-03-05,1.5,3.2,35.4,79,989.2
2015-03-06,1.4,16.7,42.6,88,969.7
2015-03-07,-0.0,2.4,24.7,83,968.7
2015-03-08,-0.7,2.7,30.5,73,983.7
2015-03-09,-1.7,0.7,18.3,78,995.7
2015-03-10,-1.1,12.0,51.8,81,993.7
2015-03-11,-1.2,3.5,30.5,75,991.4
2015-03-12,0.6,11.4,30.1,89,987.4
2015-03-13,3.1,11.6,50.4,80,997.0
2015-03-14,5.0,19.0,63.8,88,995.8
2015-03-15,2.3,13.3,39.1,90,1010.1
2015-03-16,3.5,6.8,53.9,83,1006.2
2015-03-17,0.2,0.4,13.7,78,1024.3
2015-03-18,-0.7,10.0,34.8,85,1020.3
2015-03-19,4.4,8.6,32.4,95,1014.5
2015-03-20,2.4,4.1,40.5,93,1025.2
2015-03-21,4.8,12.0,40.1,91,1011.6
2015-03-22,2.6,5.0,23.7,88,1000.9
2015-03-23,-1.4,0.0,22.8,77,1006.4
2015-03-24,-0.3,1.2,37.3,73,1014.2
2015-03-25,1.6,23.3,38.7,91,991.4
2015-03-26,-0.0,2.2,23.3,79,992.9
2015-03-27,-0.3,3.5,31.3,80,988.4
2015-03-28,-1.0,1.6,23.5,77,985.4
2015-03-29,-1.2,6.9,17.6,85,978.2
2015-03-30,-5.2,0.0,13.4,78,985.7
2015-03-31,-7.0,0.0,10.2,72,998.4
2015-04-01,-5.7,0.0,19.6,66,1019.0
2015-04-02,-2.9,3.5,31.2,75,1014.8
2015-04-03,3.6,10.3,32.7,92,1005.9
2015-04-04,5.2,4.1,29.8,94,1006.1
2015-04-05,6.5,7.6,29.3,94,1006.5
2015-04-06,4.5,5.5,31.2,89,1004.7
2015-04-07,2.2,3.9,38.5,76,1013.0
2015-04-08,1.0,3.5,24.0,75,1010.2
2015-04-09,-0.2,2.0,14.3,78,1003.3
2015-04-10,-1.5,2.1,30.9,74,994.6
2015-04-11,-1.5,1.4,32.7,77,985.6
2015-04-12,-1.7,1.9,27.5,72,1003.2
2015-04-13,3.9,17.1,36.2,94,982.2
2015-04-14,3.2,5.2,24.3,92,987.1
2015-04-15,3.4,0.0,14.8,78,1002.3
2015-04-16,5.6,1.2,21.8,87,1006.5
2015-04-17,5.9,9.2,26.6,87,1012.7
2015-04-18,6.4,0.1,32.7,83,1025.4
2015-04-19,7.7,0.0,38.5,86,1022.2
2015-04-20,6.3,10.8,31.6,93,1016.8
2015-04-21,4.2,3.0,35.6,77,1021.8
2015-04-22,5.1,1.6,27.8,71,1023.2
2015-04-23,1.2,0.1,20.6,59,1020.1
2015-04-24,-0.8,0.4,25.3,55,1019.7
2015-04-25,-1.9,0.0,18.9,45,1022.3
2015-04-26,-2.3,0.0,34.7,53,1024.8
2015-04-27,-0.4,0.0,36.8,62,1014.5
2015-04-28,2.3,0.0,30.3,63,1016.1
2015-04-29,2.3,0.0,15.9,60,1020.7
2015-04-30,1.3,0.0,16.8,67,1018.7
2015-05-01,1.5,0.0,14.3,62,1014.7
2015-05-02,2.6,0.7,12.4,65,1013.0
2015-05-03,3.3,0.0,19.6,58,1013.6
2015-05-04,1.4,0.0,21.1,52,1012.9
2015-05-05,1.5,0.0,13.6,49,1012.3
2015-05-06,1.9,0.0,20.1,53,1014.0
2015-05-07,0.1,0.0,22.3,51,1017.5
2015-05-08,0.2,0.0,21.6,53,1017.5
2015-05-09,3.6,0.0,13.9,59,1017.9
2015-05-10,3.7,1.4,15.3,69,1012.1
2015-05-11,3.1,0.0,14.7,53,1002.2
2015-05-12,3.1,0.0,11.8,61,1007.7
2015-05-13,5.7,0.0,33.3,70,1013.2
2015-05-14,6.8,17.8,39.6,88,1006.0
2015-05-15,6.5,13.0,27.5,87,985.3
2015-05-16,6.3,7.2,14.5,80,979.5
2015-05-17,6.1,1.6,27.9,78,993.6
2015-05-18,5.7,0.0,26.1,69,1007.4
2015-05-19,4.9,4.1,33.2,82,1004.9
2015-05-20,5.6,7.6,22.4,85,998.4
2015-05-21,4.6,3.3,25.5,77,999.9
2015-05-22,6.8,0.0,29.5,73,1014.9
2015-05-23,6.1,9.7,35.4,84,1001.0
2015-05-24,6.6,0.5,24.7,80,1002.9
2015-05-25,5.5,5.1,26.8,83,1009.4
2015-05-26,5.6,7.3,20.7,87,1003.9
2015-05-27,6.2,3.5,24.1,78,1000.1
2015-05-28,4.4,0.0,30.0,70,1005.5
2015-05-29,6.6,0.0,16.2,66,1008.0
2015-05-30,7.1,1.1,34.8,73,1003.2
2015-05-31,8.1,1.3,20.9,59,1001.0
2015-06-01,8.6,0.2,22.9,58,1000.5
2015-06-02,5.3,0.0,25.7,65,1005.0
2015-06-03,7.9,2.0,16.8,68,1010.6
2015-06-04,8.0,2.4,11.0,75,1016.7
2015-06-05,7.9,4.0,14.8,77,1016.9
2015-06-06,7.1,0.0,21.0,73,1016.2
2015-06-07,7.4,1.6,20.4,77,1024.7
2015-06-08,7.2,11.4,39.5,90,1019.4
2015-06-09,7.0,0.8,24.5,78,1014.2
2015-06-10,7.6,3.6,10.5,83,1014.9
2015-06-11,7.3,1.0,19.8,82,1013.3
2015-06-12,6.4,7.8,12.7,79,1017.8
2015-06-13,7.9,0.0,17.5,66,1020.2
2015-06-14,9.1,0.0,10.0,63,1017.0
2015-06-15,9.5,0.0,29.6,71,1010.3
2015-06-16,10.2,8.8,30.1,89,995.7
2015-06-17,9.2,0.7,15.6,93,997.4
2015-06-18,8.8,0.5,17.7,91,1009.7
2015-06-19,8.5,0.0,23.2,83,1012.4
2015-06-20,11.1,1.2,20.1,78,1010.1
2015-06-21,12.3,0.0,11.6,79,1015.5
2015-06-22,11.0,0.0,10.3,83,1021.2
2015-06-23,9.7,0.0,4.8,86,1022.3
2015-06-24,9.4,1.2,10.2,82,1021.1
2015-06-25,10.4,0.0,11.4,72,1018.2
2015-06-26,12.5,1.4,14.2,65,1009.0
2015-06-27,13.7,1.0,21.5,67,1007.2
2015-06-28,14.1,2.7,21.5,67,1004.1
2015-06-29,12.7,1.4,9.4,75,1007.5
2015-06-30,13.3,2.1,20.5,69,1007.2
2015-07-01,12.3,1.8,17.0,75,1005.2
2015-07-02,11.9,7.6,9.0,88,1012.5
2015-07-03,12.2,6.7,5.9,89,1018.7
2015-07-04,14.6,0.0,10.5,77,1020.9
2015-07-05,13.0,3.1,11.2,83,1014.5
2015-07-06,12.5,3.1,10.9,86,1016.6
2015-07-07,12.7,0.0,19.0,78,1019.2
2015-07-08,11.5,0.1,16.2,77,1022.0
2015-07-09,10.3,0.0,20.2,65,1018.6
2015-07-10,10.6,6.4,11.2,74,1013.9
2015-07-11,10.8,0.0,11.9,66,1005.2
2015-07-12,11.8,0.8,7.8,72,1004.8
2015-07-13,11.5,12.5,9.2,92,1006.6
2015-07-14,10.5,9.9,7.7,90,1007.1
2015-07-15,11.7,1.5,11.2,81,1013.5
2015-07-16,11.7,3.0,6.3,80,1016.3
2015-07-17,12.9,0.1,17.5,74,1015.3
2015-07-18,10.8,0.0,20.6,71,1011.2
2015-07-19,8.7,0.0,36.0,68,1010.3
2015-07-20,10.0,3.5,24.2,69,1005.4
2015-07-21,10.9,0.0,17.4,65,1006.1
2015-07-22,11.3,0.0,18.2,67,1008.9
2015-07-23,11.9,1.5,10.8,70,1011.3
2015-07-24,11.4,3.9,9.2,80,1014.4
2015-07-25,10.6,6.7,6.6,81,1014.0
2015-07-26,10.4,8.4,11.3,86,1013.1
2015-07-27,11.1,3.9,9.1,75,1013.8
2015-07-28,11.5,0.8,7.6,72,1015.2
2015-07-29,10.4,0.5,14.8,79,1014.7
2015-07-30,11.3,10.3,15.5,74,1012.3
2015-07-31,9.5,0.0,22.0,75,1011.3
2015-08-01,8.8,0.0,19.2,71,1007.8
2015-08-02,11.5,0.0,12.2,72,1013.9
2015-08-03,12.7,0.0,11.6,72,1013.3
2015-08-04,12.7,0.0,20.6,66,1006.0
2015-08-05,12.4,0.0,24.0,67,999.9
2015-08-06,10.6,0.0,19.2,76,1000.2
2015-08-07,11.5,0.9,15.3,80,1003.4
2015-08-08,10.9,2.2,22.4,78,997.6
2015-08-09,11.1,0.0,21.7,78,994.3
2015-08-10,8.7,0.0,16.8,75,1001.6
2015-08-11,10.4,0.0,16.7,73,1006.0
2015-08-12,9.4,16.2,36.4,94,999.7
2015-08-13,8.8,11.7,32.7,88,989.3
2015-08-14,10.5,5.2,18.4,78,990.4
2015-08-15,9.6,9.3,14.2,89,998.7
2015-08-16,8.8,8.1,13.9,91,1000.7
2015-08-17,9.8,2.2,11.9,85,1013.1
2015-08-18,10.0,2.0,20.4,85,1013.8
2015-08-19,13.3,0.5,18.7,77,1007.7
2015-08-20,13.0,7.0,12.8,85,999.8
2015-08-21,12.2,13.1,13.0,89,991.8
2015-08-22,11.4,8.4,12.1,92,994.6
2015-08-23,11.5,1.4,16.6,91,1009.2
2015-08-24,11.8,8.5,13.5,91,1006.2
2015-08-25,16.1,3.7,15.0,73,1003.9
2015-08-26,13.1,1.3,22.7,82,997.2
2015-08-27,12.3,2.4,20.9,80,989.7
2015-08-28,8.3,0.0,28.3,78,1000.4
2015-08-29,7.5,0.0,21.1,73,1012.4
2015-08-30,8.0,0.0,12.3,81,1019.1
2015-08-31,9.2,0.0,11.6,85,1023.2
2015-09-01,9.1,0.0,7.9,88,1027.2
2015-09-02,9.8,0.0,15.4,88,1027.5
2015-09-03,9.3,3.4,21.1,90,1022.6
2015-09-04,8.4,0.0,14.8,84,1027.0
2015-09-05,9.8,3.1,23.0,96,1019.8
2015-09-06,10.4,4.4,26.8,90,1020.1
2015-09-07,11.5,6.0,33.8,93,1016.3
2015-09-08,11.5,6.6,40.7,93,1008.3
2015-09-09,11.9,7.2,51.6,86,997.5
2015-09-10,10.4,9.2,47.4,86,999.2
2015-09-11,9.5,2.8,21.8,85,1004.1
2015-09-12,8.8,2.6,15.3,87,1003.8
2015-09-13,9.2,0.4,15.9,84,1001.1
2015-09-14,9.7,2.1,10.1,91,1003.0
2015-09-15,9.5,0.0,24.4,81,1010.1
2015-09-16,7.8,0.0,23.2,80,1009.1
2015-09-17,9.1,0.0,11.8,87,1008.1
2015-09-18,8.4,0.0,12.7,84,1010.5
2015-09-19,10.1,3.0,37.5,87,1005.0
2015-09-20,9.9,13.0,28.3,94,995.0
2015-09-21,8.3,0.6,17.2,83,1001.3
2015-09-22,6.7,14.7,31.6,95,995.6
2015-09-23,7.0,0.1,16.8,83,985.6
2015-09-24,6.5,0.0,8.0,85,996.8
2015-09-25,6.8,0.0,20.9,91,1004.8
2015-09-26,10.0,5.5,39.1,90,999.9
2015-09-27,7.6,7.7,29.1,88,1012.0
2015-09-28,6.8,12.8,16.6,94,1009.0
2015-09-29,7.0,6.4,32.8,81,1015.3
2015-09-30,8.1,13.3,35.2,94,1017.0
2015-10-01,8.2,16.8,34.1,95,1008.0
2015-10-02,4.5,3.2,18.2,88,1011.4
2015-10-03,2.3,2.2,16.1,89,1003.6
2015-10-04,5.8,27.8,39.2,96,988.7
2015-10-05,5.0,11.2,25.3,91,990.4
2015-10-06,5.1,9.7,28.2,93,982.4
2015-10-07,6.4,9.6,32.6,88,991.1
2015-10-08,4.9,2.5,18.6,89,1000.6
2015-10-09,3.8,1.1,19.6,95,1007.9
2015-10-10,4.5,0.0,14.1,86,1015.4
2015-10-11,4.6,0.4,17.4,83,1010.7
2015-10-12,5.9,6.6,27.2,96,1011.9
2015-10-13,5.9,10.5,14.6,92,1008.4
2015-10-14,5.1,0.8,19.2,88,1011.4
2015-10-15,6.3,0.0,19.9,81,1018.8
2015-10-16,7.3,1.2,25.8,87,1018.6
2015-10-17,8.4,4.1,31.9,89,1012.4
2015-10-18,6.2,4.3,22.2,81,1012.4
2015-10-19,5.1,6.3,15.9,95,1009.7
2015-10-20,3.0,18.2,25.1,99,999.0
2015-10-21,3.9,2.2,15.7,92,986.0
2015-10-22,3.4,7.3,16.9,95,989.8
2015-10-23,2.8,5.8,17.4,96,980.4
2015-10-24,1.1,0.3,17.7,79,993.8
2015-10-25,0.5,5.4,17.1,77,1003.5
2015-10-26,-2.0,0.0,14.6,75,1015.2
2015-10-27,1.7,2.6,27.1,82,1012.1
2015-10-28,8.3,7.4,27.7,88,998.8
2015-10-29,8.7,8.1,34.6,86,985.7
2015-10-30,4.9,6.1,32.1,87,994.4
2015-10-31,3.0,0.0,18.3,91,994.1
2015-11-01,4.7,6.0,23.2,91,990.3
2015-11-02,5.3,8.8,25.6,92,992.0
2015-11-03,3.9,2.7,22.0,88,1001.9
2015-11-04,3.4,2.2,20.5,91,1007.8
2015-11-05,7.2,8.5,34.8,88,992.7
2015-11-06,6.6,11.2,20.4,95,982.3
2015-11-07,5.5,10.3,23.0,95,977.0
2015-11-08,3.9,2.5,21.9,95,981.6
2015-11-09,1.0,1.0,17.0,95,980.6
2015-11-10,2.7,2.0,21.5,92,984.0
2015-11-11,3.5,4.3,22.5,93,982.0
2015-11-12,1.3,5.3,19.3,93,988.0
2015-11-13,-1.4,0.0,12.1,92,994.0
2015-11-14,-0.2,0.0,8.4,95,1001.0
2015-11-15,-1.7,0.0,15.7,92,996.4
2015-11-16,2.1,0.0,23.3,79,992.7
2015-11-17,1.3,0.0,18.8,66,1000.7
2015-11-18,-1.3,0.0,17.9,67,1008.3
2015-11-19,-4.0,0.0,17.5,65,1019.6
2015-11-20,-3.3,0.8,15.2,66,1018.7
2015-11-21,1.0,0.0,12.6,93,1014.9
2015-11-22,3.1,9.5,34.9,98,1008.0
2015-11-23,3.3,5.8,34.4,90,983.0
2015-11-24,0.1,0.0,18.1,87,995.7
2015-11-25,3.5,4.7,30.9,92,1000.4
2015-11-26,2.3,5.6,34.9,89,985.3
2015-11-27,-3.0,1.1,13.2,89,978.8
2015-11-28,-7.5,1.0,9.2,85,979.0
2015-11-29,-7.0,0.0,14.9,84,981.4
2015-11-30,-6.7,0.6,13.4,87,997.4
2015-12-01,-2.0,21.5,43.3,85,989.7
2015-12-02,-4.5,0.0,16.3,82,985.1
2015-12-03,-4.9,2.7,10.8,88,988.6
2015-12-04,-5.0,1.8,20.6,83,975.0
2015-12-05,-1.2,0.6,32.1,81,971.4
2015-12-06,-7.9,0.0,25.2,83,999.9
2015-12-07,-1.0,4.6,43.3,77,997.7
2015-12-08,3.7,12.7,39.6,85,966.0
2015-12-09,-2.7,0.1,18.8,85,990.4
2015-12-10,-3.6,0.0,14.9,89,992.2
2015-12-11,-6.6,0.0,12.2,92,1008.4
2015-12-12,-9.8,0.0,8.1,91,1012.1
2015-12-13,-7.7,0.0,11.8,92,1011.3
2015-12-14,0.8,7.6,20.4,91,1011.9
2015-12-15,2.7,0.3,17.4,91,1012.4
2015-12-16,1.1,0.0,12.7,91,1001.3
2015-12-17,-0.1,6.1,26.1,81,982.6
2015-12-18,-2.2,0.9,22.4,78,988.8
2015-12-19,-0.8,0.3,19.1,78,977.6
2015-12-20,0.1,3.2,12.9,87,978.2
2015-12-21,0.5,6.8,15.0,90,977.0
2015-12-22,-1.4,2.4,15.2,95,969.9
2015-12-23,-1.3,3.4,9.0,94,978.2
2015-12-24,-3.6,1.5,22.9,76,993.0
2015-12-25,-8.9,0.0,21.8,64,1013.6
2015-12-26,-1.7,3.2,22.1,80,1007.6
2015-12-27,1.9,5.7,38.6,88,990.1
2015-12-28,2.0,14.9,29.6,93,974.4
2015-12-29,0.5,5.8,28.4,86,977.9
2015-12-30,1.1,12.8,40.3,86,952.0
2015-12-31,0.2,2.9,32.0,79,972.0
2016-01-01,-0.5,8.8,25.9,87,984.3
2016-01-02,-1.6,0.9,13.6,81,995.6
2016-01-03,-4.1,0.6,12.2,81,1000.8
2016-01-04,0.3,0.4,13.4,78,1002.5
2016-01-05,-4.2,0.0,18.4,76,1003.1
2016-01-06,-1.0,0.0,28.7,65,986.3
2016-01-07,3.9,7.2,33.3,71,985.9
2016-01-08,1.6,0.7,27.3,62,997.1
2016-01-09,-0.5,0.1,17.9,66,1004.0
2016-01-10,-4.8,0.0,10.5,68,1008.3
2016-01-11,-4.6,7.9,22.0,73,1009.2
2016-01-12,-4.9,6.1,27.4,69,1017.5
2016-01-13,-5.7,0.0,15.1,88,1019.6
2016-01-14,-8.1,0.0,10.4,91,1022.8
2016-01-15,-4.6,1.5,25.3,73,1022.7
2016-01-16,1.2,3.0,23.2,85,1020.6
2016-01-17,1.2,0.0,18.7,78,1018.3
2016-01-18,-1.3,0.0,14.6,79,1018.4
2016-01-19,-1.0,0.0,14.5,76,1016.4
2016-01-20,1.2,0.6,24.3,81,1010.2
2016-01-21,4.6,1.9,32.1,83,995.1
2016-01-22,5.0,11.3,25.8,91,974.0
2016-01-23,4.2,7.3,30.2,91,982.4
2016-01-24,4.6,9.8,39.0,92,982.8
2016-01-25,2.1,9.6,38.2,88,973.0
2016-01-26,-0.7,3.7,20.9,85,976.7
2016-01-27,-3.1,1.6,19.6,77,973.5
2016-01-28,-4.6,2.4,15.9,88,979.2
2016-01-29,-5.3,0.0,22.1,72,973.2
2016-01-30,-8.6,0.0,17.0,83,989.6
2016-01-31,-12.3,0.0,20.5,75,993.6
2016-02-01,-6.3,0.0,22.5,71,982.0
2016-02-02,-3.1,0.0,21.7,72,1005.6
2016-02-03,-5.5,3.1,23.4,76,1010.1
2016-02-04,1.1,21.3,45.9,84,992.5
2016-02-05,-1.5,2.0,23.1,83,971.8
2016-02-06,-0.6,0.1,21.5,78,976.6
2016-02-07,-1.9,0.0,15.8,72,982.0
2016-02-08,-3.9,0.0,17.9,65,990.8
2016-02-09,-6.0,0.0,20.9,69,999.3
2016-02-10,-6.4,0.0,14.8,77,1003.3
2016-02-11,-6.4,2.5,11.1,83,1000.5
2016-02-12,-7.8,0.0,14.0,82,1002.6
2016-02-13,-1.8,0.0,17.0,79,1006.2
2016-02-14,-6.7,0.0,18.6,81,1018.0
2016-02-15,1.5,31.2,36.7,92,997.2
2016-02-16,-0.2,6.3,49.0,76,976.2
2016-02-17,-2.2,3.6,27.6,89,982.0
2016-02-18,-4.9,2.4,32.7,87,997.1
2016-02-19,-0.6,9.5,35.1,89,974.1
2016-02-20,-3.2,0.0,23.1,91,973.0
2016-02-21,-1.5,0.0,27.2,83,995.9
2016-02-22,-6.2,0.0,17.8,86,1017.5
2016-02-23,-4.6,0.0,8.9,89,1024.0
2016-02-24,-6.8,0.0,16.2,80,1020.7
2016-02-25,-1.6,4.2,21.9,84,1008.4
2016-02-26,-0.2,5.2,13.7,90,1010.7
2016-02-27,-2.9,0.0,13.1,91,1019.9
2016-02-28,0.3,9.3,37.3,86,1008.2
2016-02-29,1.3,4.4,16.0,88,995.0
2016-03-01,-0.1,1.8,13.3,87,991.1
2016-03-02,-5.3,0.0,12.3,85,1008.4
2016-03-03,-2.7,0.4,16.1,81,1007.1
2016-03-04,-0.3,0.3,15.0,87,1015.1
2016-03-05,0.4,4.8,23.0,94,1011.5
2016-03-06,0.6,9.4,22.2,83,1004.3
2016-03-07,0.3,11.3,35.5,90,993.7
2016-03-08,2.1,3.0,15.9,93,980.9
2016-03-09,-0.7,5.4,38.1,92,998.9
2016-03-10,2.7,25.3,40.3,89,988.6
2016-03-11,1.3,2.1,33.8,80,998.1
2016-03-12,2.1,13.9,51.6,83,988.8
2016-03-13,5.1,13.6,46.7,87,999.7
2016-03-14,4.2,1.6,42.9,81,1017.7
2016-03-15,5.9,1.2,31.4,91,1025.2
2016-03-16,5.8,0.4,25.1,90,1030.8
2016-03-17,4.3,0.0,16.8,85,1031.8
2016-03-18,5.8,2.2,25.0,88,1026.3
2016-03-19,5.4,0.2,16.6,87,1023.1
2016-03-20,4.8,3.7,21.4,89,1014.0
2016-03-21,3.2,3.9,18.7,90,1008.1
2016-03-22,4.4,10.7,27.7,94,1002.7
2016-03-23,4.4,3.3,12.2,91,995.3
2016-03-24,2.3,4.8,26.8,85,980.6
2016-03-25,1.8,0.6,21.0,74,981.0
2016-03-26,1.5,0.5,20.4,71,984.0
2016-03-27,0.1,0.0,22.3,65,988.8
2016-03-28,-1.5,1.6,18.3,56,994.4
2016-03-29,-1.3,8.0,13.7,75,998.7
2016-03-30,-0.6,0.1,11.5,77,1004.5
2016-03-31,-0.6,0.3,34.0,75,1000.3
2016-04-01,4.5,11.0,36.5,86,983.1
2016-04-02,4.3,2.0,19.7,85,993.1
2016-04-03,4.2,3.2,21.6,82,1003.8
2016-04-04,5.0,1.6,13.0,76,1010.0
2016-04-05,3.1,2.0,24.9,77,1000.3
2016-04-06,4.9,3.5,14.5,76,1000.5
2016-04-07,5.1,0.0,32.9,82,1011.2
2016-04-08,3.7,14.6,33.6,87,1000.1
2016-04-09,3.3,0.0,13.4,69,1017.1
2016-04-10,2.5,0.0,10.7,70,1030.4
2016-04-11,3.4,0.0,12.2,81,1030.6
2016-04-12,4.3,0.0,8.3,85,1026.3
2016-04-13,4.2,0.0,16.3,87,1026.2
2016-04-14,6.5,0.3,16.2,73,1020.3
2016-04-15,3.7,0.0,17.3,76,1020.9
2016-04-16,5.1,0.7,23.5,84,1001.6
2016-04-17,2.4,2.2,33.9,76,996.3
2016-04-18,0.9,0.0,22.7,59,1016.9
2016-04-19,2.8,9.0,23.4,84,1013.3
2016-04-20,4.2,3.7,27.8,84,1015.6
2016-04-21,3.8,1.2,19.4,75,1031.1
2016-04-22,4.3,0.1,18.3,77,1033.8
2016-04-23,5.7,0.2,21.8,85,1028.2
2016-04-24,6.7,0.0,20.5,83,1025.2
2016-04-25,6.3,0.0,10.0,80,1029.5
2016-04-26,6.4,0.0,12.2,77,1028.9
2016-04-27,2.5,0.0,26.0,62,1028.1
2016-04-28,1.5,0.0,24.5,61,1025.3
2016-04-29,3.6,0.4,23.9,72,1017.8
2016-04-30,3.9,1.3,14.1,74,1003.5
2016-05-01,4.1,6.3,8.4,88,989.7
2016-05-02,3.7,1.0,24.5,81,989.4
2016-05-03,4.1,0.6,30.1,78,999.4
2016-05-04,5.2,0.0,24.9,67,997.3
2016-05-05,3.7,1.0,31.0,73,1000.7
2016-05-06,4.3,1.1,21.8,76,1007.0
2016-05-07,5.8,0.6,15.6,68,1014.6
2016-05-08,6.4,5.1,7.1,80,1026.2
2016-05-09,5.8,0.0,14.1,70,1033.7
2016-05-10,5.5,0.0,15.9,81,1030.3
2016-05-11,6.9,0.0,19.9,82,1023.0
2016-05-12,6.4,0.0,19.3,82,1026.0
2016-05-13,7.0,0.0,11.9,80,1026.7
2016-05-14,6.5,0.0,13.6,81,1022.8
2016-05-15,6.6,0.0,14.4,81,1018.3
2016-05-16,7.9,1.7,19.1,74,1016.5
2016-05-17,6.1,2.9,13.7,75,1014.7
2016-05-18,5.7,0.4,12.4,68,1013.7
2016-05-19,6.5,0.2,14.4,65,1006.9
2016-05-20,7.7,1.7,15.3,66,1003.8
2016-05-21,7.3,0.0,18.9,65,1004.2
2016-05-22,7.5,0.0,14.2,64,1009.3
2016-05-23,7.4,4.6,20.4,85,1017.9
2016-05-24,8.6,0.0,35.9,78,1022.8
2016-05-25,8.5,8.8,34.2,82,1020.8
2016-05-26,8.5,7.3,27.4,91,1012.8
2016-05-27,8.2,5.3,32.8,91,1010.0
2016-05-28,9.2,1.1,31.6,79,1015.2
2016-05-29,8.6,0.0,20.6,84,1015.5
2016-05-30,8.6,0.0,12.3,76,1024.8
2016-05-31,8.1,4.3,34.0,84,1027.7
2016-06-01,9.9,5.3,28.5,95,1032.7
2016-06-02,11.2,0.0,16.0,83,1035.7
2016-06-03,12.6,0.0,6.5,83,1034.0
2016-06-04,13.0,0.0,10.9,79,1027.2
2016-06-05,10.4,0.0,18.0,75,1024.1
2016-06-06,13.0,0.0,13.2,75,1023.6
2016-06-07,12.3,0.0,12.7,80,1024.6
2016-06-08,12.3,0.0,15.0,78,1026.0
2016-06-09,13.2,0.4,13.3,83,1021.7
2016-06-10,11.9,1.7,20.4,84,1016.7
2016-06-11,11.2,0.0,17.7,78,1013.7
2016-06-12,10.9,0.0,11.3,78,1011.4
2016-06-13,10.5,0.0,13.1,78,1008.9
2016-06-14,12.1,0.0,16.8,71,1010.2
2016-06-15,11.0,0.0,12.6,74,1013.7
2016-06-16,9.3,2.4,16.6,83,1013.3
2016-06-17,10.7,1.4,13.2,82,1015.8
2016-06-18,11.0,5.1,31.2,78,1011.1
2016-06-19,12.1,6.3,24.7,84,1001.8
2016-06-20,13.9,8.7,16.9,79,987.6
2016-06-21,12.5,1.1,21.9,71,994.5
2016-06-22,12.9,0.0,14.2,79,1005.3
2016-06-23,10.6,0.0,10.2,84,1012.6
2016-06-24,10.0,2.4,23.9,84,1013.1
2016-06-25,10.7,0.4,19.4,87,1007.7
2016-06-26,9.2,17.3,19.6,96,997.4
2016-06-27,10.5,4.2,15.4,85,994.2
2016-06-28,10.6,4.3,20.7,81,994.7
2016-06-29,11.0,3.1,17.0,73,997.2
2016-06-30,11.6,8.1,11.0,85,998.5
2016-07-01,11.1,0.0,24.6,74,999.5
2016-07-02,9.6,0.0,27.1,77,1004.5
2016-07-03,11.6,0.0,20.9,68,1010.3
2016-07-04,13.6,0.0,14.2,63,1012.9
2016-07-05,12.5,0.3,13.0,75,1016.6
2016-07-06,13.0,1.3,10.6,75,1014.1
2016-07-07,13.5,0.6,16.7,71,1009.5
2016-07-08,10.7,0.0,22.8,65,1010.9
2016-07-09,9.8,1.0,20.2,67,1008.6
2016-07-10,11.6,4.5,13.2,73,1008.2
2016-07-11,12.9,0.8,14.5,72,1008.5
2016-07-12,12.9,0.0,9.2,68,1010.3
2016-07-13,12.0,0.0,11.0,71,1014.2
2016-07-14,10.9,3.2,27.9,74,1012.9
2016-07-15,12.7,2.8,24.9,79,999.7
2016-07-16,13.6,0.2,14.7,80,1005.4
2016-07-17,12.6,0.1,11.2,77,1012.1
2016-07-18,13.1,0.2,12.2,76,1011.2
2016-07-19,12.7,5.5,6.9,84,1009.5
2016-07-20,15.4,0.3,8.7,79,1005.5
2016-07-21,13.8,8.2,9.0,91,1004.1
2016-07-22,12.8,0.0,10.1,87,1008.5
2016-07-23,12.7,2.8,6.4,88,1008.4
2016-07-24,13.3,2.9,14.8,87,1010.2
2016-07-25,14.0,9.3,7.9,89,1011.2
2016-07-26,14.5,0.0,16.0,80,1012.6
2016-07-27,15.7,0.2,13.0,74,1012.4
2016-07-28,14.4,0.0,14.5,72,1012.7
2016-07-29,13.2,0.0,16.7,72,1015.1
2016-07-30,12.6,0.0,12.0,65,1015.8
2016-07-31,12.4,4.5,7.4,82,1017.3
2016-08-01,11.9,5.2,7.7,86,1016.8
2016-08-02,11.7,2.4,11.3,80,1013.1
2016-08-03,10.5,0.0,19.2,71,1009.8
2016-08-04,10.5,0.0,12.4,68,1011.0
2016-08-05,10.9,11.7,6.3,78,1012.7
2016-08-06,11.0,0.4,13.4,74,1011.0
2016-08-07,12.5,0.0,22.4,65,1009.0
2016-08-08,11.6,0.0,12.1,77,1018.6
2016-08-09,11.3,0.0,9.9,80,1020.9
2016-08-10,11.8,9.7,24.7,90,1010.5
2016-08-11,12.3,5.7,23.1,95,997.1
2016-08-12,13.5,0.3,10.4,84,998.2
2016-08-13,11.9,0.0,16.1,87,1006.6
2016-08-14,12.4,9.9,30.4,92,1007.6
2016-08-15,13.7,6.3,28.5,92,999.2
2016-08-16,12.5,3.3,26.0,86,1002.8
2016-08-17,12.4,5.3,20.1,86,1005.3
2016-08-18,11.9,2.1,12.6,85,1011.2
2016-08-19,12.5,0.0,8.3,79,1013.4
2016-08-20,13.0,0.0,10.7,85,1010.1
2016-08-21,12.6,1.3,6.1,87,1012.6
2016-08-22,14.1,0.0,11.6,76,1010.1
2016-08-23,13.9,2.8,19.6,75,1012.3
2016-08-24,13.4,0.0,10.3,72,1015.0
2016-08-25,12.3,2.8,6.5,89,1012.9
2016-08-26,12.2,7.1,8.6,88,1012.4
2016-08-27,11.0,0.0,14.4,78,1015.8
2016-08-28,9.0,0.0,14.2,76,1014.3
2016-08-29,9.2,0.0,13.6,75,1005.4
2016-08-30,10.6,8.0,18.3,88,993.7
2016-08-31,9.0,0.0,22.3,78,998.7
2016-09-01,7.8,0.2,13.6,75,1005.1
2016-09-02,9.6,0.0,12.3,76,1001.4
2016-09-03,10.3,0.6,12.5,85,1004.2
2016-09-04,11.0,4.2,17.6,87,1007.9
2016-09-05,10.9,0.2,18.5,81,997.5
2016-09-06,10.5,0.0,20.8,82,997.7
2016-09-07,9.4,3.1,24.6,88,1003.5
2016-09-08,8.8,11.5,24.8,93,987.6
2016-09-09,9.4,6.6,22.7,90,979.9
2016-09-10,9.1,2.9,15.3,88,981.8
2016-09-11,6.8,5.8,13.9,89,986.8
2016-09-12,7.2,1.5,29.5,84,986.2
2016-09-13,8.1,3.1,27.6,78,1001.3
2016-09-14,8.2,4.6,33.5,84,1008.6
2016-09-15,9.9,11.1,32.8,91,999.7
2016-09-16,9.5,4.5,22.2,95,997.7
2016-09-17,9.2,1.4,21.7,90,992.7
2016-09-18,8.2,0.2,22.4,72,1001.9
2016-09-19,7.5,12.6,23.0,89,995.3
2016-09-20,7.1,10.3,17.6,89,997.5
2016-09-21,7.0,8.9,28.2,85,997.9
2016-09-22,6.4,10.7,26.4,94,986.1
2016-09-23,7.8,3.9,19.4,86,995.2
2016-09-24,8.7,4.5,19.2,76,989.3
2016-09-25,8.9,0.2,19.1,77,994.4
2016-09-26,5.7,0.0,20.2,78,1001.7
2016-09-27,6.2,0.0,12.5,79,999.8
2016-09-28,5.5,0.0,8.2,86,1003.9
2016-09-29,5.1,0.0,18.1,86,1001.8
2016-09-30,4.8,0.0,10.2,84,1002.2
2016-10-01,5.3,4.0,17.8,89,1002.7
2016-10-02,8.5,5.9,40.4,88,1001.4
2016-10-03,10.0,11.1,40.4,82,999.1
2016-10-04,8.8,8.9,42.0,87,1008.3
2016-10-05,10.0,22.3,43.1,86,1009.1
2016-10-06,9.3,5.1,29.6,91,1015.1
2016-10-07,10.1,4.2,34.5,83,1016.2
2016-10-08,9.0,9.2,37.7,85,1014.3
2016-10-09,8.2,11.1,29.9,91,1011.3
2016-10-10,7.8,4.1,25.0,90,1018.7
2016-10-11,8.4,19.3,35.2,95,1018.9
2016-10-12,9.7,46.6,42.1,99,1004.4
2016-10-13,9.0,15.5,33.8,95,1004.1
2016-10-14,9.0,0.0,28.0,88,1020.0
2016-10-15,6.5,0.0,8.6,94,1023.7
2016-10-16,5.3,0.6,9.4,93,1012.9
2016-10-17,7.5,2.9,13.8,92,1002.5
2016-10-18,6.3,0.8,15.7,93,1010.7
2016-10-19,8.6,26.3,48.5,94,1003.1
2016-10-20,7.7,3.4,44.9,79,1002.0
2016-10-21,8.1,12.6,27.9,94,1000.3
2016-10-22,8.3,7.9,30.2,94,1006.3
2016-10-23,6.8,4.0,19.4,87,1012.8
2016-10-24,3.2,3.4,23.9,90,1005.5
2016-10-25,3.9,10.6,32.7,92,988.4
2016-10-26,5.8,6.6,29.4,94,982.8
2016-10-27,3.3,2.4,24.9,87,992.9
2016-10-28,2.6,1.5,22.2,79,1010.7
2016-10-29,5.4,19.7,32.8,93,1005.1
2016-10-30,5.8,9.5,34.0,93,1004.9
2016-10-31,4.1,0.7,24.3,86,1026.5
2016-11-01,2.9,0.1,13.0,90,1032.1
2016-11-02,5.0,15.8,26.0,98,1013.0
2016-11-03,4.9,2.1,7.1,99,1010.9
2016-11-04,3.7,0.5,6.4,98,1027.3
2016-11-05,2.4,0.0,15.3,94,1029.1
2016-11-06,6.8,7.4,28.8,93,1017.5
2016-11-07,8.1,12.9,41.4,99,997.1
2016-11-08,5.3,9.8,37.8,88,981.8
2016-11-09,3.5,3.6,18.2,91,988.9
2016-11-10,2.6,1.7,25.3,93,998.9
2016-11-11,6.8,31.0,41.5,99,979.3
2016-11-12,3.6,0.5,28.2,70,991.9
2016-11-13,5.8,16.8,39.5,88,987.6
2016-11-14,4.0,4.4,28.1,83,997.3
2016-11-15,2.4,6.2,38.2,81,982.4
2016-11-16,0.7,1.4,26.7,83,979.3
2016-11-17,-0.9,0.0,32.6,75,993.2
2016-11-18,-1.8,0.0,28.9,69,1007.0
2016-11-19,0.0,0.0,24.0,81,1004.0
2016-11-20,-0.7,0.0,19.1,76,1009.2
2016-11-21,-2.5,0.0,11.5,90,1017.4
2016-11-22,-1.1,0.3,14.1,83,1013.9
2016-11-23,2.5,5.6,19.5,96,1011.9
2016-11-24,6.8,21.2,33.7,99,1001.8
2016-11-25,2.9,0.2,23.2,76,1009.7
2016-11-26,1.7,0.3,33.5,76,1021.7
2016-11-27,5.9,3.7,33.6,85,1018.5
2016-11-28,3.3,4.6,22.8,87,1013.2
2016-11-29,1.1,4.8,15.5,93,1010.4
2016-11-30,3.5,6.0,10.5,99,1009.5
2016-12-01,5.1,8.2,23.4,98,1015.2
2016-12-02,6.6,0.5,22.7,94,1015.4
2016-12-03,7.7,8.1,24.6,99,1007.5
2016-12-04,8.0,1.4,21.3,97,1012.3
2016-12-05,6.9,0.0,19.3,94,1017.2
2016-12-06,4.8,2.6,22.7,84,1006.2
2016-12-07,5.6,4.8,16.7,95,989.7
2016-12-08,6.0,5.8,12.6,98,994.2
2016-12-09,5.7,0.6,19.2,86,993.6
2016-12-10,3.5,0.2,13.4,87,993.1
2016-12-11,4.8,5.2,31.5,94,1000.7
2016-12-12,1.8,3.4,22.0,95,998.1
2016-12-13,4.8,11.7,41.0,89,994.7
2016-12-14,3.3,10.8,24.9,91,985.4
2016-12-15,3.8,15.5,33.5,92,983.0
2016-12-16,3.5,4.2,34.9,86,991.9
2016-12-17,4.1,4.5,26.0,93,1001.8
2016-12-18,5.2,4.6,30.0,84,998.8
2016-12-19,1.2,6.6,33.9,81,993.1
2016-12-20,2.2,11.1,45.1,88,954.8
2016-12-21,-2.4,0.8,17.2,87,969.4
2016-12-22,-2.6,2.0,27.0,79,980.1
2016-12-23,-2.1,7.4,26.3,82,976.3
2016-12-24,-2.6,2.5,34.8,81,987.0
2016-12-25,-2.3,4.5,33.9,88,974.8
2016-12-26,1.3,10.5,37.6,81,995.4
2016-12-27,5.9,19.1,53.5,86,990.3
2016-12-28,0.6,1.9,44.6,74,996.5
2016-12-29,2.2,12.8,42.3,87,982.3
2016-12-30,-3.1,1.0,32.1,75,993.0
2016-12-31,-5.6,0.0,19.2,85,1023.3
2017-01-01,0.6,0.7,18.1,77,1038.6
2017-01-02,4.6,4.0,26.6,91,1024.8
2017-01-03,0.8,0.0,18.0,79,1022.6
2017-01-04,2.6,3.8,27.1,80,1022.3
2017-01-05,2.3,24.8,37.8,80,996.9
2017-01-06,1.2,4.3,30.1,74,1008.2
2017-01-07,3.1,5.5,25.9,90,1006.7
2017-01-08,2.5,8.3,35.3,84,999.7
2017-01-09,0.1,4.8,26.5,90,989.3
2017-01-10,-1.0,0.6,13.6,88,988.5
2017-01-11,-5.4,0.3,9.1,84,995.7
2017-01-12,-7.2,0.2,18.7,67,1007.4
2017-01-13,-4.9,1.3,15.0,74,1012.4
2017-01-14,0.9,11.0,34.1,85,1003.4
2017-01-15,5.5,7.9,33.2,91,998.7
2017-01-16,0.3,0.8,27.3,61,1006.6
2017-01-17,-0.3,0.3,28.3,70,1008.7
2017-01-18,-1.4,2.7,22.2,78,1010.3
2017-01-19,-1.4,7.0,24.4,80,1013.2
2017-01-20,5.6,3.4,33.1,90,1006.3
2017-01-21,3.6,5.8,34.0,82,1002.0
2017-01-22,2.6,4.9,25.9,88,1011.6
2017-01-23,5.3,28.1,34.7,97,991.6
2017-01-24,4.0,9.5,22.3,94,979.1
2017-01-25,2.2,9.5,19.6,93,984.4
2017-01-26,-0.8,1.5,23.1,84,987.4
2017-01-27,0.3,6.3,27.6,81,991.1
2017-01-28,-4.0,0.0,12.6,87,998.8
2017-01-29,-1.7,0.0,22.4,68,1003.5
2017-01-30,2.8,2.5,31.2,74,992.5
2017-01-31,4.6,8.7,35.8,86,980.3
2017-02-01,0.5,4.6,16.3,87,986.1
2017-02-02,-0.3,0.4,13.3,87,978.4
2017-02-03,2.1,7.0,19.6,87,968.0
2017-02-04,3.4,7.0,27.7,85,978.0
2017-02-05,1.8,4.6,17.0,89,985.5
2017-02-06,2.5,8.4,33.6,81,987.0
2017-02-07,3.8,12.8,41.7,83,983.6
2017-02-08,4.5,32.3,51.8,88,994.1
2017-02-09,3.0,3.7,24.8,77,1008.4
2017-02-10,2.8,1.0,16.9,80,1022.7
2017-02-11,5.2,10.2,31.3,91,1027.6
2017-02-12,6.1,0.4,22.7,88,1027.8
2017-02-13,5.4,1.2,19.2,88,1023.9
2017-02-14,5.3,19.2,18.2,98,1014.2
2017-02-15,3.1,5.1,9.1,99,1010.0
2017-02-16,1.8,0.0,8.7,95,1011.9
2017-02-17,5.6,5.7,23.1,95,1004.4
2017-02-18,5.4,0.1,14.0,99,1000.6
2017-02-19,4.8,6.6,16.2,97,996.9
2017-02-20,2.2,7.9,25.0,89,994.0
2017-02-21,0.2,12.7,27.2,85,982.4
2017-02-22,-1.1,1.7,20.7,81,989.1
2017-02-23,-1.4,2.1,14.5,73,993.7
2017-02-24,1.8,22.5,55.1,82,975.9
2017-02-25,-0.2,2.7,30.1,76,967.9
2017-02-26,-2.7,22.6,18.5,83,972.9
2017-02-27,-5.4,0.0,9.9,67,996.0
2017-02-28,-3.7,0.0,16.3,73,1004.3
2017-03-01,-2.2,0.2,15.6,75,1001.3
2017-03-02,-3.0,0.0,16.2,70,1005.4
2017-03-03,-3.5,0.0,12.2,74,1010.1
2017-03-04,-3.3,0.0,18.6,66,1004.4
2017-03-05,-1.5,0.0,20.6,66,999.6
2017-03-06,-1.5,3.9,9.0,83,994.5
2017-03-07,1.2,4.7,10.6,90,990.8
2017-03-08,1.3,0.9,13.7,85,992.5
2017-03-09,0.3,1.6,12.3,84,1008.7
2017-03-10,1.1,3.8,33.3,70,1005.8
2017-03-11,3.3,6.2,33.1,81,993.4
2017-03-12,3.0,2.3,23.7,83,995.0
2017-03-13,2.3,5.4,23.9,88,989.3
2017-03-14,2.1,9.1,30.8,79,990.7
2017-03-15,1.4,2.0,21.9,75,1001.8
2017-03-16,-0.1,0.8,10.0,82,994.3
2017-03-17,-2.7,1.1,15.8,68,999.8
2017-03-18,-0.0,5.5,21.3,79,987.2
2017-03-19,-1.2,0.2,18.0,68,984.4
2017-03-20,-0.3,1.2,23.0,69,985.7
2017-03-21,-0.0,1.4,17.1,67,1002.0
2017-03-22,-0.0,1.5,20.2,70,1016.9
2017-03-23,2.8,22.1,35.1,85,1005.7
2017-03-24,4.2,12.0,41.7,78,1006.5
2017-03-25,4.6,0.4,35.0,69,1006.3
2017-03-26,2.5,5.8,22.5,89,1013.6
2017-03-27,1.6,0.0,13.1,71,1026.2
2017-03-28,3.9,0.7,12.7,80,1023.1
2017-03-29,3.3,0.0,13.8,71,1015.0
2017-03-30,3.9,0.0,13.5,69,1000.8
2017-03-31,2.7,0.0,13.7,84,997.0
2017-04-01,3.6,1.0,14.2,80,1001.1
2017-04-02,4.8,20.3,40.4,93,989.4
2017-04-03,3.3,16.0,22.6,89,983.6
2017-04-04,0.5,0.7,23.0,67,999.2
2017-04-05,1.8,9.1,33.5,83,1012.5
2017-04-06,5.8,4.0,24.2,89,1006.7
2017-04-07,6.6,9.9,29.0,93,994.8
2017-04-08,4.1,11.8,20.5,90,994.7
2017-04-09,0.5,0.0,19.2,68,1015.7
2017-04-10,0.5,4.4,34.4,71,1013.7
2017-04-11,3.7,12.2,35.4,90,998.3
2017-04-12,1.1,0.3,20.9,70,1013.5
2017-04-13,1.2,0.0,13.0,65,1006.2
2017-04-14,-0.6,0.1,26.6,57,1010.8
2017-04-15,-0.1,0.0,17.4,58,1021.2
2017-04-16,1.1,0.0,16.7,49,1025.3
2017-04-17,2.0,32.3,51.2,76,1017.6
2017-04-18,3.4,4.0,21.2,80,1019.2
2017-04-19,3.5,15.4,35.2,76,1009.6
2017-04-20,2.4,3.6,31.6,66,1015.0
2017-04-21,2.2,2.8,14.2,73,1027.7
2017-04-22,2.1,5.1,15.3,83,1027.3
2017-04-23,0.1,0.5,20.7,64,1026.8
2017-04-24,-1.8,0.0,14.0,53,1036.3
2017-04-25,3.8,0.5,16.7,76,1029.3
2017-04-26,6.5,0.6,17.3,83,1020.4
2017-04-27,5.0,10.6,32.0,84,1009.2
2017-04-28,2.7,47.7,30.6,94,990.9
2017-04-29,3.1,3.5,28.4,80,997.6
2017-04-30,4.6,12.1,18.4,84,1002.1
2017-05-01,6.6,24.9,33.9,91,1003.8
2017-05-02,8.6,14.2,40.7,90,1011.1
2017-05-03,10.3,0.0,29.2,86,1028.1
2017-05-04,10.4,0.0,26.3,78,1036.5
2017-05-05,7.5,0.0,12.8,87,1038.0
2017-05-06,8.2,0.0,9.7,88,1034.6
2017-05-07,8.1,0.0,14.5,89,1037.5
2017-05-08,6.1,0.0,13.8,88,1038.5
2017-05-09,5.0,0.0,14.2,86,1021.4
2017-05-10,5.1,14.6,26.1,78,1005.4
2017-05-11,5.1,0.0,25.5,50,1005.6
2017-05-12,5.1,2.5,22.7,62,997.7
2017-05-13,8.2,1.6,22.5,75,997.6
2017-05-14,9.8,1.2,23.9,70,998.0
2017-05-15,8.8,1.7,20.8,72,1001.1
2017-05-16,7.6,8.2,20.6,79,994.6
2017-05-17,6.1,0.6,26.4,77,1003.5
2017-05-18,5.1,0.0,26.3,70,1013.6
2017-05-19,6.3,0.0,15.3,77,1021.6
2017-05-20,6.9,0.0,12.0,78,1023.7
2017-05-21,9.9,0.0,22.8,69,1010.5
2017-05-22,10.8,0.2,24.6,68,1006.1
2017-05-23,10.4,1.2,20.6,75,1004.8
2017-05-24,9.4,2.5,16.4,85,1007.0
2017-05-25,9.2,5.6,13.2,88,1005.3
2017-05-26,9.8,0.9,16.6,85,1006.9
2017-05-27,9.6,2.2,16.3,86,1006.9
2017-05-28,8.4,9.3,21.1,83,1010.7
2017-05-29,7.6,15.6,32.8,88,1007.6
2017-05-30,7.7,16.0,21.8,94,1002.7
2017-05-31,8.3,5.3,16.4,77,1008.6
2017-06-01,9.5,7.0,28.4,76,1000.3
2017-06-02,9.5,4.9,16.6,89,1003.0
2017-06-03,9.5,1.5,14.2,70,1003.8
2017-06-04,9.7,11.0,15.3,78,1005.4
2017-06-05,9.6,0.8,14.1,77,1009.4
2017-06-06,7.5,0.0,19.9,68,1009.7
2017-06-07,7.1,1.5,30.2,62,1008.7
2017-06-08,6.2,0.0,20.9,61,1007.6
2017-06-09,7.5,0.0,13.4,66,1009.8
2017-06-10,9.8,0.6,16.8,72,1011.4
2017-06-11,9.0,0.0,22.5,68,1006.1
2017-06-12,10.2,0.0,12.2,69,1006.6
2017-06-13,10.1,1.4,9.7,80,1006.8
2017-06-14,11.0,3.0,13.4,81,1001.2
2017-06-15,10.7,7.8,9.6,90,999.3
2017-06-16,10.2,0.3,22.4,82,999.9
2017-06-17,9.5,3.8,16.9,83,996.2
2017-06-18,9.2,3.6,18.6,89,1001.7
2017-06-19,9.4,0.1,18.5,76,1010.1
2017-06-20,8.6,20.0,32.6,89,1007.3
2017-06-21,8.7,17.3,27.9,87,998.1
2017-06-22,9.0,4.4,13.7,80,994.0
2017-06-23,8.4,8.2,25.0,86,992.3
2017-06-24,9.8,0.3,22.5,72,1002.5
2017-06-25,9.7,0.0,18.4,71,1013.4
2017-06-26,8.5,0.2,9.4,77,1014.3
2017-06-27,7.9,2.8,17.6,79,1012.2
2017-06-28,9.4,1.2,13.6,78,1012.5
2017-06-29,9.6,1.1,12.6,81,1012.4
2017-06-30,9.7,1.8,17.6,78,1007.3
2017-07-01,8.9,0.7,9.9,82,1004.8
2017-07-02,9.5,4.1,18.2,84,1006.3
2017-07-03,9.3,1.0,14.9,80,1011.8
2017-07-04,9.9,2.5,9.5,80,1013.0
2017-07-05,10.1,2.3,22.9,82,1007.5
2017-07-06,9.9,3.0,27.6,81,995.7
2017-07-07,9.4,2.1,14.7,75,1001.9
2017-07-08,9.4,0.9,15.8,84,1002.9
2017-07-09,10.9,0.0,21.2,74,1008.2
2017-07-10,10.2,0.0,15.5,76,1009.9
2017-07-11,10.9,0.0,12.2,68,1010.4
2017-07-12,10.5,3.7,24.5,88,1005.0
2017-07-13,10.9,2.7,10.9,86,1004.4
2017-07-14,10.2,5.8,37.4,86,999.7
2017-07-15,9.4,2.8,16.6,80,992.7
2017-07-16,9.1,2.3,24.2,81,998.5
2017-07-17,10.3,0.0,18.4,76,1005.0
2017-07-18,10.3,22.6,35.5,91,998.0
2017-07-19,9.5,1.0,13.5,87,999.6
2017-07-20,11.9,1.6,12.6,90,1004.6
2017-07-21,12.5,0.2,11.7,90,1007.4
2017-07-22,12.4,0.0,33.9,82,1007.7
2017-07-23,12.3,0.6,29.2,81,1017.5
2017-07-24,12.6,0.0,18.6,84,1020.4
2017-07-25,12.3,0.0,23.7,78,1014.9
2017-07-26,12.7,0.0,13.5,80,1004.3
2017-07-27,14.6,0.0,14.0,76,999.1
2017-07-28,14.2,1.3,15.0,77,1001.4
2017-07-29,12.2,0.0,18.8,75,1005.0
2017-07-30,13.5,0.0,15.3,71,1007.9
2017-07-31,12.9,0.0,16.8,71,1012.5
2017-08-01,10.7,0.0,11.4,83,1013.1
2017-08-02,11.2,0.0,15.3,82,1011.4
2017-08-03,10.3,0.0,13.2,81,1009.6
2017-08-04,9.8,0.2,8.0,74,1008.0
2017-08-05,10.2,2.3,8.4,81,1009.8
2017-08-06,10.4,0.3,14.0,80,1012.8
2017-08-07,9.8,0.4,23.1,75,1015.8
2017-08-08,9.4,6.4,22.3,86,1018.2
2017-08-09,10.0,1.3,20.7,83,1014.6
2017-08-10,10.4,0.0,18.9,69,1007.4
2017-08-11,9.3,0.0,21.1,77,1009.3
2017-08-12,9.8,0.0,14.9,80,1011.7
2017-08-13,9.2,0.7,7.9,75,1009.9
2017-08-14,9.1,4.1,15.5,85,1006.1
2017-08-15,10.9,5.3,19.1,87,1003.6
2017-08-16,11.0,1.6,10.2,86,1001.3
2017-08-17,11.2,0.0,17.9,75,1002.4
2017-08-18,10.1,0.0,21.3,75,1009.4
2017-08-19,10.5,0.0,13.0,70,1014.5
2017-08-20,9.7,0.0,14.3,64,1018.1
2017-08-21,10.9,0.0,15.5,73,1020.4
2017-08-22,11.0,0.0,16.1,78,1020.1
2017-08-23,10.7,0.0,12.3,75,1016.2
2017-08-24,9.8,0.0,11.2,88,1015.6
2017-08-25,10.8,1.2,21.1,87,1013.3
2017-08-26,11.3,14.9,32.8,93,998.9
2017-08-27,10.5,5.2,25.2,89,991.1
2017-08-28,10.0,8.0,12.8,93,986.4
2017-08-29,10.0,0.0,20.6,83,994.5
2017-08-30,9.7,0.0,11.0,81,1008.0
2017-08-31,10.9,0.0,20.2,80,1011.2
2017-09-01,11.8,0.0,15.7,84,1009.6
2017-09-02,11.4,8.1,28.5,90,997.7
2017-09-03,12.2,1.6,20.9,92,989.8
2017-09-04,11.5,9.3,20.6,93,978.5
2017-09-05,9.6,2.1,20.5,86,986.6
2017-09-06,9.4,0.4,18.8,86,997.8
2017-09-07,8.9,0.0,13.4,80,997.5
2017-09-08,8.2,0.0,16.1,82,1004.9
2017-09-09,8.0,4.1,9.8,87,1002.4
2017-09-10,8.5,0.2,24.3,81,995.8
2017-09-11,7.5,0.0,16.2,71,999.5
2017-09-12,8.2,4.0,15.3,78,993.6
2017-09-13,7.5,0.0,15.1,77,1007.7
2017-09-14,7.0,0.0,15.9,76,1022.4
2017-09-15,10.0,0.0,16.1,81,1022.7
2017-09-16,11.6,2.4,26.4,91,1012.4
2017-09-17,11.6,3.1,30.8,86,1010.5
2017-09-18,10.8,7.8,22.9,94,1007.0
2017-09-19,8.9,1.0,14.3,85,1007.8
2017-09-20,7.2,18.1,23.6,97,998.9
2017-09-21,8.1,3.8,27.6,81,998.5
2017-09-22,7.3,9.5,22.4,89,997.8
2017-09-23,9.2,14.2,33.1,91,989.1
2017-09-24,9.6,3.9,26.8,85,989.6
2017-09-25,8.9,0.3,30.9,76,1007.9
2017-09-26,9.8,3.5,29.0,81,1003.1
2017-09-27,8.2,7.8,16.6,88,1002.2
2017-09-28,7.0,0.0,17.7,81,1007.3
2017-09-29,6.2,10.0,14.7,88,996.6
2017-09-30,7.6,0.8,15.5,93,988.9
2017-10-01,8.0,1.1,11.2,89,991.6
2017-10-02,7.9,7.1,25.0,90,1003.3
2017-10-03,6.4,0.9,16.9,81,1000.6
2017-10-04,6.0,0.0,21.1,77,1007.7
2017-10-05,7.0,0.7,15.0,79,1019.9
2017-10-06,5.7,6.1,20.1,86,1007.7
2017-10-07,9.2,0.3,26.6,86,1005.8
2017-10-08,7.9,0.2,10.7,87,1003.8
2017-10-09,6.0,10.1,18.6,86,992.2
2017-10-10,4.6,1.0,15.3,81,982.1
2017-10-11,4.6,1.3,12.6,86,980.3
2017-10-12,5.6,4.5,20.9,85,981.6
2017-10-13,5.3,4.8,28.9,86,970.8
2017-10-14,6.7,1.6,31.3,75,994.4
2017-10-15,4.7,0.8,9.7,89,1002.9
2017-10-16,5.5,0.0,14.2,81,1010.1
2017-10-17,5.8,10.3,35.9,82,1009.9
2017-10-18,7.3,16.3,40.7,85,1001.1
2017-10-19,7.9,7.1,24.5,81,993.4
2017-10-20,6.5,2.8,20.5,85,993.5
2017-10-21,4.8,0.0,11.3,80,1004.7
2017-10-22,5.8,0.9,20.5,87,1001.5
2017-10-23,7.4,3.6,22.7,91,991.2
2017-10-24,5.2,0.0,14.5,84,996.6
2017-10-25,4.4,0.0,6.4,86,1004.6
2017-10-26,6.6,0.0,20.9,87,1019.8
2017-10-27,7.8,4.7,25.7,90,1014.5
2017-10-28,5.8,0.0,20.1,80,1017.5
2017-10-29,5.6,0.0,22.7,75,1026.2
2017-10-30,8.2,1.3,19.7,90,1012.1
2017-10-31,7.3,2.2,23.8,93,1000.4
2017-11-01,3.0,0.1,24.3,75,1010.2
2017-11-02,5.4,17.4,25.8,92,996.6
2017-11-03,-0.0,1.1,13.2,86,991.2
2017-11-04,-1.1,0.0,16.6,72,1002.5
2017-11-05,0.5,33.6,54.9,74,1002.0
2017-11-06,3.3,2.1,29.7,79,982.0
2017-11-07,2.4,0.9,21.7,78,990.4
2017-11-08,2.5,5.5,25.0,92,988.1
2017-11-09,-1.0,2.3,15.2,77,1002.6
2017-11-10,0.5,7.3,13.7,83,1010.7
2017-11-11,-2.8,4.7,18.9,78,1016.7
2017-11-12,-1.5,18.2,45.5,79,1017.9
2017-11-13,3.4,7.1,35.1,80,996.8
2017-11-14,1.4,4.2,19.4,86,995.6
2017-11-15,1.3,2.5,17.8,81,997.6
2017-11-16,0.2,4.3,21.3,73,999.6
2017-11-17,0.0,1.0,17.1,73,1011.5
2017-11-18,-2.3,0.0,14.2,78,1022.8
2017-11-19,-3.6,0.0,18.4,63,1022.4
2017-11-20,-3.7,0.0,20.2,71,1025.2
2017-11-21,-1.7,0.3,30.7,72,1021.9
2017-11-22,-1.6,0.0,22.5,71,1018.9
2017-11-23,-2.3,0.0,29.4,68,1014.3
2017-11-24,-1.1,0.1,30.5,66,1019.6
2017-11-25,-3.1,0.0,25.0,69,1024.3
2017-11-26,-2.8,2.4,24.7,60,1011.2
2017-11-27,-5.5,0.0,14.1,64,1021.7
2017-11-28,-2.1,0.0,7.3,70,1031.1
2017-11-29,3.0,0.6,11.2,89,1028.6
2017-11-30,5.6,0.0,20.5,97,1022.2
2017-12-01,6.5,6.1,25.8,96,1013.4
2017-12-02,4.1,0.0,28.1,71,1013.9
2017-12-03,3.1,0.7,16.9,85,1018.0
2017-12-04,3.0,5.9,11.9,95,1014.2
2017-12-05,-1.0,0.0,6.9,84,1012.4
2017-12-06,-2.6,2.0,25.9,77,1009.4
2017-12-07,-4.2,0.0,30.8,60,1022.2
2017-12-08,-3.9,0.0,9.7,60,1027.5
2017-12-09,-2.2,0.0,15.7,76,1015.6
2017-12-10,-4.8,0.0,15.5,48,1005.0
2017-12-11,-2.7,1.1,34.6,61,1001.2
2017-12-12,1.6,18.1,34.9,95,978.4
2017-12-13,-2.2,0.1,14.6,85,979.8
2017-12-14,-3.8,0.0,10.3,74,1004.1
2017-12-15,-5.8,0.0,12.9,70,1014.7
2017-12-16,0.3,10.8,35.6,79,1002.7
2017-12-17,1.3,9.1,32.0,85,1001.0
2017-12-18,4.6,18.4,41.8,96,991.4
2017-12-19,2.8,3.6,29.2,78,996.3
2017-12-20,1.5,3.1,28.7,75,1001.7
2017-12-21,1.9,5.2,22.6,76,1012.0
2017-12-22,4.6,7.6,31.2,82,1001.8
2017-12-23,1.2,0.6,24.8,80,1001.1
2017-12-24,-2.0,7.5,14.3,84,1000.4
2017-12-25,-5.0,0.5,16.9,71,1010.6
2017-12-26,-5.4,0.0,16.1,70,1015.2
2017-12-27,-4.1,0.0,18.5,66,1015.0
2017-12-28,-5.9,0.0,26.0,52,1005.1
2017-12-29,-6.2,0.0,25.2,50,994.2
2017-12-30,-3.7,0.6,22.0,55,987.6
2017-12-31,-4.6,0.1,11.8,73,989.4
2018-01-01,-4.1,0.0,12.2,86,999.9
2018-01-02,-2.0,0.0,23.2,60,993.6
2018-01-03,-2.1,0.0,24.1,52,1000.7
2018-01-04,-1.9,0.0,24.1,46,1005.4
2018-01-05,-2.3,0.0,23.3,58,1019.6
2018-01-06,0.8,8.7,32.5,91,1014.4
2018-01-07,2.9,29.4,36.3,93,997.7
2018-01-08,2.0,5.9,24.9,88,990.4
2018-01-09,4.6,32.0,49.7,94,980.3
2018-01-10,1.8,6.5,18.0,87,991.5
2018-01-11,3.2,20.2,48.7,88,995.4
2018-01-12,4.2,1.1,30.9,82,984.1
2018-01-13,1.9,11.8,24.8,90,986.4
2018-01-14,-2.3,15.0,42.9,74,959.8
2018-01-15,-2.5,4.0,36.4,75,958.2
2018-01-16,-3.8,0.9,33.2,75,971.3
2018-01-17,-4.9,0.0,17.0,74,983.7
2018-01-18,-6.5,0.0,17.2,75,986.8
2018-01-19,-7.7,0.0,9.9,63,997.3
2018-01-20,-6.4,0.0,14.4,80,1004.9
2018-01-21,-1.7,0.0,26.5,58,998.9
2018-01-22,0.9,6.7,36.7,59,989.8
2018-01-23,0.7,7.9,31.5,82,982.6
2018-01-24,0.0,0.0,22.0,71,990.3
2018-01-25,-3.3,0.0,18.7,75,1011.0
2018-01-26,-0.3,6.3,23.1,82,998.4
2018-01-27,1.4,6.2,16.1,95,988.9
2018-01-28,0.8,3.6,17.6,86,994.9
2018-01-29,-0.2,1.8,16.1,82,1004.7
2018-01-30,-0.6,2.0,24.6,79,996.4
2018-01-31,-3.2,0.0,16.7,78,1005.7
2018-02-01,-1.8,6.3,51.4,74,1018.1
2018-02-02,3.3,17.4,54.9,88,989.3
2018-02-03,1.8,0.2,27.2,70,1003.5
2018-02-04,5.8,13.9,39.8,95,1001.0
2018-02-05,-1.5,3.0,27.1,65,995.4
2018-02-06,-2.6,4.2,32.0,62,1008.7
2018-02-07,0.0,18.1,43.8,75,986.7
2018-02-08,-2.7,1.7,24.0,75,979.6
2018-02-09,-2.8,0.1,25.6,71,985.2
2018-02-10,-2.5,2.7,40.3,68,980.7
2018-02-11,-2.8,4.7,52.6,59,975.8
2018-02-12,-4.9,3.0,29.9,74,981.7
2018-02-13,-3.5,4.0,22.5,75,975.5
2018-02-14,-1.9,3.7,26.0,71,961.2
2018-02-15,-1.5,0.6,15.0,88,963.5
2018-02-16,0.7,0.9,26.0,82,985.2
2018-02-17,-2.3,1.4,15.1,82,1000.3
2018-02-18,-0.3,6.1,38.3,76,1001.6
2018-02-19,4.8,19.0,37.7,84,987.1
2018-02-20,1.3,1.6,29.8,70,1009.5
2018-02-21,2.5,29.0,57.5,80,996.5
2018-02-22,0.0,4.9,28.3,78,989.4
2018-02-23,3.5,24.7,47.3,88,987.1
2018-02-24,3.4,10.9,44.3,73,995.2
2018-02-25,4.5,19.0,48.4,88,1013.1
2018-02-26,6.3,16.5,45.4,89,1020.4
2018-02-27,6.3,4.7,21.7,93,1034.5
2018-02-28,4.3,0.0,12.8,94,1039.3
2018-03-01,0.8,0.3,15.0,76,1035.1
2018-03-02,-2.7,0.0,20.0,68,1033.0
2018-03-03,-2.7,0.0,17.3,65,1025.9
2018-03-04,-3.6,0.0,17.6,64,1021.2
2018-03-05,-4.1,0.0,23.7,63,1015.4
2018-03-06,-1.3,0.6,18.6,52,1009.5
2018-03-07,-2.1,0.0,13.3,54,1011.4
2018-03-08,-3.0,0.0,12.1,54,1011.6
2018-03-09,-1.6,0.2,21.1,49,1011.3
2018-03-10,-2.1,10.5,22.9,65,1010.3
2018-03-11,-2.0,0.0,18.8,64,1010.9
2018-03-12,-2.3,0.0,11.2,63,1006.4
2018-03-13,0.4,0.2,18.8,61,1000.6
2018-03-14,3.5,4.8,23.8,70,993.4
2018-03-15,5.1,7.2,25.6,86,989.4
2018-03-16,5.8,1.6,20.1,84,1002.1
2018-03-17,6.0,1.5,21.4,83,1013.2
2018-03-18,5.8,2.3,22.5,91,1020.5
2018-03-19,4.6,0.5,16.2,84,1024.8
2018-03-20,4.5,7.3,27.5,84,1013.4
2018-03-21,3.6,6.1,23.5,86,1003.8
2018-03-22,3.2,11.8,19.7,93,987.1
2018-03-23,2.0,3.2,18.8,86,984.8
2018-03-24,0.1,0.6,22.8,72,996.0
2018-03-25,2.1,0.2,21.9,76,1008.1
2018-03-26,3.3,11.9,44.6,84,1003.2
2018-03-27,3.2,11.6,32.4,83,1001.2
2018-03-28,3.8,0.2,28.5,61,995.0
2018-03-29,3.0,0.0,12.3,79,1010.5
2018-03-30,3.1,0.4,10.8,86,1015.0
2018-03-31,1.9,0.6,19.3,77,1017.4
2018-04-01,2.2,0.2,23.2,76,1020.7
2018-04-02,1.5,11.3,18.4,81,1014.7
2018-04-03,-2.2,0.2,21.3,58,1010.6
2018-04-04,-0.5,0.0,17.0,65,1010.5
2018-04-05,-0.6,0.0,13.6,58,1016.0
2018-04-06,-0.1,0.0,15.9,56,1017.7
2018-04-07,1.3,0.0,10.9,71,1017.0
2018-04-08,1.7,0.0,21.2,63,1014.9
2018-04-09,3.4,0.9,21.7,68,1011.3
2018-04-10,5.3,2.3,32.3,83,1013.5
2018-04-11,6.4,18.9,32.9,95,1008.2
2018-04-12,6.7,10.5,20.9,93,1009.8
2018-04-13,7.2,0.2,18.6,77,1008.2
2018-04-14,6.4,2.6,20.7,86,1003.0
2018-04-15,6.8,0.5,20.9,78,1004.0
2018-04-16,8.9,0.0,29.2,66,995.0
2018-04-17,7.5,6.3,32.6,77,985.3
2018-04-18,7.1,7.2,28.3,84,990.7
2018-04-19,7.7,6.3,23.5,87,1001.7
2018-04-20,6.7,4.6,12.4,90,1008.2
2018-04-21,6.3,1.0,11.2,86,1007.4
2018-04-22,5.1,0.0,15.5,77,1002.3
2018-04-23,5.2,0.1,12.0,76,997.0
2018-04-24,5.3,8.0,11.7,83,995.0
2018-04-25,3.6,3.9,12.6,91,998.3
2018-04-26,3.7,12.3,16.4,94,1001.6
2018-04-27,3.4,2.1,10.9,83,1008.5
2018-04-28,2.3,0.0,20.0,72,1019.0
2018-04-29,3.9,11.6,24.5,86,1008.5
2018-04-30,2.8,9.7,16.8,80,992.1
2018-05-01,1.9,1.0,20.2,66,986.0
2018-05-02,2.0,2.9,13.7,70,988.6
2018-05-03,2.2,6.7,28.7,71,985.0
2018-05-04,2.0,2.1,34.6,67,986.6
2018-05-05,2.6,1.7,27.3,64,996.0
2018-05-06,3.3,4.6,32.7,73,1001.0
2018-05-07,4.2,11.5,22.0,87,1000.3
2018-05-08,6.3,7.5,19.6,92,986.8
2018-05-09,6.7,3.7,13.5,83,981.3
2018-05-10,5.3,4.4,15.9,87,979.8
2018-05-11,5.9,7.2,15.8,88,997.8
2018-05-12,7.3,5.6,9.9,85,1009.4
2018-05-13,8.1,3.5,17.6,74,1010.8
2018-05-14,5.4,3.3,23.2,80,1009.0
2018-05-15,4.1,1.9,18.9,69,1014.4
2018-05-16,5.8,5.1,24.1,84,1015.1
2018-05-17,6.3,18.1,37.4,88,1011.0
2018-05-18,4.1,1.1,20.3,71,1009.4
2018-05-19,3.7,17.5,38.2,89,989.8
2018-05-20,4.3,9.1,41.3,84,987.3
2018-05-21,5.0,1.6,17.8,76,1008.1
2018-05-22,5.7,18.8,42.3,92,1007.2
2018-05-23,6.4,2.8,28.7,72,1010.7
2018-05-24,5.2,3.6,14.2,79,1014.3
2018-05-25,5.8,8.2,31.1,79,1020.2
2018-05-26,7.6,25.2,39.0,98,1016.6
2018-05-27,6.4,13.3,21.9,92,1015.6
2018-05-28,6.4,2.1,28.5,77,1014.8
2018-05-29,8.6,6.3,36.2,88,1018.0
2018-05-30,9.2,0.2,17.3,80,1021.9
2018-05-31,6.4,0.0,12.8,84,1025.7
2018-06-01,6.4,0.0,16.1,82,1024.3
2018-06-02,7.7,0.0,15.8,85,1023.3
2018-06-03,7.7,0.0,13.3,87,1024.4
2018-06-04,7.6,0.0,10.4,91,1026.4
2018-06-05,9.0,0.0,14.2,89,1025.2
2018-06-06,9.7,0.0,5.6,80,1022.0
2018-06-07,9.4,0.1,8.7,82,1022.9
2018-06-08,9.3,0.6,16.2,86,1017.7
2018-06-09,9.9,6.8,18.6,91,1011.7
2018-06-10,8.7,1.0,12.3,85,1012.1
2018-06-11,8.3,1.7,9.9,84,1015.4
2018-06-12,7.8,0.9,20.4,81,1012.9
2018-06-13,7.7,7.1,16.1,87,1000.1
2018-06-14,7.7,8.4,14.6,92,989.8
2018-06-15,7.4,0.1,15.5,72,997.4
2018-06-16,6.4,10.8,11.9,91,1005.2
2018-06-17,8.2,5.5,11.8,84,999.0
2018-06-18,8.4,0.2,24.5,80,992.8
2018-06-19,5.8,8.1,14.3,88,1003.0
2018-06-20,7.9,1.1,17.4,74,1014.1
2018-06-21,8.3,9.8,25.2,91,1019.4
2018-06-22,8.6,1.1,21.4,82,1015.2
2018-06-23,9.1,2.8,25.9,89,1006.8
2018-06-24,8.8,18.4,23.7,89,1003.9
2018-06-25,6.8,10.8,30.1,83,1004.5
2018-06-26,8.0,1.1,20.8,68,1015.7
2018-06-27,9.7,0.0,11.9,80,1019.9
2018-06-28,9.7,8.9,33.1,89,1022.3
2018-06-29,10.3,2.5,23.2,85,1020.1
2018-06-30,8.4,9.5,15.8,94,1015.6
2018-07-01,8.9,2.5,21.4,80,1014.1
2018-07-02,9.3,5.7,20.6,87,1012.4
2018-07-03,7.8,4.1,9.7,82,1017.0
2018-07-04,8.2,5.2,21.1,90,1009.9
2018-07-05,8.2,0.1,19.5,81,1008.9
2018-07-06,8.2,0.5,19.5,83,1006.9
2018-07-07,8.5,6.2,13.0,88,1007.5
2018-07-08,9.1,5.3,31.4,83,1012.7
2018-07-09,9.3,3.6,33.1,84,1014.0
2018-07-10,9.6,1.9,24.5,85,1017.9
2018-07-11,9.8,2.7,24.2,87,1015.6
2018-07-12,10.1,2.2,12.5,87,1015.4
2018-07-13,9.9,14.3,18.4,93,1004.4
2018-07-14,10.2,1.5,10.7,92,998.3
2018-07-15,11.3,5.6,15.9,89,995.2
2018-07-16,10.2,1.0,18.4,81,1003.8
2018-07-17,9.4,0.0,11.5,69,1009.9
2018-07-18,9.3,2.0,18.8,84,1008.0
2018-07-19,10.8,0.3,16.9,86,1007.6
2018-07-20,10.0,6.6,23.5,89,1007.5
2018-07-21,9.5,3.9,11.0,90,1000.9
2018-07-22,8.9,4.1,11.7,92,999.1
2018-07-23,9.9,4.5,10.8,92,998.0
2018-07-24,9.8,3.3,10.4,95,998.6
2018-07-25,9.9,0.6,20.7,82,1001.8
2018-07-26,11.4,4.2,17.3,79,1000.5
2018-07-27,12.8,1.8,26.0,80,1003.9
2018-07-28,11.9,5.8,11.9,93,1002.3
2018-07-29,14.4,15.2,16.8,93,991.8
2018-07-30,12.7,0.3,22.8,75,991.6
2018-07-31,11.3,9.3,19.9,87,1001.2
2018-08-01,10.5,1.0,11.9,89,1002.1
2018-08-02,10.1,3.1,11.2,86,1009.8
2018-08-03,10.1,6.1,19.0,91,1011.7
2018-08-04,11.3,0.1,13.3,86,1012.5
2018-08-05,12.2,0.6,14.3,78,1009.8
2018-08-06,11.3,0.0,21.9,74,1004.9
2018-08-07,9.0,0.3,27.0,74,1004.9
2018-08-08,8.7,0.1,25.5,76,1006.0
2018-08-09,9.0,0.0,15.3,81,1006.8
2018-08-10,9.7,0.0,20.3,76,1010.8
2018-08-11,10.2,10.4,20.3,89,1010.6
2018-08-12,10.3,10.9,19.7,89,1010.2
2018-08-13,11.4,0.0,19.9,74,1005.9
2018-08-14,10.9,3.7,20.9,83,995.6
2018-08-15,10.6,3.0,15.9,90,990.8
2018-08-16,11.0,0.0,16.0,82,994.9
2018-08-17,11.0,1.4,17.7,76,991.5
2018-08-18,9.4,0.0,17.8,73,1003.7
2018-08-19,9.8,2.4,13.3,80,1011.8
2018-08-20,9.4,5.4,16.7,92,1012.4
2018-08-21,9.0,9.5,13.7,94,1005.4
2018-08-22,9.5,0.7,15.1,86,1000.8
2018-08-23,8.7,0.8,19.2,85,1004.4
2018-08-24,8.9,0.0,15.3,82,1011.7
2018-08-25,8.7,0.4,11.9,79,1009.2
2018-08-26,8.4,0.5,11.9,79,1003.7
2018-08-27,7.4,21.7,30.2,89,998.2
2018-08-28,7.8,0.7,17.1,82,993.6
2018-08-29,7.6,0.0,19.1,72,1005.9
2018-08-30,7.9,9.5,35.3,82,1008.5
2018-08-31,9.0,13.4,35.0,85,994.3
2018-09-01,7.7,1.5,31.4,73,996.7
2018-09-02,7.8,1.8,17.2,84,1001.5
2018-09-03,7.7,1.4,24.4,86,1011.2
2018-09-04,8.7,4.0,20.6,86,1007.7
2018-09-05,8.4,0.0,10.7,82,1016.2
2018-09-06,9.6,0.0,27.6,75,1018.6
2018-09-07,10.3,0.5,33.8,76,1011.5
2018-09-08,9.6,5.6,31.7,88,1003.8
2018-09-09,8.4,1.9,12.8,92,1001.4
2018-09-10,8.4,0.6,8.7,87,998.1
2018-09-11,8.1,6.5,16.2,94,996.2
2018-09-12,7.4,0.2,13.7,88,999.8
2018-09-13,6.4,0.1,16.1,84,1003.9
2018-09-14,6.2,0.0,15.3,75,1005.8
2018-09-15,6.6,4.8,22.8,79,999.1
2018-09-16,6.9,8.5,24.9,82,986.7
2018-09-17,7.3,0.3,10.4,78,990.7
2018-09-18,7.3,0.3,12.6,77,994.9
2018-09-19,6.4,0.0,22.7,74,995.3
2018-09-20,3.8,0.0,25.1,71,1003.1
2018-09-21,3.3,0.0,24.6,72,1009.6
2018-09-22,3.0,0.0,13.8,73,1014.7
2018-09-23,3.3,0.6,15.6,75,1018.5
2018-09-24,6.1,12.7,33.9,83,1009.0
2018-09-25,5.0,12.5,33.4,87,994.2
2018-09-26,5.2,1.9,29.0,81,1006.2
2018-09-27,4.9,1.1,17.7,83,1016.6
2018-09-28,6.5,21.6,35.1,91,1005.6
2018-09-29,4.9,6.2,25.8,82,999.7
2018-09-30,3.5,0.2,18.8,68,1019.8
2018-10-01,5.7,26.8,43.2,94,1001.9
2018-10-02,4.4,3.4,38.2,72,1011.1
2018-10-03,2.3,5.7,17.6,80,1005.5
2018-10-04,3.6,3.9,28.1,84,995.1
2018-10-05,1.1,0.0,20.0,69,1012.4
2018-10-06,0.7,16.5,38.2,78,999.7
2018-10-07,3.3,0.5,13.7,85,988.0
2018-10-08,2.3,0.2,15.1,86,989.5
2018-10-09,3.1,1.3,21.2,86,989.9
2018-10-10,4.8,0.7,20.2,83,995.3
2018-10-11,7.4,7.0,40.3,85,982.9
2018-10-12,6.5,0.2,27.2,77,980.6
2018-10-13,4.6,0.3,15.1,83,981.4
2018-10-14,4.9,0.2,18.2,87,984.7
2018-10-15,4.5,2.8,17.8,88,989.8
2018-10-16,5.0,22.4,35.5,97,977.7
2018-10-17,4.0,7.4,37.2,83,999.1
2018-10-18,7.1,17.5,32.8,93,992.7
2018-10-19,5.3,6.4,28.3,88,993.1
2018-10-20,5.6,9.4,37.2,87,985.5
2018-10-21,3.6,5.0,39.1,74,998.2
2018-10-22,4.5,6.5,20.2,86,1002.8
2018-10-23,3.2,8.0,27.4,81,1010.1
2018-10-24,4.5,3.2,27.1,87,1008.6
2018-10-25,0.1,0.0,24.0,69,1022.5
2018-10-26,0.2,0.0,21.2,67,1035.9
2018-10-27,0.4,4.9,33.0,70,1036.0
2018-10-28,4.6,23.4,41.1,97,1002.0
2018-10-29,1.5,1.1,12.2,91,992.5
2018-10-30,1.5,0.1,17.7,82,993.7
2018-10-31,0.5,0.0,7.9,84,993.3
2018-11-01,0.8,0.4,8.4,85,1002.6
2018-11-02,-0.4,0.0,17.7,72,1002.9
2018-11-03,-0.0,0.1,26.4,66,986.1
2018-11-04,0.3,0.0,18.8,71,991.4
2018-11-05,-0.9,1.1,19.5,78,996.1
2018-11-06,3.8,2.2,29.9,65,989.2
2018-11-07,6.6,2.6,26.0,80,987.4
2018-11-08,5.1,3.0,36.7,89,987.5
2018-11-09,6.7,1.5,25.8,77,985.4
2018-11-10,7.5,0.0,21.0,64,979.2
2018-11-11,4.7,2.1,17.5,87,989.5
2018-11-12,2.3,1.8,9.5,94,998.0
2018-11-13,3.0,0.1,13.6,86,995.5
2018-11-14,3.1,0.0,12.4,79,993.1
2018-11-15,2.2,1.9,14.0,85,987.5
2018-11-16,4.4,17.2,45.3,91,998.6
2018-11-17,9.4,64.8,44.8,99,1003.3
2018-11-18,8.2,21.5,37.0,93,1013.1
2018-11-19,7.4,11.2,32.3,87,1021.5
2018-11-20,6.2,0.0,29.1,76,1028.2
2018-11-21,4.6,0.0,14.7,87,1029.7
2018-11-22,1.5,0.0,11.0,87,1027.3
2018-11-23,3.3,2.9,13.6,83,1029.4
2018-11-24,0.8,0.0,10.2,88,1030.1
2018-11-25,-0.2,0.0,15.2,80,1026.5
2018-11-26,2.9,0.1,18.1,75,1019.9
2018-11-27,2.5,0.0,19.9,72,1011.0
2018-11-28,1.5,0.2,25.1,66,992.3
2018-11-29,0.2,1.8,25.6,66,980.8
2018-11-30,0.2,2.6,23.9,70,983.1
2018-12-01,-1.0,0.0,19.4,68,992.7
2018-12-02,-3.8,0.0,17.5,70,1000.8
2018-12-03,-5.3,1.1,28.4,62,1006.4
2018-12-04,-1.1,3.3,23.0,75,1005.6
2018-12-05,0.2,4.3,27.5,76,1006.1
2018-12-06,3.5,4.5,31.7,69,983.8
2018-12-07,1.2,0.8,16.8,86,989.5
2018-12-08,1.5,0.4,15.7,73,1000.8
2018-12-09,-0.2,2.0,29.1,67,1011.9
2018-12-10,3.1,11.1,54.5,82,1005.1
2018-12-11,6.3,10.3,50.0,88,988.3
2018-12-12,5.2,2.6,33.8,85,996.3
2018-12-13,6.0,19.2,29.6,93,990.7
2018-12-14,4.3,4.9,25.4,82,988.4
2018-12-15,4.8,8.7,31.3,90,980.2
2018-12-16,2.8,0.0,18.4,81,983.9
2018-12-17,4.9,4.6,45.3,79,983.6
2018-12-18,4.7,12.7,25.9,90,974.2
2018-12-19,4.8,3.1,24.3,83,984.2
2018-12-20,1.6,1.0,12.3,78,998.6
2018-12-21,0.3,0.0,9.6,84,1002.3
2018-12-22,-2.4,0.0,9.6,83,1012.2
2018-12-23,2.5,2.2,19.9,94,1017.4
2018-12-24,4.9,0.2,24.0,85,1016.0
2018-12-25,5.1,5.7,37.3,86,1002.9
2018-12-26,5.6,4.2,28.9,90,999.5
2018-12-27,4.1,7.8,26.5,90,1001.3
2018-12-28,2.8,1.9,24.1,77,1003.2
2018-12-29,1.3,2.5,21.4,80,1012.8
2018-12-30,3.3,23.5,28.8,90,996.4
2018-12-31,-0.6,2.9,47.6,76,1008.7
2019-01-01,-0.8,5.3,30.0,71,1032.6
2019-01-02,7.1,9.0,30.1,94,1023.5
2019-01-03,7.7,16.6,42.4,93,1010.2
2019-01-04,8.2,10.4,30.2,97,1012.9
2019-01-05,4.2,8.5,31.2,85,1013.9
2019-01-06,3.0,3.6,26.7,79,1018.2
2019-01-07,2.7,2.7,29.2,72,1019.6
2019-01-08,3.5,6.1,41.6,84,1024.8
2019-01-09,8.1,9.3,35.8,97,1012.5
2019-01-10,3.3,0.0,22.4,74,1016.1
2019-01-11,5.7,12.2,26.3,94,1005.8
2019-01-12,1.5,4.1,29.9,88,1000.9
2019-01-13,-1.7,0.0,14.3,84,1009.1
2019-01-14,-0.1,11.4,29.5,78,998.9
2019-01-15,-1.3,0.1,23.4,83,993.4
2019-01-16,-7.0,0.0,15.5,76,1011.7
2019-01-17,-0.9,5.4,17.4,84,1008.4
2019-01-18,2.5,10.7,23.8,93,1004.7
2019-01-19,2.0,15.4,31.3,88,999.9
2019-01-20,-0.1,12.1,37.8,81,997.3
2019-01-21,-1.6,5.1,17.5,80,977.5
2019-01-22,-2.4,3.7,20.1,78,990.2
2019-01-23,-3.8,1.8,12.8,87,1000.6
2019-01-24,-2.0,5.5,24.6,79,996.6
2019-01-25,-2.2,0.8,17.9,79,1004.8
2019-01-26,-6.0,0.1,15.8,69,1016.4
2019-01-27,-4.2,4.9,27.5,71,1005.6
2019-01-28,-4.0,0.6,13.5,85,997.5
2019-01-29,-7.8,0.0,15.1,68,999.5
2019-01-30,-8.4,0.0,15.7,66,1003.6
2019-01-31,-9.3,0.0,12.8,71,1009.0
2019-02-01,-8.2,0.0,15.5,77,1016.6
2019-02-02,-9.8,0.0,25.6,66,1012.2
2019-02-03,-3.8,6.9,24.9,75,1003.9
2019-02-04,-3.5,0.0,19.1,78,1008.5
2019-02-05,2.4,0.9,47.0,73,999.0
2019-02-06,1.7,1.6,36.0,69,995.3
2019-02-07,-4.4,0.0,18.2,75,1001.2
2019-02-08,-4.9,0.0,20.9,75,998.7
2019-02-09,-3.1,0.1,19.2,74,1000.3
2019-02-10,-5.1,0.0,17.5,74,1008.6
2019-02-11,1.0,10.4,31.9,83,1001.6
2019-02-12,2.4,7.1,41.7,85,987.0
2019-02-13,-0.1,1.1,13.9,90,987.9
2019-02-14,-0.0,2.4,14.1,82,997.7
2019-02-15,-1.1,0.1,11.9,85,1001.0
2019-02-16,-4.3,0.0,18.9,74,1004.2
2019-02-17,-0.6,5.2,17.0,77,993.6
2019-02-18,-2.4,0.0,19.9,77,1001.4
2019-02-19,1.0,8.1,34.4,78,998.2
2019-02-20,4.4,8.3,37.9,85,985.1
2019-02-21,5.9,16.5,41.6,84,987.3
2019-02-22,5.3,4.8,51.3,76,991.3
2019-02-23,4.5,13.5,30.7,90,986.6
2019-02-24,3.3,9.8,37.2,81,1008.3
2019-02-25,5.4,14.9,35.3,89,1007.4
2019-02-26,5.3,17.0,32.1,96,991.5
2019-02-27,4.3,0.5,19.7,80,1016.6
2019-02-28,4.6,0.0,25.3,73,1010.5
2019-03-01,4.3,27.8,26.2,92,999.8
2019-03-02,1.9,2.5,14.2,87,988.7
2019-03-03,0.4,0.0,14.0,75,988.2
2019-03-04,-0.2,0.0,15.6,65,997.8
2019-03-05,-2.0,0.0,8.4,72,1002.7
2019-03-06,-2.5,0.0,16.6,71,1002.7
2019-03-07,-2.1,0.8,15.5,66,1002.4
2019-03-08,-1.5,0.0,34.2,53,991.7
2019-03-09,0.1,2.9,31.0,57,992.0
2019-03-10,-0.4,0.0,12.7,58,995.4
2019-03-11,1.2,2.4,42.5,59,987.4
2019-03-12,2.4,1.2,24.5,69,984.6
2019-03-13,0.7,10.6,25.1,86,987.8
2019-03-14,1.2,2.2,12.0,91,983.7
2019-03-15,1.2,3.0,13.9,79,988.3
2019-03-16,1.1,2.0,13.5,78,995.1
2019-03-17,1.8,1.8,19.5,85,1001.0
2019-03-18,4.9,13.5,27.4,93,995.1
2019-03-19,2.4,5.8,33.2,80,986.3
2019-03-20,-0.6,0.9,34.9,58,997.2
2019-03-21,0.2,2.1,28.4,70,1003.5
2019-03-22,0.5,11.5,39.5,78,981.5
2019-03-23,0.1,7.0,33.0,79,997.7
2019-03-24,0.5,0.6,34.6,77,1012.7
2019-03-25,4.7,28.9,30.5,93,1008.6
2019-03-26,4.0,0.8,27.8,72,1009.3
2019-03-27,2.2,4.5,42.5,70,999.6
2019-03-28,-0.5,2.4,29.5,68,992.8
2019-03-29,-0.1,4.1,28.8,70,1002.6
2019-03-30,-0.6,1.4,18.4,69,1018.3
2019-03-31,1.8,7.8,20.8,92,1007.0
2019-04-01,-0.9,1.9,26.0,74,1000.2
2019-04-02,-2.4,0.0,25.0,70,1021.2
2019-04-03,2.0,5.1,36.7,76,1014.4
2019-04-04,2.3,16.9,20.3,99,1014.1
2019-04-05,3.0,0.6,11.6,83,1019.7
2019-04-06,2.2,0.0,14.1,72,1026.5
2019-04-07,2.9,0.0,13.9,70,1028.9
2019-04-08,3.5,0.0,17.2,70,1028.5
2019-04-09,4.7,0.0,17.4,69,1027.0
2019-04-10,5.5,0.0,26.7,72,1021.9
2019-04-11,6.5,3.5,32.2,78,1016.2
2019-04-12,8.3,5.5,51.5,81,1008.2
2019-04-13,7.8,17.5,51.9,90,1005.9
2019-04-14,7.6,10.0,40.9,86,1006.1
2019-04-15,7.2,3.2,25.5,87,1011.8
2019-04-16,6.3,14.8,48.3,88,1002.1
2019-04-17,6.6,13.8,33.9,90,1006.5
2019-04-18,7.3,6.4,30.9,91,1004.3
2019-04-19,7.5,10.3,35.7,90,1002.7
2019-04-20,5.0,8.2,27.1,88,1004.2
2019-04-21,4.9,1.1,13.1,81,1005.2
2019-04-22,4.0,2.0,8.2,80,1002.1
2019-04-23,5.0,8.0,38.7,91,993.6
2019-04-24,7.2,11.3,27.5,92,996.4
2019-04-25,9.7,1.0,22.9,81,998.4
2019-04-26,8.3,12.4,28.1,92,996.8
2019-04-27,8.2,6.5,19.9,88,1005.4
2019-04-28,7.7,4.2,34.6,76,1009.0
2019-04-29,8.5,2.5,35.4,75,1015.1
2019-04-30,10.3,3.3,15.6,88,1022.8
2019-05-01,9.1,0.9,12.3,90,1021.4
2019-05-02,6.2,4.8,14.3,91,1027.5
2019-05-03,3.8,1.4,18.4,78,1032.2
2019-05-04,5.3,0.0,9.3,70,1031.1
2019-05-05,6.7,0.0,15.1,70,1028.5
2019-05-06,6.8,0.3,11.9,80,1026.9
2019-05-07,6.2,0.3,13.8,75,1021.0
2019-05-08,4.2,0.2,12.2,59,1018.9
2019-05-09,3.9,0.0,15.0,59,1018.4
2019-05-10,2.1,0.0,16.9,58,1019.9
2019-05-11,1.6,0.0,17.2,56,1026.0
2019-05-12,3.3,2.5,28.9,56,1025.6
2019-05-13,7.3,13.3,30.7,92,1013.7
2019-05-14,9.7,2.0,28.8,85,1018.4
2019-05-15,9.1,8.4,31.4,90,1014.6
2019-05-16,9.1,3.6,18.6,85,1016.1
2019-05-17,8.6,7.4,11.2,93,1016.6
2019-05-18,8.4,10.4,15.0,97,1016.8
2019-05-19,7.7,4.6,9.3,94,1016.2
2019-05-20,7.9,3.8,9.0,91,1014.4
2019-05-21,8.1,3.7,12.7,92,1020.5
2019-05-22,8.3,0.0,10.3,87,1024.5
2019-05-23,8.7,0.0,13.8,85,1021.7
2019-05-24,8.3,0.0,12.2,80,1019.4
2019-05-25,8.5,1.9,11.7,82,1018.1
2019-05-26,8.3,0.5,17.1,78,1014.8
2019-05-27,8.4,0.0,17.3,73,1014.0
2019-05-28,6.2,0.0,17.9,60,1016.0
2019-05-29,5.7,0.0,14.6,55,1016.0
2019-05-30,7.5,0.0,13.8,61,1016.7
2019-05-31,7.4,1.4,17.7,74,1015.7
2019-06-01,7.0,4.6,19.7,74,1014.4
2019-06-02,6.1,0.0,20.4,62,1012.4
2019-06-03,6.2,0.0,23.4,62,1008.7
2019-06-04,5.6,0.0,20.5,62,1010.5
2019-06-05,7.1,0.0,20.6,61,1014.1
2019-06-06,7.6,0.0,19.6,58,1020.8
2019-06-07,8.1,0.0,24.8,58,1018.9
2019-06-08,10.0,0.0,18.5,45,1018.8
2019-06-09,9.6,0.0,14.6,61,1021.0
2019-06-10,9.9,0.0,15.1,75,1029.2
2019-06-11,10.4,0.0,13.0,80,1036.9
2019-06-12,9.7,0.0,13.3,82,1037.6
2019-06-13,10.6,0.0,20.2,88,1025.8
2019-06-14,12.2,0.0,17.1,70,1018.2
2019-06-15,12.9,0.0,14.0,65,1017.4
2019-06-16,11.2,0.8,12.7,84,1015.1
2019-06-17,11.5,0.0,18.9,79,1007.0
2019-06-18,7.8,0.6,26.2,69,1006.9
2019-06-19,8.1,1.3,24.0,68,1009.4
2019-06-20,8.9,0.0,22.6,67,1007.4
2019-06-21,9.2,1.4,23.3,78,1008.4
2019-06-22,9.5,0.0,15.7,76,1014.8
2019-06-23,10.8,0.2,10.7,76,1021.2
2019-06-24,11.0,1.0,12.4,80,1026.9
2019-06-25,11.2,2.0,19.6,87,1028.7
2019-06-26,11.4,4.7,15.1,93,1028.4
2019-06-27,12.2,9.3,17.3,94,1022.7
2019-06-28,10.6,3.8,18.1,89,1015.7
2019-06-29,11.1,5.3,14.0,88,1009.7
2019-06-30,9.9,0.3,14.1,73,1006.2
2019-07-01,8.4,0.0,22.5,66,1015.1
2019-07-02,9.9,0.0,12.5,67,1021.4
2019-07-03,11.3,7.1,21.4,87,1014.4
2019-07-04,9.8,7.7,19.5,84,1009.8
2019-07-05,11.1,0.0,19.9,71,1016.1
2019-07-06,11.8,0.0,13.5,67,1019.0
2019-07-07,12.5,0.0,18.0,65,1018.3
2019-07-08,9.9,1.0,12.7,74,1016.5
2019-07-09,11.7,0.0,15.5,76,1016.0
2019-07-10,11.6,1.0,10.5,80,1012.1
2019-07-11,11.9,6.1,9.2,91,1012.3
2019-07-12,12.0,0.1,8.1,89,1015.1
2019-07-13,12.4,2.1,13.2,87,1017.8
2019-07-14,12.4,8.8,16.3,93,1016.3
2019-07-15,13.4,5.5,20.4,89,1013.1
2019-07-16,12.7,16.0,8.4,96,1005.6
2019-07-17,12.6,4.6,14.0,92,1002.3
2019-07-18,13.8,0.5,14.1,78,1001.7
2019-07-19,12.5,0.4,14.9,78,1003.1
2019-07-20,13.6,1.5,15.5,79,1003.4
2019-07-21,12.4,5.5,14.0,89,1004.3
2019-07-22,12.9,3.4,7.9,88,1004.3
2019-07-23,12.9,0.2,11.5,84,1007.4
2019-07-24,13.2,0.0,18.4,75,1005.8
2019-07-25,12.0,0.7,8.4,83,1004.9
2019-07-26,13.1,0.4,16.5,81,1006.5
2019-07-27,13.7,9.9,29.9,90,1006.1
2019-07-28,14.1,5.9,22.0,87,1012.9
2019-07-29,14.5,5.5,12.6,94,1013.0
2019-07-30,14.7,4.9,9.7,93,1011.2
2019-07-31,16.5,0.4,17.0,66,1015.8
2019-08-01,13.4,0.0,12.5,72,1021.5
2019-08-02,11.8,0.0,12.1,85,1023.3
2019-08-03,12.3,0.2,8.6,88,1021.3
2019-08-04,11.8,0.0,10.2,89,1018.3
2019-08-05,12.5,0.6,17.6,84,1013.6
2019-08-06,12.1,0.6,14.6,83,1012.8
2019-08-07,11.2,0.0,17.7,73,1013.4
2019-08-08,9.9,0.0,19.6,67,1013.6
2019-08-09,9.8,0.0,21.2,69,1014.0
2019-08-10,8.5,0.0,25.0,68,1014.9
2019-08-11,8.7,0.0,27.9,68,1015.1
2019-08-12,8.7,0.2,31.8,68,1012.8
2019-08-13,9.0,0.2,24.9,70,1010.3
2019-08-14,8.8,0.4,14.0,74,1005.5
2019-08-15,9.0,4.6,8.2,79,1001.3
2019-08-16,10.0,0.0,20.2,69,996.4
2019-08-17,9.8,0.0,22.9,68,998.5
2019-08-18,8.9,0.0,18.6,69,1003.2
2019-08-19,9.2,0.0,14.6,68,1007.3
2019-08-20,10.0,0.0,17.1,74,1007.7
2019-08-21,12.4,1.2,26.1,70,1003.1
2019-08-22,12.2,0.0,11.9,70,1005.6
2019-08-23,11.8,0.2,14.7,78,1009.9
2019-08-24,10.2,0.3,6.4,87,1012.1
2019-08-25,9.5,29.3,36.2,92,998.0
2019-08-26,10.8,14.6,25.6,93,981.2
2019-08-27,10.7,1.6,22.9,87,991.2
2019-08-28,9.5,3.5,12.4,89,997.6
2019-08-29,8.7,0.7,15.5,83,998.5
2019-08-30,7.8,0.4,17.7,78,1004.4
2019-08-31,7.3,1.7,11.1,83,1007.9
2019-09-01,7.2,0.4,15.1,77,1009.9
2019-09-02,7.6,0.0,13.4,73,1010.4
2019-09-03,7.6,0.0,18.1,70,1012.2
2019-09-04,9.1,2.6,15.0,86,1016.6
2019-09-05,9.9,5.6,18.4,92,1004.4
2019-09-06,10.6,2.0,15.9,85,1013.1
2019-09-07,11.1,29.6,38.5,95,1003.1
2019-09-08,9.5,1.4,17.3,84,997.4
2019-09-09,8.9,2.9,11.5,86,1004.1
2019-09-10,8.8,7.8,21.8,90,990.7
2019-09-11,7.7,7.8,28.0,91,992.9
2019-09-12,6.9,1.5,18.9,82,1001.1
2019-09-13,7.2,1.4,28.5,69,1007.1
2019-09-14,6.4,23.7,41.7,90,991.6
2019-09-15,5.5,4.9,32.4,73,1004.8
2019-09-16,6.1,6.1,29.3,75,1012.5
2019-09-17,6.0,0.1,9.9,80,1023.1
2019-09-18,7.3,31.2,30.1,94,1015.4
2019-09-19,11.4,31.6,29.1,99,1004.7
2019-09-20,11.4,23.5,29.2,97,1001.3
2019-09-21,11.8,10.9,30.0,90,999.2
2019-09-22,12.1,5.2,30.8,84,995.3
2019-09-23,10.9,10.4,22.7,89,1000.0
2019-09-24,10.6,5.6,22.0,94,996.9
2019-09-25,11.8,0.3,16.0,82,993.1
2019-09-26,12.8,0.8,11.3,82,995.7
2019-09-27,10.7,0.3,17.5,80,1006.4
2019-09-28,7.6,0.0,10.7,79,1011.2
2019-09-29,7.4,0.0,11.6,78,1015.8
2019-09-30,6.0,0.0,11.0,88,1017.7
2019-10-01,6.6,0.0,10.8,86,1020.0
2019-10-02,6.9,1.0,27.3,78,1018.8
2019-10-03,7.1,14.3,36.4,85,1007.4
2019-10-04,7.6,6.9,40.3,78,1005.4
2019-10-05,7.8,45.5,35.6,97,995.5
2019-10-06,8.8,2.0,19.0,88,1001.7
2019-10-07,9.5,2.7,25.9,73,980.3
2019-10-08,8.3,1.4,9.7,90,979.3
2019-10-09,6.7,0.0,13.9,82,995.1
2019-10-10,3.9,0.4,19.9,80,997.8
2019-10-11,5.5,3.5,15.8,86,1002.2
2019-10-12,5.1,0.0,17.3,73,1004.5
2019-10-13,5.0,20.6,22.0,94,1004.6
2019-10-14,4.9,12.6,30.2,79,996.1
2019-10-15,8.4,13.1,36.5,78,989.4
2019-10-16,8.3,4.7,25.9,78,997.0
2019-10-17,4.3,0.0,7.2,76,1007.4
2019-10-18,3.6,0.0,13.0,75,1016.5
2019-10-19,4.6,0.1,12.2,77,1020.7
2019-10-20,6.0,29.5,32.6,89,1012.1
2019-10-21,4.6,0.9,23.8,82,999.2
2019-10-22,-0.2,0.4,20.4,67,1010.3
2019-10-23,-2.7,0.0,25.6,60,1016.9
2019-10-24,-1.3,0.0,33.5,63,1016.5
2019-10-25,-0.5,0.0,27.4,68,1014.9
2019-10-26,-1.0,0.0,16.5,72,1015.7
2019-10-27,0.7,0.0,7.2,66,1025.4
2019-10-28,2.5,1.1,13.4,86,1034.7
2019-10-29,5.5,1.7,17.6,92,1030.0
2019-10-30,5.4,6.3,14.5,95,1020.9
2019-10-31,4.2,4.6,11.8,93,1014.0
2019-11-01,2.0,0.0,14.2,84,1003.9
2019-11-02,3.1,0.0,22.0,65,999.5
2019-11-03,3.3,0.0,27.4,63,1003.1
2019-11-04,2.1,6.2,17.8,90,1015.1
2019-11-05,0.3,0.0,17.7,89,1015.2
2019-11-06,0.8,0.0,20.5,75,1010.3
2019-11-07,3.0,0.7,15.7,86,1016.2
2019-11-08,3.1,2.8,33.6,72,1004.0
2019-11-09,2.9,14.5,34.2,93,1003.4
2019-11-10,4.5,10.1,39.0,89,994.6
2019-11-11,3.4,14.7,35.1,95,992.1
2019-11-12,2.6,3.9,18.3,89,1001.6
2019-11-13,-0.3,0.0,18.4,64,1008.2
2019-11-14,-1.1,0.0,24.6,64,1022.0
2019-11-15,3.0,24.4,37.9,91,1006.7
2019-11-16,1.5,2.0,17.7,86,1002.9
2019-11-17,0.4,0.5,20.2,81,1012.4
2019-11-18,1.9,5.7,33.1,72,1006.0
2019-11-19,3.6,9.4,37.1,84,1003.4
2019-11-20,3.4,0.5,20.5,78,1003.9
2019-11-21,4.3,3.7,20.9,85,1000.6
2019-11-22,5.8,0.9,19.7,92,1004.6
2019-11-23,3.7,1.1,13.8,92,1012.4
2019-11-24,1.3,0.0,10.7,82,1014.2
2019-11-25,1.0,0.0,11.0,75,1015.4
2019-11-26,-1.1,0.0,10.5,72,1016.9
2019-11-27,-1.9,0.0,11.9,65,1016.9
2019-11-28,-0.2,0.1,11.2,77,1017.3
2019-11-29,1.2,0.1,11.4,91,1019.7
2019-11-30,2.3,1.6,15.5,92,1020.7
2019-12-01,4.1,7.9,26.9,95,1017.5
2019-12-02,8.5,16.8,34.4,97,998.5
2019-12-03,5.6,9.9,34.0,91,981.3
2019-12-04,-0.3,1.7,17.5,78,975.4
2019-12-05,-1.3,4.2,29.3,79,984.3
2019-12-06,-2.8,0.0,15.5,81,996.6
2019-12-07,-2.4,0.0,29.0,54,990.9
2019-12-08,-2.3,0.0,17.1,72,994.8
2019-12-09,0.0,13.0,25.4,83,991.9
2019-12-10,-1.4,6.6,54.5,86,969.6
2019-12-11,-2.0,1.3,49.4,76,983.1
2019-12-12,-5.5,0.0,16.7,80,987.4
2019-12-13,-8.8,0.0,20.2,69,988.5
2019-12-14,-10.5,0.0,17.9,62,989.2
2019-12-15,-6.7,0.0,12.3,81,994.3
2019-12-16,-3.4,0.0,17.1,78,1004.1
2019-12-17,-3.7,0.0,18.0,81,1007.2
2019-12-18,-3.9,0.2,15.3,73,1005.0
2019-12-19,-2.7,0.0,16.4,75,999.4
2019-12-20,0.3,2.0,16.1,73,990.5
2019-12-21,0.5,0.0,21.6,75,986.8
2019-12-22,-0.5,0.0,20.0,76,990.0
2019-12-23,-2.3,0.1,12.0,80,998.2
2019-12-24,-0.1,10.9,19.0,89,1004.7
2019-12-25,-0.3,0.2,12.6,82,1017.7
2019-12-26,0.7,12.3,27.9,80,1008.8
2019-12-27,4.4,17.1,23.0,98,988.2
2019-12-28,3.1,12.8,14.9,97,994.2
2019-12-29,1.8,7.7,24.6,92,985.2
2019-12-30,1.4,1.1,23.1,87,1009.3
2019-12-31,4.7,24.9,28.7,98,997.0
2020-01-01,1.9,4.9,26.8,85,980.2
2020-01-02,-2.3,4.6,38.0,65,978.0
2020-01-03,-6.7,1.4,32.1,67,1006.4
2020-01-04,0.9,20.7,52.0,77,996.9
2020-01-05,2.6,2.0,34.3,82,983.9
2020-01-06,1.3,16.4,31.5,88,969.2
2020-01-07,0.1,10.3,43.2,80,954.1
2020-01-08,-1.5,1.3,47.2,65,977.7
2020-01-09,-2.3,0.6,35.3,59,982.9
2020-01-10,1.4,15.6,41.2,82,966.8
2020-01-11,-1.0,0.8,38.0,75,966.6
2020-01-12,-3.1,15.6,41.6,83,970.8
2020-01-13,-1.5,1.1,29.6,75,969.8
2020-01-14,0.3,0.0,22.2,74,963.9
2020-01-15,0.3,0.9,24.5,81,973.8
2020-01-16,1.8,1.4,23.3,82,984.2
2020-01-17,-0.0,2.6,17.7,85,1000.9
2020-01-18,-0.4,0.8,30.4,79,1012.3
2020-01-19,5.5,19.4,43.4,85,994.7
2020-01-20,1.2,3.1,35.0,72,1007.9
2020-01-21,2.4,5.6,25.5,88,1019.9
2020-01-22,4.6,15.0,35.5,87,1004.9
2020-01-23,-0.7,0.6,40.5,58,996.8
2020-01-24,-0.1,3.2,38.2,72,997.8
2020-01-25,1.4,11.9,30.5,83,975.9
2020-01-26,0.5,4.4,23.1,81,967.8
2020-01-27,-0.7,0.8,20.2,76,968.8
2020-01-28,-0.4,0.4,20.2,75,982.4
2020-01-29,-3.4,0.0,16.2,72,987.6
2020-01-30,-1.7,0.0,12.4,87,986.5
2020-01-31,-1.4,0.0,13.0,86,988.0
2020-02-01,-4.2,0.0,10.0,73,993.7
2020-02-02,-2.6,0.0,19.9,70,994.2
2020-02-03,-0.9,7.3,22.8,80,996.4
2020-02-04,2.6,13.2,26.8,94,1007.1
2020-02-05,7.0,17.7,30.4,97,1000.1
2020-02-06,5.8,3.9,44.1,85,996.6
2020-02-07,5.4,22.9,46.3,92,977.8
2020-02-08,1.9,0.5,25.9,73,965.5
2020-02-09,-2.0,0.0,15.2,76,958.3
2020-02-10,-0.2,0.0,35.5,77,964.3
2020-02-11,-1.8,0.3,24.8,74,984.3
2020-02-12,-4.8,0.0,11.4,66,995.5
2020-02-13,-4.6,2.2,36.4,62,997.2
2020-02-14,1.7,19.0,49.3,79,958.3
2020-02-15,0.4,0.8,28.3,74,954.0
2020-02-16,1.1,0.0,21.1,79,949.6
2020-02-17,0.5,0.0,26.3,81,974.4
2020-02-18,-1.9,0.4,12.9,81,990.7
2020-02-19,-1.5,3.7,24.1,78,979.9
2020-02-20,0.3,0.7,20.9,81,966.7
2020-02-21,-0.9,0.7,19.3,75,963.1
2020-02-22,-1.4,0.2,14.6,80,978.7
2020-02-23,-0.3,2.5,24.8,79,997.2
2020-02-24,0.1,2.2,17.9,84,991.6
2020-02-25,-2.8,0.5,15.1,78,987.2
2020-02-26,-4.0,0.0,25.7,68,993.8
2020-02-27,-3.6,7.4,35.4,66,992.8
2020-02-28,-0.5,1.4,33.7,79,982.3
2020-02-29,-1.0,3.7,18.4,85,980.0
2020-03-01,1.6,0.4,41.1,64,977.7
2020-03-02,1.4,0.0,33.7,67,987.1
2020-03-03,-1.1,0.9,23.9,74,987.5
2020-03-04,-2.1,0.5,15.5,80,982.9
2020-03-05,-2.2,0.7,21.0,73,990.6
2020-03-06,-3.3,0.0,20.6,67,1002.4
2020-03-07,-1.9,0.0,26.6,55,989.2
2020-03-08,-2.7,0.0,15.8,58,991.4
2020-03-09,-3.0,0.1,25.6,60,992.6
2020-03-10,0.5,0.0,20.4,55,979.4
2020-03-11,-0.1,2.9,28.2,70,983.4
2020-03-12,-2.5,1.8,20.2,70,1002.3
2020-03-13,-2.6,0.0,15.6,79,1003.6
2020-03-14,-3.2,0.0,16.3,69,1002.4
2020-03-15,-1.5,1.5,28.8,66,999.1
2020-03-16,2.1,19.9,36.9,85,969.3
2020-03-17,-0.3,0.0,18.4,82,982.4
2020-03-18,-1.3,1.9,29.2,80,1010.0
2020-03-19,-1.7,0.9,19.5,71,1029.8
2020-03-20,2.9,27.1,36.8,93,1016.0
2020-03-21,-0.2,7.7,26.2,81,1005.6
2020-03-22,1.7,14.9,40.3,84,988.3
2020-03-23,2.5,3.8,38.8,78,971.7
2020-03-24,1.3,1.3,27.3,70,988.9
2020-03-25,1.0,2.0,21.4,79,1002.8
2020-03-26,0.7,2.9,23.2,74,1010.6
2020-03-27,-0.5,0.0,28.6,58,1029.6
2020-03-28,1.5,0.0,16.5,71,1048.4
2020-03-29,5.3,2.2,24.4,88,1046.7
2020-03-30,5.2,0.7,24.5,79,1037.0
2020-03-31,5.0,6.5,34.9,88,1021.6
2020-04-01,-0.7,2.4,42.0,61,1010.0
2020-04-02,-2.6,0.1,32.0,64,1015.0
2020-04-03,-4.0,0.0,19.7,53,1012.9
2020-04-04,-4.7,5.3,27.2,56,1006.3
2020-04-05,-3.6,25.2,24.8,70,986.3
2020-04-06,3.4,10.0,36.4,77,969.2
2020-04-07,1.0,1.1,26.2,72,996.4
2020-04-08,-0.3,0.0,12.6,68,1017.3
2020-04-09,1.8,0.0,10.7,74,1023.4
2020-04-10,1.9,6.8,19.0,80,1015.5
2020-04-11,4.9,0.1,13.0,80,1008.3
2020-04-12,3.8,0.2,22.0,80,1027.6
2020-04-13,5.6,10.4,31.9,87,1015.9
2020-04-14,4.0,0.3,33.7,65,1005.0
2020-04-15,3.0,2.8,28.8,71,1007.7
2020-04-16,4.2,1.5,23.2,80,1017.8
2020-04-17,7.2,2.3,32.0,90,1014.9
2020-04-18,5.2,16.4,34.4,94,1010.0
2020-04-19,6.3,19.5,29.3,99,1012.7
2020-04-20,8.1,8.1,28.3,94,1017.5
2020-04-21,7.4,11.5,29.6,93,1023.8
2020-04-22,5.6,0.1,12.6,80,1030.3
2020-04-23,5.9,0.3,19.1,81,1025.9
2020-04-24,5.3,7.7,24.6,91,1016.5
2020-04-25,5.7,0.5,11.8,79,1017.8
2020-04-26,5.8,0.2,12.0,77,1021.9
2020-04-27,6.5,0.0,10.7,73,1022.9
2020-04-28,5.1,0.0,12.1,79,1018.6
2020-04-29,4.8,0.0,22.7,77,1009.0
2020-04-30,5.3,0.0,14.8,66,1006.7
2020-05-01,3.8,0.4,13.7,69,1011.4
2020-05-02,2.0,0.0,17.3,62,1016.2
2020-05-03,2.4,0.0,10.6,57,1022.4
2020-05-04,6.9,0.5,30.1,76,1015.5
2020-05-05,7.0,0.0,25.0,74,1016.0
2020-05-06,5.8,4.2,20.4,85,1021.8
2020-05-07,5.6,1.8,15.6,87,1017.8
2020-05-08,4.0,0.0,18.4,61,1020.3
2020-05-09,2.8,0.0,17.9,57,1029.0
2020-05-10,4.5,0.0,15.5,63,1031.1
2020-05-11,6.0,2.2,18.8,79,1029.5
2020-05-12,4.6,0.0,15.1,82,1025.7
2020-05-13,5.6,2.4,22.3,81,1021.1
2020-05-14,6.2,13.5,22.7,98,1017.0
2020-05-15,6.5,1.7,15.9,66,1019.9
2020-05-16,5.3,0.0,17.1,54,1017.2
2020-05-17,5.5,1.1,17.6,65,1016.9
2020-05-18,6.3,1.3,17.8,67,1015.8
2020-05-19,6.8,0.0,14.4,68,1016.1
2020-05-20,6.5,15.9,34.6,83,1002.5
2020-05-21,8.7,2.3,34.1,81,1002.4
2020-05-22,10.3,0.0,17.5,73,1002.0
2020-05-23,9.6,0.0,17.9,69,1000.5
2020-05-24,6.9,18.9,36.7,87,999.7
2020-05-25,6.4,6.0,24.5,85,994.9
2020-05-26,5.7,5.1,33.2,80,1008.3
2020-05-27,6.4,11.2,27.7,90,1018.1
2020-05-28,8.9,5.9,27.8,87,1015.5
2020-05-29,9.7,16.0,33.4,93,1003.9
2020-05-30,8.1,2.3,26.6,78,1012.4
2020-05-31,7.4,4.1,15.0,78,1018.2
2020-06-01,7.9,0.0,13.8,75,1022.8
2020-06-02,8.3,2.4,15.9,88,1027.5
2020-06-03,7.8,0.3,14.9,87,1021.9
2020-06-04,8.4,0.0,23.4,70,1015.7
2020-06-05,5.5,0.0,22.4,60,1022.7
2020-06-06,6.5,0.0,18.6,61,1021.7
2020-06-07,8.6,0.0,29.0,65,1013.6
2020-06-08,8.6,18.4,31.8,92,1003.1
2020-06-09,7.4,0.4,15.1,81,1007.2
2020-06-10,9.3,0.0,14.2,84,1024.6
2020-06-11,9.8,1.6,22.3,84,1029.8
2020-06-12,8.7,20.6,28.5,97,1019.5
2020-06-13,7.7,0.4,16.3,73,1018.9
2020-06-14,9.0,3.1,28.8,84,1016.8
2020-06-15,8.8,9.4,30.8,83,1009.9
2020-06-16,8.0,1.6,18.7,73,1016.1
2020-06-17,9.4,0.0,13.7,73,1019.6
2020-06-18,9.1,0.0,22.7,73,1014.4
2020-06-19,10.6,0.0,16.6,76,1013.9
2020-06-20,11.3,7.3,20.6,86,1004.0
2020-06-21,14.9,0.2,26.1,61,999.7
2020-06-22,10.3,4.4,14.1,85,996.3
2020-06-23,9.3,3.0,22.4,81,998.2
2020-06-24,10.1,10.0,15.5,91,999.9
2020-06-25,9.2,0.7,9.4,86,1012.1
2020-06-26,10.1,4.1,9.6,88,1011.9
2020-06-27,11.4,1.6,16.2,82,1006.4
2020-06-28,11.1,6.6,7.7,96,1005.2
2020-06-29,14.4,0.4,10.0,86,1010.0
2020-06-30,10.9,2.4,13.2,90,1015.7
2020-07-01,10.3,3.1,15.5,88,1014.2
2020-07-02,11.9,0.2,11.5,77,1006.8
2020-07-03,10.8,0.2,13.7,72,1002.5
2020-07-04,9.4,4.7,14.5,81,999.9
2020-07-05,11.3,0.0,17.3,76,1006.1
2020-07-06,11.2,0.0,15.8,70,1013.4
2020-07-07,10.4,0.0,14.1,80,1014.3
2020-07-08,9.0,0.3,17.3,78,1013.6
2020-07-09,10.0,0.3,19.6,74,1014.6
2020-07-10,10.2,0.5,16.1,75,1016.4
2020-07-11,10.9,1.4,12.2,85,1012.0
2020-07-12,10.7,9.1,14.9,91,1010.2
2020-07-13,10.9,3.3,9.2,88,1009.8
2020-07-14,11.1,3.2,12.6,88,1009.0
2020-07-15,10.8,15.4,18.0,98,1001.8
2020-07-16,10.3,8.1,21.5,94,983.0
2020-07-17,7.5,1.6,37.5,75,993.8
2020-07-18,8.4,0.0,37.9,70,1007.9
2020-07-19,9.2,0.1,22.9,77,1016.4
2020-07-20,8.5,0.0,12.0,77,1017.4
2020-07-21,9.7,0.0,9.7,75,1018.0
2020-07-22,10.0,0.0,12.2,77,1014.7
2020-07-23,10.8,0.0,19.7,72,1010.0
2020-07-24,9.3,0.0,20.1,68,1008.2
2020-07-25,8.9,0.3,19.5,73,1006.4
2020-07-26,9.7,1.2,16.9,81,1008.9
2020-07-27,9.0,0.0,24.5,78,1012.4
2020-07-28,9.6,0.3,17.3,83,1013.4
2020-07-29,11.1,1.8,7.4,89,1012.5
2020-07-30,10.7,0.5,10.2,87,1014.2
2020-07-31,11.1,7.3,15.0,93,997.6
2020-08-01,11.2,4.7,14.5,95,985.5
2020-08-02,9.8,1.5,18.8,90,995.0
2020-08-03,9.4,0.0,11.8,87,1000.8
2020-08-04,9.4,6.8,9.1,91,993.4
2020-08-05,9.9,24.2,21.2,94,982.4
2020-08-06,10.3,4.1,23.2,84,995.5
2020-08-07,9.6,14.6,21.9,95,995.9
2020-08-08,9.3,4.2,21.1,87,1009.7
2020-08-09,11.2,18.0,30.9,98,1006.7
2020-08-10,11.9,4.2,26.6,91,1006.7
2020-08-11,11.4,18.3,22.0,98,1012.5
2020-08-12,10.1,0.6,20.2,81,1019.1
2020-08-13,10.6,18.8,22.4,96,1010.0
2020-08-14,10.4,0.0,14.7,77,1007.1
2020-08-15,12.2,3.3,19.3,90,1010.1
2020-08-16,13.2,0.0,21.4,85,1016.6
2020-08-17,13.3,0.9,16.2,90,1015.1
2020-08-18,13.3,0.0,12.8,89,1011.2
2020-08-19,10.4,7.5,11.8,95,1013.6
2020-08-20,10.8,1.0,14.8,83,1009.2
2020-08-21,11.1,0.0,15.9,65,1004.7
2020-08-22,9.2,0.0,11.8,77,1009.2
2020-08-23,10.3,0.0,8.2,75,1012.1
2020-08-24,9.5,0.0,9.7,76,1009.8
2020-08-25,9.2,0.2,12.5,87,1008.9
2020-08-26,8.2,0.1,10.7,80,1013.9
2020-08-27,9.1,2.2,19.0,79,1019.5
2020-08-28,9.3,4.5,18.3,91,1019.9
2020-08-29,10.3,1.9,15.6,89,1017.6
2020-08-30,11.4,19.9,33.2,95,1005.3
2020-08-31,11.4,15.4,32.1,92,995.7
2020-09-01,10.4,8.1,16.1,95,991.2
2020-09-02,9.7,0.2,15.5,83,989.6
2020-09-03,7.6,0.0,28.8,76,993.1
2020-09-04,7.1,0.0,29.2,66,1011.0
2020-09-05,7.6,0.0,19.1,65,1012.7
2020-09-06,10.6,12.8,27.7,93,997.2
2020-09-07,8.3,7.5,27.5,89,992.2
2020-09-08,7.1,4.9,17.7,82,999.2
2020-09-09,6.4,7.6,21.4,83,1008.7
2020-09-10,8.9,16.2,27.6,93,987.9
2020-09-11,9.0,4.1,12.4,90,979.6
2020-09-12,8.0,1.9,13.7,83,992.5
2020-09-13,7.1,1.6,18.7,78,1002.8
2020-09-14,7.7,1.5,13.4,82,1012.4
2020-09-15,6.9,2.2,16.6,87,1021.3
2020-09-16,8.3,18.8,39.3,89,1015.5
2020-09-17,8.8,2.3,23.2,87,1009.3
2020-09-18,8.8,0.2,29.3,80,1018.6
2020-09-19,8.4,6.3,39.3,77,1009.3
2020-09-20,6.7,20.7,40.3,92,995.4
2020-09-21,4.5,2.0,26.8,77,996.3
2020-09-22,4.1,3.1,19.1,81,993.0
2020-09-23,2.4,0.0,20.4,77,999.0
2020-09-24,2.6,0.0,23.0,70,1013.0
2020-09-25,3.2,0.7,26.0,67,1015.9
2020-09-26,8.3,21.1,38.3,97,1005.6
2020-09-27,6.6,5.9,20.9,95,997.8
2020-09-28,5.9,1.1,18.6,89,995.5
2020-09-29,4.7,5.2,15.0,91,992.5
2020-09-30,3.2,0.2,12.6,83,990.3
2020-10-01,4.4,0.2,22.8,80,998.9
2020-10-02,4.6,0.0,16.6,81,1007.4
2020-10-03,4.2,0.1,14.0,80,998.7
2020-10-04,5.1,0.4,15.2,82,1003.3
2020-10-05,4.0,0.0,12.1,83,1002.2
2020-10-06,4.7,4.0,11.4,95,998.1
2020-10-07,4.9,0.6,9.2,90,1003.5
2020-10-08,5.2,1.5,17.8,87,1002.9
2020-10-09,5.4,0.0,17.7,79,1018.1
2020-10-10,5.8,0.0,28.1,72,1026.9
2020-10-11,7.7,16.7,37.4,93,1016.0
2020-10-12,6.4,3.0,17.4,92,1022.7
2020-10-13,6.3,2.4,34.2,88,1025.7
2020-10-14,8.4,24.8,36.9,94,1023.1
2020-10-15,8.2,0.0,37.3,79,1029.3
2020-10-16,6.5,0.0,11.0,84,1035.4
2020-10-17,6.3,0.9,17.2,90,1036.9
2020-10-18,5.7,4.2,21.6,91,1015.8
2020-10-19,3.3,0.0,15.1,83,1021.2
2020-10-20,1.3,0.0,11.0,84,1019.2
2020-10-21,3.2,3.2,27.6,88,1008.7
2020-10-22,3.9,14.2,30.2,87,990.7
2020-10-23,5.1,5.8,31.3,81,980.1
2020-10-24,4.6,0.0,23.2,75,980.4
2020-10-25,4.7,0.0,20.9,82,987.1
2020-10-26,3.6,0.0,17.9,78,994.5
2020-10-27,3.7,0.0,29.9,59,985.2
2020-10-28,4.7,0.4,25.1,56,983.9
2020-10-29,6.0,3.9,42.1,74,982.7
2020-10-30,4.3,6.8,20.6,90,978.5
2020-10-31,4.7,2.6,27.0,87,979.3
2020-11-01,2.8,0.0,19.2,86,974.5
2020-11-02,2.9,17.0,28.6,87,979.8
2020-11-03,4.3,0.2,29.0,79,1007.8
2020-11-04,7.3,13.3,29.2,89,1008.1
2020-11-05,6.8,3.2,48.2,81,997.7
2020-11-06,3.1,1.0,30.3,63,1002.5
2020-11-07,4.1,5.7,31.7,82,1009.7
2020-11-08,3.4,0.3,24.3,83,1012.8
2020-11-09,6.1,10.3,30.1,89,1000.3
2020-11-10,3.5,0.8,18.8,82,1000.0
2020-11-11,1.5,1.7,17.7,89,992.7
2020-11-12,3.2,4.9,30.9,80,983.1
2020-11-13,1.7,0.0,28.9,86,976.9
2020-11-14,0.8,0.1,24.2,81,986.7
2020-11-15,2.1,0.7,18.4,68,992.8
2020-11-16,1.1,0.6,18.2,63,997.0
2020-11-17,-1.9,0.0,14.2,63,1007.0
2020-11-18,-4.9,0.0,11.5,66,1020.8
2020-11-19,-2.8,3.4,32.2,54,1016.1
2020-11-20,2.1,5.6,28.7,89,986.5
2020-11-21,1.5,2.4,19.2,92,987.9
2020-11-22,-0.1,0.4,16.0,94,1002.4
2020-11-23,-2.0,0.0,19.8,79,993.6
2020-11-24,-0.1,0.0,15.5,77,996.6
2020-11-25,-0.3,19.8,45.2,84,1008.4
2020-11-26,2.6,13.6,43.7,72,986.1
2020-11-27,1.4,0.8,38.2,68,991.9
2020-11-28,1.3,1.6,31.1,72,1002.8
2020-11-29,1.9,8.4,17.3,93,1000.9
2020-11-30,0.3,12.9,44.6,77,1012.2
2020-12-01,4.6,14.3,39.9,84,984.2
2020-12-02,-2.2,0.2,28.9,69,992.9
2020-12-03,-5.1,0.3,34.3,64,1015.2
2020-12-04,-5.5,0.0,32.0,65,1027.9
2020-12-05,-5.3,3.7,24.9,67,1021.1
2020-12-06,-1.2,9.1,26.1,74,1010.8
2020-12-07,2.6,26.4,28.0,85,1011.4
2020-12-08,1.6,19.5,20.0,93,1009.4
2020-12-09,0.8,4.5,19.1,81,994.6
2020-12-10,3.9,5.6,23.6,79,976.3
2020-12-11,5.6,2.4,21.5,77,981.0
2020-12-12,6.2,2.1,28.9,73,993.5
2020-12-13,5.5,1.9,25.2,69,994.4
2020-12-14,4.2,0.2,22.9,65,991.2
2020-12-15,4.2,0.3,17.3,69,993.8
2020-12-16,3.5,0.0,18.4,72,1001.9
2020-12-17,1.1,0.0,16.6,76,996.3
2020-12-18,2.3,3.4,23.2,81,987.5
2020-12-19,0.2,0.0,16.2,84,988.5
2020-12-20,0.5,0.0,22.7,77,989.5
2020-12-21,0.3,1.3,15.5,79,997.5
2020-12-22,-2.5,1.1,17.7,76,1013.9
2020-12-23,0.2,0.9,16.8,79,1024.4
2020-12-24,5.2,33.2,35.8,96,1013.5
2020-12-25,2.4,12.5,42.6,77,984.3
2020-12-26,-2.9,1.5,21.7,78,970.5
2020-12-27,1.8,0.2,43.2,79,995.8
2020-12-28,-1.4,0.0,27.3,70,1019.8
2020-12-29,-0.5,1.6,14.1,75,1011.1
2020-12-30,-3.0,0.0,9.8,83,1011.0
2020-12-31,-0.8,0.5,12.2,80,1022.1
2021-01-01,-0.2,0.0,20.0,90,1022.0
2021-01-02,5.6,10.7,28.3,97,1013.9
2021-01-03,6.6,8.0,38.4,95,1013.6
2021-01-04,2.6,0.6,23.2,77,1021.8
2021-01-05,1.7,2.3,17.1,86,1021.6
2021-01-06,-0.6,0.0,27.7,59,1023.1
2021-01-07,-5.0,2.3,25.7,68,1029.0
2021-01-08,2.7,15.7,32.3,86,1002.9
2021-01-09,-4.9,0.0,22.3,60,1015.9
2021-01-10,-6.6,0.1,11.4,65,1015.3
2021-01-11,-5.2,0.0,14.3,54,1013.0
2021-01-12,0.1,2.8,34.6,67,1011.8
2021-01-13,3.5,16.0,42.5,86,1002.3
2021-01-14,3.3,1.3,22.4,87,1008.9
2021-01-15,2.5,14.9,20.5,94,1006.7
2021-01-16,1.8,21.1,31.8,97,998.5
2021-01-17,1.5,6.1,28.3,90,1001.2
2021-01-18,0.7,0.8,24.3,90,1005.4
2021-01-19,-0.7,0.4,21.4,78,1008.7
2021-01-20,-2.6,0.0,21.3,70,1012.1
2021-01-21,-1.7,0.0,23.5,72,1011.0
2021-01-22,-3.2,0.0,25.9,71,1011.2
2021-01-23,-2.3,0.0,27.5,70,1009.0
2021-01-24,-2.9,0.0,18.1,69,1011.9
2021-01-25,-3.2,2.2,25.7,49,1013.9
2021-01-26,-3.1,0.4,32.2,48,1013.4
2021-01-27,-1.8,0.0,27.8,45,1015.1
2021-01-28,-3.7,0.0,19.2,52,1011.9
2021-01-29,-1.0,0.0,13.8,68,1011.4
2021-01-30,-1.7,0.0,13.9,68,1014.0
2021-01-31,-3.4,0.3,22.0,54,1009.1
2021-02-01,-3.1,0.0,20.9,56,1007.8
2021-02-02,0.3,0.0,26.3,57,1006.8
2021-02-03,0.5,0.0,23.2,60,1014.2
2021-02-04,1.3,0.0,30.0,68,1021.3
2021-02-05,2.1,0.2,31.2,73,1021.9
2021-02-06,1.1,0.0,26.7,64,1026.5
2021-02-07,0.5,0.0,22.5,57,1026.8
2021-02-08,0.9,0.0,23.1,62,1026.3
2021-02-09,-0.7,0.9,17.1,62,1026.7
2021-02-10,1.4,6.4,19.9,83,1020.8
2021-02-11,2.3,3.2,23.8,85,1017.8
2021-02-12,3.4,0.2,35.7,68,1014.9
2021-02-13,4.0,7.0,33.1,80,1004.0
2021-02-14,4.5,3.2,29.1,81,983.0
2021-02-15,4.5,0.3,23.2,91,977.6
2021-02-16,3.8,0.0,16.0,90,985.3
2021-02-17,1.3,4.7,14.7,99,980.0
2021-02-18,1.1,2.6,13.6,97,982.7
2021-02-19,0.6,0.0,17.1,73,979.6
2021-02-20,2.6,3.0,22.7,75,972.9
2021-02-21,1.5,0.5,14.6,87,977.8
2021-02-22,1.6,0.1,8.7,93,990.3
2021-02-23,1.9,2.3,19.3,79,984.5
2021-02-24,1.7,0.3,16.6,83,984.9
2021-02-25,2.1,7.3,37.4,82,998.3
2021-02-26,6.2,20.8,36.6,92,994.0
2021-02-27,6.0,11.4,39.3,86,1001.8
2021-02-28,2.9,0.9,39.7,67,1010.0
2021-03-01,3.1,0.6,19.6,75,1020.2
2021-03-02,4.7,8.1,18.7,94,1022.4
2021-03-03,3.9,8.1,27.8,93,1033.6
2021-03-04,4.1,0.0,25.8,86,1034.7
2021-03-05,4.8,1.9,19.3,88,1024.5
2021-03-06,4.4,0.0,9.4,88,1022.5
2021-03-07,3.7,0.0,21.7,87,1017.8
2021-03-08,4.1,10.2,32.2,88,1004.8
2021-03-09,1.0,2.3,15.5,85,993.1
2021-03-10,-1.0,2.9,25.2,74,974.2
2021-03-11,-1.8,0.2,29.4,72,971.7
2021-03-12,0.6,0.2,17.6,73,979.4
2021-03-13,-1.9,0.0,21.3,63,992.6
2021-03-14,-0.7,0.0,17.1,61,1003.0
2021-03-15,3.7,18.5,37.7,93,1004.8
2021-03-16,4.9,4.1,23.6,89,1016.9
2021-03-17,7.8,9.3,26.9,95,1022.9
2021-03-18,7.8,4.3,23.5,94,1026.4
2021-03-19,6.5,8.6,27.9,94,1018.5
2021-03-20,3.4,4.5,22.7,80,1022.7
2021-03-21,6.2,1.6,32.2,84,1006.1
2021-03-22,2.2,10.8,37.7,78,989.7
2021-03-23,1.3,2.2,25.8,75,986.7
2021-03-24,0.3,0.9,20.7,74,988.2
2021-03-25,-0.8,1.3,24.9,68,983.4
2021-03-26,-4.7,0.8,28.6,63,986.7
2021-03-27,-3.9,3.9,37.5,51,983.3
2021-03-28,0.5,4.5,18.5,79,972.0
2021-03-29,-0.8,0.2,22.2,67,994.1
2021-03-30,0.0,0.0,15.5,65,1021.0
2021-03-31,2.7,0.0,19.0,76,1033.2
2021-04-01,4.8,1.1,19.3,86,1032.4
2021-04-02,4.4,0.0,15.1,83,1036.3
2021-04-03,5.6,6.5,33.9,88,1021.5
2021-04-04,-3.7,1.5,34.5,52,1027.1
2021-04-05,-5.2,1.0,18.6,55,1038.3
2021-04-06,-3.5,0.0,11.2,53,1032.7
2021-04-07,-0.9,6.0,22.7,71,1011.3
2021-04-08,-3.4,3.2,26.0,54,1017.6
2021-04-09,-2.4,0.4,19.1,61,1026.1
2021-04-10,-0.1,1.4,13.1,75,1022.1
2021-04-11,2.5,8.1,27.3,92,1014.5
2021-04-12,4.3,0.0,17.7,79,1024.5
2021-04-13,5.3,0.1,12.5,78,1026.9
2021-04-14,6.0,0.6,17.1,87,1021.4
2021-04-15,7.3,34.4,37.5,97,1000.9
2021-04-16,5.3,11.2,29.5,84,995.1
2021-04-17,3.9,4.2,26.3,82,1004.3
2021-04-18,2.0,1.6,29.4,79,1003.7
2021-04-19,1.2,2.1,25.6,73,1009.4
2021-04-20,1.9,0.1,24.7,67,1019.9
2021-04-21,4.9,0.5,15.9,82,1019.7
2021-04-22,6.2,3.8,27.5,86,1019.1
2021-04-23,7.3,2.6,30.3,85,1023.2
2021-04-24,7.9,5.7,24.5,88,1026.0
2021-04-25,6.8,11.0,24.2,92,1024.6
2021-04-26,6.1,0.0,11.5,80,1030.4
2021-04-27,6.0,0.5,8.1,84,1031.8
2021-04-28,5.7,0.1,17.9,78,1027.4
2021-04-29,5.6,0.0,13.3,80,1027.0
2021-04-30,3.9,0.0,19.8,75,1025.0
2021-05-01,3.0,0.1,16.4,59,1023.4
2021-05-02,3.6,0.0,13.3,57,1024.8
2021-05-03,3.4,0.0,17.9,64,1023.6
2021-05-04,3.2,0.0,14.4,67,1023.3
2021-05-05,3.0,0.0,13.1,68,1021.2
2021-05-06,2.9,0.0,15.9,64,1018.3
2021-05-07,2.8,0.3,9.4,64,1018.3
2021-05-08,3.2,1.2,14.6,67,1015.9
2021-05-09,2.9,0.0,18.8,58,1014.3
2021-05-10,3.2,0.0,16.3,59,1018.2
2021-05-11,2.1,0.0,15.5,65,1019.7
2021-05-12,3.9,0.8,9.7,74,1023.0
2021-05-13,3.8,5.3,9.1,92,1023.9
2021-05-14,3.1,12.6,15.3,92,1020.4
2021-05-15,4.0,0.0,15.2,69,1018.0
2021-05-16,4.9,0.0,11.1,57,1016.7
2021-05-17,4.9,0.0,13.5,61,1018.1
2021-05-18,5.1,0.1,11.0,66,1021.6
2021-05-19,4.7,2.9,11.7,77,1024.4
2021-05-20,3.9,2.0,9.8,85,1020.4
2021-05-21,5.5,0.0,19.3,65,1014.8
2021-05-22,4.6,1.9,15.5,67,1004.7
2021-05-23,5.9,2.3,18.7,79,1004.5
2021-05-24,6.5,5.0,13.3,82,1014.6
2021-05-25,7.1,0.0,23.0,72,1022.8
2021-05-26,8.4,0.0,25.5,73,1024.0
2021-05-27,8.1,0.0,19.4,71,1019.0
2021-05-28,8.9,18.1,47.6,83,1007.1
2021-05-29,7.7,20.9,41.8,85,1009.5
2021-05-30,7.1,38.7,36.5,95,1004.1
2021-05-31,7.0,2.9,27.4,78,1006.4
2021-06-01,7.0,2.9,20.4,78,1001.1
2021-06-02,7.7,2.1,18.1,72,1008.0
2021-06-03,7.7,4.3,26.1,83,1011.2
2021-06-04,9.6,4.4,22.1,89,1007.4
2021-06-05,9.2,4.0,23.7,88,1010.5
2021-06-06,8.9,5.0,13.8,85,1006.2
2021-06-07,8.6,1.6,12.5,89,1004.1
2021-06-08,8.7,1.5,9.0,86,1005.5
2021-06-09,8.6,5.6,17.0,88,994.9
2021-06-10,7.8,14.0,20.4,87,982.4
2021-06-11,6.2,0.5,28.1,74,995.6
2021-06-12,6.5,0.5,25.2,61,1011.1
2021-06-13,5.4,11.6,22.5,91,999.7
2021-06-14,5.8,0.1,16.7,67,1009.3
2021-06-15,6.4,0.0,23.7,62,1007.3
2021-06-16,5.9,0.0,22.6,61,1003.8
2021-06-17,5.6,1.2,14.1,73,1008.2
2021-06-18,6.1,5.2,10.0,89,1009.4
2021-06-19,6.5,5.0,22.6,81,1012.9
2021-06-20,6.8,0.5,20.2,70,1017.3
2021-06-21,7.8,19.3,31.4,94,1008.3
2021-06-22,7.4,2.8,21.8,88,1005.1
2021-06-23,8.8,0.0,21.8,75,1019.7
2021-06-24,9.2,0.0,15.2,74,1027.7
2021-06-25,9.8,4.1,26.3,87,1018.7
2021-06-26,11.3,0.0,20.4,72,1013.2
2021-06-27,10.7,0.0,13.3,85,1012.0
2021-06-28,9.6,0.0,9.4,85,1014.9
2021-06-29,11.4,0.3,20.9,82,1016.1
2021-06-30,11.0,1.4,21.2,87,1016.2
2021-07-01,11.0,0.8,13.4,92,1019.7
2021-07-02,10.6,0.0,10.4,91,1020.0
2021-07-03,12.1,0.0,12.0,80,1014.1
2021-07-04,12.0,0.1,10.0,85,1008.1
2021-07-05,9.5,0.1,12.5,88,1008.5
2021-07-06,10.4,0.1,16.3,82,1005.9
2021-07-07,10.8,0.0,14.2,81,1008.1
2021-07-08,11.4,0.0,16.2,84,1012.0
2021-07-09,12.3,0.7,21.1,83,1014.2
2021-07-10,12.7,0.2,20.7,77,1015.0
2021-07-11,12.9,0.7,13.8,81,1015.7
2021-07-12,11.8,4.8,26.6,88,1008.2
2021-07-13,10.5,1.4,24.0,81,1008.7
2021-07-14,9.6,7.0,31.6,89,1003.2
2021-07-15,10.3,1.6,27.2,84,1003.8
2021-07-16,10.2,5.5,18.9,88,1000.5
2021-07-17,10.2,0.2,12.0,88,1016.2
2021-07-18,9.5,0.0,9.2,87,1019.5
2021-07-19,9.9,0.0,10.0,87,1018.5
2021-07-20,11.5,1.1,13.7,91,1020.0
2021-07-21,12.2,0.7,14.3,84,1020.0
2021-07-22,12.7,1.0,21.2,86,1016.9
2021-07-23,12.4,8.0,21.8,94,1008.2
2021-07-24,11.4,7.5,21.4,91,1002.8
2021-07-25,9.8,6.5,34.4,86,1000.9
2021-07-26,9.2,10.0,23.2,91,1003.7
2021-07-27,11.1,2.2,15.1,84,1011.6
2021-07-28,12.4,1.4,11.5,84,1012.1
2021-07-29,13.7,0.0,14.0,83,1012.3
2021-07-30,14.8,0.0,8.1,87,1014.5
2021-07-31,13.4,5.7,9.5,90,1014.3
2021-08-01,12.2,1.2,12.6,90,1012.3
2021-08-02,12.2,0.1,10.1,82,1008.5
2021-08-03,12.1,0.7,11.8,84,1003.2
2021-08-04,12.3,5.2,9.0,91,1002.5
2021-08-05,11.9,5.5,9.4,94,1004.0
2021-08-06,11.1,0.1,10.8,93,1005.9
2021-08-07,12.0,3.3,9.5,88,1006.3
2021-08-08,13.3,0.0,11.0,79,1009.7
2021-08-09,13.9,0.0,15.1,79,1010.6
2021-08-10,13.7,0.0,17.9,82,1011.5
2021-08-11,11.8,1.0,11.3,88,1010.3
2021-08-12,12.0,0.0,15.2,88,1008.6
2021-08-13,12.5,0.0,11.8,87,1011.2
2021-08-14,11.6,0.0,17.3,88,1015.7
2021-08-15,11.3,1.2,17.3,84,1010.9
2021-08-16,12.5,0.0,11.6,86,1009.0
2021-08-17,11.8,2.8,17.7,92,1013.4
2021-08-18,12.8,0.3,11.8,89,1016.1
2021-08-19,12.4,0.0,10.2,81,1014.3
2021-08-20,11.5,0.0,13.4,78,1014.2
2021-08-21,10.5,4.9,11.7,85,1013.7
2021-08-22,11.7,3.6,22.5,91,1014.8
2021-08-23,14.0,7.4,30.8,92,1014.0
2021-08-24,14.9,4.0,25.9,89,1020.4
2021-08-25,13.6,3.7,26.0,89,1023.1
2021-08-26,12.8,10.9,26.1,86,1018.4
2021-08-27,12.4,17.4,35.5,93,1013.0
2021-08-28,10.8,0.7,21.4,82,1020.2
2021-08-29,11.1,4.5,20.5,83,1023.8
2021-08-30,12.0,5.3,20.5,95,1025.5
2021-08-31,12.9,0.7,18.9,87,1032.3
2021-09-01,12.6,1.2,17.7,87,1031.8
2021-09-02,12.5,1.1,15.0,85,1027.3
2021-09-03,12.7,1.5,21.3,86,1019.3
2021-09-04,12.3,15.5,37.7,88,1004.3
2021-09-05,10.0,4.7,25.1,86,997.0
2021-09-06,10.0,6.6,15.1,92,998.3
2021-09-07,9.6,2.3,17.2,88,1005.7
2021-09-08,9.1,1.4,17.9,83,1012.8
2021-09-09,9.6,0.0,10.8,78,1015.0
2021-09-10,9.6,4.2,12.3,90,1012.8
2021-09-11,9.0,2.9,12.7,88,1012.7
2021-09-12,9.2,31.9,39.5,92,1007.9
2021-09-13,9.8,18.6,36.7,87,991.2
2021-09-14,8.2,2.5,25.2,75,997.2
2021-09-15,9.8,3.9,23.8,80,1003.2
2021-09-16,10.4,6.9,24.2,94,996.7
2021-09-17,7.2,0.7,25.2,71,996.6
2021-09-18,7.0,14.4,16.7,87,994.3
2021-09-19,8.4,4.5,27.0,86,996.2
2021-09-20,8.7,12.8,38.9,92,993.8
2021-09-21,6.4,25.7,49.7,92,982.9
2021-09-22,4.1,7.6,29.6,80,994.1
2021-09-23,4.1,14.6,29.9,90,994.1
2021-09-24,5.4,0.7,19.5,78,995.2
2021-09-25,4.9,0.9,20.6,69,996.0
2021-09-26,4.6,1.4,24.3,78,991.5
2021-09-27,2.9,0.3,31.8,73,998.9
2021-09-28,2.5,7.6,42.5,79,997.0
2021-09-29,4.3,4.5,43.2,86,998.2
2021-09-30,4.8,0.3,21.6,77,1002.2
2021-10-01,6.1,1.6,19.4,80,997.7
2021-10-02,5.4,0.3,20.1,83,996.9
2021-10-03,5.5,0.3,22.2,80,995.3
2021-10-04,4.6,0.0,25.1,79,1002.7
2021-10-05,4.5,1.4,14.2,80,1010.3
2021-10-06,4.9,0.0,21.0,71,1011.4
2021-10-07,7.0,9.2,31.1,72,995.3
2021-10-08,8.7,7.6,30.3,93,1000.6
2021-10-09,7.5,4.3,18.6,93,1006.2
2021-10-10,5.0,0.6,18.2,88,1019.2
2021-10-11,3.9,0.0,14.5,84,1023.6
2021-10-12,7.5,6.9,28.9,89,1015.5
2021-10-13,5.6,0.9,22.2,86,1007.9
2021-10-14,2.1,0.0,22.7,75,1021.1
2021-10-15,5.6,3.1,22.1,89,1014.0
2021-10-16,3.2,2.4,13.3,89,1012.5
2021-10-17,2.3,16.4,28.8,84,1007.3
2021-10-18,6.9,19.4,30.7,93,996.2
2021-10-19,5.0,0.2,21.7,69,1001.3
2021-10-20,0.3,0.0,21.5,70,1012.5
2021-10-21,5.0,2.4,25.4,85,1007.5
2021-10-22,4.3,12.6,28.7,85,1001.6
2021-10-23,7.5,0.9,17.0,94,988.6
2021-10-24,6.4,4.0,16.2,94,985.9
2021-10-25,4.2,5.0,12.7,95,990.3
2021-10-26,3.8,9.1,25.6,87,980.1
2021-10-27,4.0,4.0,28.5,89,979.9
2021-10-28,2.4,2.5,11.5,82,979.8
2021-10-29,3.6,0.2,14.2,89,979.4
2021-10-30,2.8,2.5,12.4,88,987.5
2021-10-31,1.4,0.0,20.6,84,997.7
2021-11-01,1.0,0.0,20.7,78,1001.3
2021-11-02,-1.3,0.0,25.3,69,1012.7
2021-11-03,1.0,4.6,26.5,82,1015.8
2021-11-04,4.7,6.5,18.1,93,1010.7
2021-11-05,3.6,2.0,17.3,90,1008.6
2021-11-06,1.7,27.3,21.2,92,997.3
2021-11-07,0.2,4.9,25.6,86,1010.2
2021-11-08,4.8,19.3,36.3,91,980.1
2021-11-09,3.5,4.5,19.7,94,975.1
2021-11-10,1.0,2.7,13.9,93,995.0
2021-11-11,1.0,0.0,18.8,76,1010.4
2021-11-12,0.8,0.0,18.4,68,1012.0
2021-11-13,5.8,13.2,46.5,84,998.3
2021-11-14,5.3,6.1,34.7,81,985.7
2021-11-15,3.5,1.7,28.8,71,985.2
2021-11-16,2.1,7.2,35.0,80,983.6
2021-11-17,-1.4,4.8,18.9,77,1000.1
2021-11-18,2.4,8.0,21.8,89,993.9
2021-11-19,3.2,2.4,16.8,92,1001.0
2021-11-20,0.3,0.2,21.3,82,1022.4
2021-11-21,4.1,11.9,22.2,92,1024.2
2021-11-22,5.7,8.2,36.2,91,1013.3
2021-11-23,1.8,5.3,31.3,87,1008.5
2021-11-24,-0.5,0.1,36.4,72,1031.5
2021-11-25,2.9,11.8,30.6,89,1013.0
2021-11-26,-2.7,0.0,19.0,68,1024.6
2021-11-27,1.4,0.4,21.3,83,1014.9
2021-11-28,3.2,10.4,26.4,93,1005.9
2021-11-29,1.5,15.2,18.9,92,1005.6
2021-11-30,-0.8,3.4,19.0,83,1004.4
2021-12-01,-2.9,2.5,26.5,74,1016.1
2021-12-02,2.7,16.3,35.7,89,996.1
2021-12-03,-1.0,2.0,17.0,87,986.5
2021-12-04,-3.9,0.0,13.4,84,1005.4
2021-12-05,2.2,25.7,54.3,82,997.0
2021-12-06,1.9,1.7,22.2,85,984.4
2021-12-07,-2.1,0.1,20.7,76,986.3
2021-12-08,-0.3,4.4,25.1,80,993.6
2021-12-09,0.8,9.9,30.5,85,982.8
2021-12-10,-1.4,0.0,22.5,88,991.0
2021-12-11,3.1,18.9,31.3,89,969.7
2021-12-12,4.2,3.1,24.6,88,975.8
2021-12-13,2.7,4.0,24.9,91,988.0
2021-12-14,2.6,11.1,25.1,89,978.4
2021-12-15,3.5,1.5,25.8,83,991.0
2021-12-16,6.5,15.7,39.3,88,1002.9
2021-12-17,4.8,4.8,24.1,89,1019.0
2021-12-18,6.6,1.1,16.4,98,1028.0
2021-12-19,7.1,0.9,23.7,94,1033.1
2021-12-20,5.4,0.0,9.2,97,1028.2
2021-12-21,2.7,0.0,13.4,90,1023.2
2021-12-22,0.8,0.4,17.1,78,1020.3
2021-12-23,-1.2,0.0,13.7,61,1017.8
2021-12-24,-1.1,0.0,17.4,67,1013.4
2021-12-25,1.0,0.9,17.6,76,1009.2
2021-12-26,-0.9,3.8,12.3,76,1004.1
2021-12-27,-3.0,0.0,10.7,77,999.6
2021-12-28,-3.2,0.1,20.9,72,999.7
2021-12-29,-2.1,1.1,23.3,60,995.6
2021-12-30,-4.3,0.0,12.8,58,999.5
2021-12-31,-0.2,0.0,21.7,60,1005.4
2022-01-01,-1.8,0.2,28.0,57,995.3
2022-01-02,-5.3,0.0,24.9,56,1003.6
2022-01-03,-3.8,0.0,19.3,72,1016.9
2022-01-04,-4.6,0.0,19.8,62,1015.7
2022-01-05,2.4,18.1,54.0,84,998.9
2022-01-06,3.4,22.6,52.1,87,965.4
2022-01-07,1.3,1.2,29.3,82,980.5
2022-01-08,3.2,0.8,42.7,65,974.9
2022-01-09,2.4,10.7,46.2,74,986.5
2022-01-10,2.6,23.2,45.0,87,968.7
2022-01-11,2.7,10.3,38.8,79,982.1
2022-01-12,2.1,2.3,33.8,66,994.0
2022-01-13,0.9,2.0,35.2,66,1009.4
2022-01-14,3.1,18.1,32.9,90,1014.6
2022-01-15,0.2,5.2,26.4,74,1008.9
2022-01-16,1.8,12.9,32.1,88,1008.1
2022-01-17,6.0,14.5,34.0,95,1007.4
2022-01-18,2.2,8.2,29.3,85,1002.1
2022-01-19,-0.6,0.3,30.3,68,1027.3
2022-01-20,5.8,3.2,30.6,91,1023.1
2022-01-21,5.1,10.2,41.9,81,1005.7
2022-01-22,1.7,2.0,34.2,73,993.5
2022-01-23,-1.0,4.1,32.7,68,992.8
2022-01-24,1.6,6.7,30.5,76,1012.3
2022-01-25,2.6,15.1,53.3,85,999.4
2022-01-26,-0.9,3.6,10.4,86,1008.6
2022-01-27,0.6,10.1,20.7,87,1011.1
2022-01-28,0.1,8.5,36.0,76,994.8
2022-01-29,-2.2,0.4,25.8,74,1017.2
2022-01-30,-0.6,3.1,40.1,67,1009.8
2022-01-31,0.3,8.4,39.6,77,1001.5
2022-02-01,-0.3,4.2,34.5,78,1004.0
2022-02-02,-1.5,4.8,13.4,77,999.9
2022-02-03,-5.0,0.2,26.8,80,993.9
2022-02-04,-2.9,0.0,31.8,72,999.0
2022-02-05,-3.5,4.4,34.1,67,979.2
2022-02-06,-2.8,0.0,28.4,74,997.8
2022-02-07,0.5,23.9,60.1,74,969.8
2022-02-08,-1.0,8.8,36.4,77,972.0
2022-02-09,-3.4,0.0,25.4,76,993.4
2022-02-10,-4.0,1.6,19.4,75,1013.1
2022-02-11,-2.3,0.0,15.6,75,1007.3
2022-02-12,-7.5,0.0,9.6,76,999.2
2022-02-13,-4.6,18.3,16.3,80,1003.6
2022-02-14,0.7,14.6,39.8,83,991.1
2022-02-15,-0.1,9.3,29.3,82,977.8
2022-02-16,-2.2,5.8,16.6,81,981.8
2022-02-17,-2.0,8.0,14.7,87,993.2
2022-02-18,-4.3,0.0,21.0,67,995.2
2022-02-19,-3.2,3.8,40.3,65,986.0
2022-02-20,-1.2,0.4,38.5,62,976.3
2022-02-21,0.0,42.3,55.1,80,985.4
2022-02-22,-0.1,10.1,48.5,79,962.4
2022-02-23,-3.0,4.9,19.2,80,971.7
2022-02-24,-3.6,0.0,27.0,73,995.7
2022-02-25,1.7,21.5,53.4,81,982.2
2022-02-26,1.7,3.3,30.6,75,975.8
2022-02-27,-0.2,1.3,30.8,75,993.1
2022-02-28,0.9,13.9,30.5,81,975.0
2022-03-01,0.6,1.5,31.2,74,1005.9
2022-03-02,3.5,26.3,48.6,81,997.3
2022-03-03,1.9,0.5,21.9,76,1002.0
2022-03-04,1.0,2.1,16.7,82,1013.0
2022-03-05,3.2,26.1,41.4,85,1013.3
2022-03-06,0.5,2.0,23.2,77,1009.2
2022-03-07,-0.0,2.4,16.9,79,1004.8
2022-03-08,3.3,26.6,40.4,86,981.6
2022-03-09,1.4,7.2,28.5,85,974.4
2022-03-10,2.9,17.2,35.5,83,979.6
2022-03-11,4.8,3.2,34.2,86,975.4
2022-03-12,1.4,0.9,24.2,77,986.7
2022-03-13,0.8,1.2,20.5,77,1001.0
2022-03-14,3.0,30.9,54.6,78,984.8
2022-03-15,0.1,1.2,30.7,72,980.9
2022-03-16,-2.2,1.3,23.7,74,989.8
2022-03-17,-1.8,11.9,42.6,70,986.7
2022-03-18,-0.1,0.2,32.9,69,1001.4
2022-03-19,0.9,41.5,9.8,89,1002.9
2022-03-20,1.6,5.5,19.2,82,1009.2
2022-03-21,1.5,6.1,22.4,84,1014.2
2022-03-22,5.3,9.5,18.1,91,1009.4
2022-03-23,4.5,3.7,22.2,92,1014.5
2022-03-24,4.5,9.6,20.5,92,1012.9
2022-03-25,3.4,23.4,44.1,89,1018.3
2022-03-26,6.4,22.9,30.0,98,1015.1
2022-03-27,2.9,7.1,20.4,90,1019.8
2022-03-28,3.1,2.1,19.4,80,1022.5
2022-03-29,1.9,0.0,15.1,76,1024.2
2022-03-30,1.8,0.0,15.0,74,1026.2
2022-03-31,2.5,0.0,10.3,69,1025.2
2022-04-01,3.8,1.3,12.6,86,1023.9
2022-04-02,5.4,14.1,21.4,96,1020.3
2022-04-03,5.7,27.0,17.2,96,1009.1
2022-04-04,1.7,2.9,9.5,90,1007.4
2022-04-05,-2.2,2.6,25.9,65,1009.0
2022-04-06,-2.4,0.0,21.3,66,1010.2
2022-04-07,-2.5,0.0,12.8,66,1011.6
2022-04-08,-0.6,0.0,8.7,59,1012.1
2022-04-09,0.7,3.4,28.3,74,1012.7
2022-04-10,2.9,4.1,30.9,72,1013.5
2022-04-11,3.0,0.0,21.1,61,1013.3
2022-04-12,4.5,0.3,14.3,65,1012.5
2022-04-13,4.9,1.3,25.1,70,1010.6
2022-04-14,7.3,24.4,33.5,94,998.0
2022-04-15,7.7,4.4,36.0,91,1004.5
2022-04-16,7.8,12.7,38.0,95,1003.5
2022-04-17,6.0,0.6,17.0,79,1007.8
2022-04-18,4.6,0.1,18.1,77,1009.3
2022-04-19,5.0,0.0,21.7,80,1007.9
2022-04-20,6.3,26.4,29.2,96,1002.8
2022-04-21,8.0,0.9,13.0,88,1024.9
2022-04-22,7.4,0.1,18.4,82,1032.2
2022-04-23,6.6,0.0,12.5,86,1032.8
2022-04-24,5.3,0.0,12.2,85,1032.9
2022-04-25,5.7,0.0,13.3,85,1030.2
2022-04-26,5.6,1.7,9.4,86,1028.2
2022-04-27,5.3,0.0,11.7,82,1027.7
2022-04-28,6.5,0.9,10.6,80,1029.4
2022-04-29,7.9,1.8,11.0,94,1029.5
2022-04-30,6.2,0.6,15.6,86,1026.0
2022-05-01,5.7,0.9,16.2,75,1023.1
2022-05-02,3.9,6.0,20.1,83,1019.8
2022-05-03,5.1,12.6,22.8,95,1005.1
2022-05-04,2.1,0.0,22.4,69,1008.8
2022-05-05,2.9,6.0,28.8,70,1000.0
2022-05-06,3.2,1.7,23.9,68,1013.4
2022-05-07,6.0,0.2,24.0,72,1018.7
2022-05-08,9.8,4.8,28.6,86,1004.3
2022-05-09,7.7,7.5,18.9,87,996.6
2022-05-10,5.9,0.0,17.0,72,995.1
2022-05-11,2.9,1.5,13.7,79,997.6
2022-05-12,3.0,5.3,18.8,80,994.2
2022-05-13,2.8,0.1,13.9,67,999.6
2022-05-14,4.8,1.2,24.1,73,1004.1
2022-05-15,8.9,2.4,24.2,90,1010.1
2022-05-16,11.3,0.5,19.8,74,1016.4
2022-05-17,10.7,2.6,22.7,66,1007.4
2022-05-18,10.2,2.0,20.9,78,998.0
2022-05-19,9.4,5.5,19.0,86,993.7
2022-05-20,9.8,2.8,10.5,89,994.0
2022-05-21,9.4,1.4,17.0,82,999.0
2022-05-22,8.2,0.0,16.3,74,1006.7
2022-05-23,7.6,0.0,11.4,76,1002.2
2022-05-24,6.7,6.6,19.1,86,992.1
2022-05-25,6.2,5.2,8.7,87,988.5
2022-05-26,7.4,2.9,20.4,79,999.1
2022-05-27,8.6,0.5,13.3,76,1020.3
2022-05-28,10.0,0.0,20.2,75,1029.0
2022-05-29,10.1,0.0,12.5,83,1031.1
2022-05-30,9.0,0.0,11.7,92,1021.8
2022-05-31,9.1,4.1,14.3,94,1014.6
2022-06-01,9.6,4.2,11.2,88,1018.4
2022-06-02,8.6,1.2,13.5,79,1019.4
2022-06-03,7.3,8.6,18.8,88,1020.5
2022-06-04,6.6,0.0,13.2,74,1021.4
2022-06-05,7.3,9.0,16.0,80,1014.5
2022-06-06,8.5,0.5,16.6,76,1013.8
2022-06-07,11.1,1.2,21.9,80,1012.3
2022-06-08,10.1,1.9,10.2,84,1011.5
2022-06-09,11.7,2.3,15.1,71,1006.9
2022-06-10,11.6,0.0,14.5,74,994.9
2022-06-11,9.7,1.5,23.9,80,996.4
2022-06-12,9.4,1.3,17.6,81,1004.1
2022-06-13,10.2,7.8,22.4,91,996.9
2022-06-14,9.0,1.7,23.9,80,998.0
2022-06-15,8.7,1.8,21.0,77,1002.8
2022-06-16,9.1,5.1,22.6,74,1003.8
2022-06-17,9.0,11.6,33.6,90,995.4
2022-06-18,9.3,0.5,33.8,80,1014.7
2022-06-19,10.2,7.6,21.8,90,1012.2
2022-06-20,9.4,4.4,14.0,91,1007.5
2022-06-21,8.2,11.3,31.6,88,1003.7
2022-06-22,7.8,2.7,27.4,80,991.7
2022-06-23,6.6,2.0,25.6,68,1000.8
2022-06-24,7.5,0.4,18.8,64,1014.1
2022-06-25,7.9,0.0,25.0,68,1017.4
2022-06-26,6.3,1.3,23.4,75,1011.5
2022-06-27,8.2,0.0,17.1,83,1002.1
2022-06-28,10.3,0.9,10.9,86,1004.4
2022-06-29,11.5,0.0,19.5,83,1008.4
2022-06-30,11.4,1.1,14.2,86,1005.2
2022-07-01,10.7,1.2,13.4,90,1009.0
2022-07-02,9.2,0.1,17.8,84,1012.2
2022-07-03,9.6,0.3,26.8,84,1008.6
2022-07-04,9.3,0.0,15.8,81,1013.8
2022-07-05,10.5,7.0,8.7,86,1010.7
2022-07-06,11.9,6.2,33.4,90,1012.8
2022-07-07,10.3,9.9,34.9,93,1007.8
2022-07-08,9.6,4.1,23.2,83,1018.2
2022-07-09,10.6,6.1,32.6,90,1013.1
2022-07-10,11.0,1.5,19.6,86,1003.6
2022-07-11,11.3,1.2,17.9,87,996.2
2022-07-12,10.3,0.3,20.3,78,998.2
2022-07-13,8.9,1.0,15.5,78,1009.0
2022-07-14,9.3,2.6,11.3,84,1012.2
2022-07-15,9.5,5.1,29.7,86,1013.2
2022-07-16,10.6,4.9,22.3,88,1002.1
2022-07-17,10.2,0.5,12.2,86,1004.6
2022-07-18,10.9,0.8,6.2,84,1008.5
2022-07-19,10.8,2.8,12.3,89,1006.1
2022-07-20,10.7,0.0,19.1,83,1014.4
2022-07-21,10.7,2.0,13.5,86,1020.0
2022-07-22,11.9,8.7,7.9,92,1018.7
2022-07-23,10.9,0.1,14.0,89,1016.8
2022-07-24,10.6,0.5,13.2,88,1014.6
2022-07-25,10.4,3.0,8.6,84,1014.1
2022-07-26,11.3,5.8,21.8,86,1011.0
2022-07-27,11.4,29.6,20.6,97,1000.2
2022-07-28,9.6,1.0,21.6,79,1001.6
2022-07-29,9.5,1.7,20.4,78,1003.7
2022-07-30,8.6,1.2,18.3,77,1007.4
2022-07-31,9.2,3.5,20.9,82,1008.2
2022-08-01,9.5,0.3,24.5,73,1006.7
2022-08-02,9.3,0.0,23.8,70,1003.5
2022-08-03,8.7,0.5,21.8,72,1010.4
2022-08-04,8.8,0.3,19.3,75,1017.5
2022-08-05,10.0,1.3,21.8,84,1012.6
2022-08-06,11.9,11.0,24.6,89,1006.0
2022-08-07,10.4,10.9,34.9,89,1002.1
2022-08-08,10.2,10.8,24.0,91,1001.3
2022-08-09,11.5,12.5,27.2,94,992.4
2022-08-10,9.6,5.8,26.5,87,1002.0
2022-08-11,9.6,1.6,19.4,84,1008.6
2022-08-12,10.5,1.2,14.9,80,1010.2
2022-08-13,9.7,0.5,12.8,72,1012.2
2022-08-14,9.4,0.3,19.6,77,1009.0
2022-08-15,7.7,0.0,15.5,74,1014.3
2022-08-16,9.2,0.2,22.5,72,1015.6
2022-08-17,9.2,26.2,38.8,93,998.4
2022-08-18,9.9,0.4,18.1,83,989.1
2022-08-19,9.9,5.4,18.1,87,987.3
2022-08-20,9.1,0.0,25.7,76,1001.8
2022-08-21,8.2,0.0,15.9,75,1006.9
2022-08-22,10.2,1.0,13.1,81,1006.4
2022-08-23,10.4,0.0,16.8,80,1009.6
2022-08-24,9.8,3.7,12.1,88,1007.5
2022-08-25,9.9,0.1,21.9,85,1008.3
2022-08-26,8.4,0.0,19.9,65,1014.2
2022-08-27,9.5,0.0,12.9,66,1020.1
2022-08-28,11.0,0.0,20.4,79,1022.7
2022-08-29,12.1,3.8,36.4,85,1020.0
2022-08-30,11.4,25.2,39.8,97,1017.4
2022-08-31,9.8,21.8,31.4,94,1012.8
2022-09-01,8.6,1.2,14.6,82,1013.2
2022-09-02,9.3,0.5,21.1,82,1020.1
2022-09-03,9.6,0.0,8.9,88,1027.5
2022-09-04,9.7,0.0,10.9,86,1025.1
2022-09-05,10.2,0.0,8.9,81,1026.0
2022-09-06,10.3,0.0,8.4,86,1022.3
2022-09-07,10.3,0.0,6.7,87,1019.1
2022-09-08,11.9,1.9,22.6,84,1016.7
2022-09-09,11.2,28.5,19.6,97,1011.4
2022-09-10,11.5,15.1,15.5,97,1011.0
2022-09-11,8.8,0.1,16.7,86,1013.0
2022-09-12,8.7,0.2,16.8,80,1008.4
2022-09-13,8.4,0.0,12.2,86,1008.1
2022-09-14,6.6,0.0,13.8,82,1015.1
2022-09-15,6.4,0.0,8.4,79,1022.2
2022-09-16,7.1,0.3,12.9,80,1023.4
2022-09-17,8.6,0.0,15.0,87,1021.1
2022-09-18,9.4,9.5,33.6,84,1016.2
2022-09-19,10.4,19.5,31.3,94,1007.2
2022-09-20,10.4,7.5,21.9,95,1003.8
2022-09-21,8.9,6.9,15.8,93,997.4
2022-09-22,8.1,4.8,18.4,92,1002.5
2022-09-23,8.3,0.4,17.7,82,1013.1
2022-09-24,11.0,8.9,39.8,95,1009.1
2022-09-25,8.2,0.5,50.6,66,997.6
2022-09-26,5.0,0.0,12.2,69,1013.9
2022-09-27,4.9,0.5,7.9,70,1011.4
2022-09-28,7.7,0.1,12.0,83,1007.0
2022-09-29,8.7,27.0,25.9,96,987.7
2022-09-30,8.4,2.1,16.0,92,969.2
2022-10-01,8.1,6.4,28.5,90,971.9
2022-10-02,8.3,11.7,31.3,88,991.0
2022-10-03,8.0,3.7,23.5,83,993.6
2022-10-04,7.3,3.1,30.3,86,970.0
2022-10-05,5.8,3.4,40.7,76,981.3
2022-10-06,4.7,0.9,18.4,83,988.4
2022-10-07,4.2,0.0,16.9,82,1000.9
2022-10-08,5.1,10.9,26.4,90,990.4
2022-10-09,2.8,0.9,44.5,79,988.4
2022-10-10,2.5,0.0,28.2,69,1008.1
2022-10-11,5.6,52.5,30.1,93,996.8
2022-10-12,4.6,5.9,16.3,84,996.7
2022-10-13,3.2,0.0,16.6,84,997.3
2022-10-14,2.0,0.0,16.0,78,995.4
2022-10-15,2.7,0.0,25.1,79,1000.9
2022-10-16,1.9,0.0,33.4,73,1012.2
2022-10-17,1.8,0.0,8.6,81,1022.6
2022-10-18,4.6,0.0,12.1,80,1030.2
2022-10-19,5.4,0.3,13.2,85,1025.3
2022-10-20,5.0,0.2,18.1,79,1010.9
2022-10-21,2.6,0.0,9.5,79,1014.6
2022-10-22,1.9,0.0,9.7,84,1015.3
2022-10-23,5.1,0.4,22.3,83,1008.3
2022-10-24,5.4,1.1,18.7,79,1000.0
2022-10-25,6.1,0.3,18.2,81,996.3
2022-10-26,6.3,9.9,25.3,85,999.8
2022-10-27,3.2,0.0,9.3,90,1005.2
2022-10-28,3.4,0.1,11.7,91,1006.3
2022-10-29,5.0,0.7,16.3,89,1004.5
2022-10-30,5.4,3.6,18.6,89,986.1
2022-10-31,6.0,5.8,22.7,95,980.6
2022-11-01,3.7,0.0,21.7,84,988.0
2022-11-02,1.9,0.8,15.6,88,983.5
2022-11-03,2.9,0.0,15.7,88,997.2
2022-11-04,3.2,0.1,23.9,81,1005.7
2022-11-05,3.7,0.0,31.7,66,998.6
2022-11-06,3.9,0.3,17.7,65,995.6
2022-11-07,2.7,2.1,11.5,79,993.5
2022-11-08,3.3,4.0,11.0,89,984.9
2022-11-09,4.1,1.4,11.6,84,980.9
2022-11-10,3.4,2.3,10.7,92,972.7
2022-11-11,3.8,3.2,14.7,93,983.7
2022-11-12,4.5,2.4,21.6,93,1004.7
2022-11-13,8.6,21.0,39.4,81,999.1
2022-11-14,5.9,8.6,26.6,91,996.3
2022-11-15,6.1,3.1,21.3,86,989.7
2022-11-16,6.7,4.6,27.1,85,977.2
2022-11-17,7.5,0.7,35.7,80,978.5
2022-11-18,4.6,6.7,23.7,87,995.9
2022-11-19,5.5,0.6,38.1,77,987.4
2022-11-20,4.9,0.1,21.3,85,984.7
2022-11-21,4.2,0.6,26.9,80,993.3
2022-11-22,3.6,8.0,25.6,78,999.0
2022-11-23,2.1,0.0,23.2,62,988.4
2022-11-24,5.6,3.1,23.0,72,983.0
2022-11-25,4.9,0.0,22.0,73,993.5
2022-11-26,3.5,9.9,23.5,86,991.5
2022-11-27,1.8,0.1,26.2,89,989.0
2022-11-28,1.0,0.0,16.1,79,1004.4
2022-11-29,4.0,4.1,38.8,79,1004.5
2022-11-30,7.9,21.1,34.8,95,994.7
2022-12-01,5.0,5.3,31.5,81,996.5
2022-12-02,4.3,4.5,23.8,91,1010.3
2022-12-03,1.0,0.0,12.3,89,1031.0
2022-12-04,3.0,0.4,9.5,95,1036.3
2022-12-05,-1.1,0.0,7.8,90,1042.9
2022-12-06,-0.7,0.3,7.9,92,1042.2
2022-12-07,-1.9,0.1,13.7,90,1036.8
2022-12-08,-4.0,0.0,17.1,77,1036.6
2022-12-09,-2.3,0.0,20.0,74,1036.1
2022-12-10,-3.2,0.0,11.6,70,1035.2
2022-12-11,-2.9,0.0,19.6,59,1028.7
2022-12-12,-3.7,0.0,12.3,72,1028.6
2022-12-13,-5.4,0.0,11.1,63,1030.7
2022-12-14,-6.9,0.0,10.0,48,1025.6
2022-12-15,-7.9,0.0,15.5,64,1021.3
2022-12-16,-8.3,6.2,28.9,57,1014.6
2022-12-17,-2.7,22.8,31.4,76,1007.2
2022-12-18,-7.7,0.0,24.7,63,1018.2
2022-12-19,-5.4,0.0,24.0,51,1004.4
2022-12-20,-2.5,0.0,26.7,55,1001.3
2022-12-21,-2.7,0.0,22.4,68,1011.5
2022-12-22,-6.3,0.0,14.8,63,1019.1
2022-12-23,-7.3,0.2,15.5,59,1017.0
2022-12-24,-6.3,4.8,23.8,75,1005.5
2022-12-25,-5.7,1.7,17.9,74,1002.6
2022-12-26,-8.7,1.0,35.8,68,1006.8
2022-12-27,-4.6,5.2,32.0,81,994.3
2022-12-28,-6.1,0.0,18.4,77,994.4
2022-12-29,-7.9,0.0,19.5,75,992.6
2022-12-30,-10.2,0.0,15.6,68,995.0
2022-12-31,-5.7,4.9,31.6,70,986.0
2023-01-01,-4.6,5.0,21.9,79,991.8
2023-01-02,1.4,4.9,24.6,79,989.9
2023-01-03,-1.5,2.5,16.7,77,994.8
2023-01-04,-5.4,0.0,9.8,64,1004.7
2023-01-05,-7.9,0.0,7.4,75,1005.4
2023-01-06,-5.6,0.7,14.9,77,997.6
2023-01-07,-4.0,0.5,12.5,79,985.7
2023-01-08,0.7,1.6,24.9,86,979.3
2023-01-09,-0.8,0.4,31.4,84,990.1
2023-01-10,-1.2,0.0,14.9,80,986.5
2023-01-11,-5.0,0.0,13.0,79,989.8
2023-01-12,-2.6,0.0,16.2,70,996.3
2023-01-13,-4.1,0.0,20.5,70,1002.3
2023-01-14,-8.6,0.0,13.7,64,1005.3
2023-01-15,-12.3,0.0,13.3,67,1006.6
2023-01-16,-12.4,0.0,11.9,74,1001.4
2023-01-17,-6.0,0.0,14.8,83,1007.5
2023-01-18,-12.5,0.0,10.0,68,1009.8
2023-01-19,-8.1,0.1,26.0,69,1009.0
2023-01-20,4.6,38.5,42.6,90,988.2
2023-01-21,2.7,5.0,27.5,90,984.4
2023-01-22,-0.5,2.1,44.9,59,995.0
2023-01-23,-1.6,0.7,24.8,70,1014.1
2023-01-24,3.9,6.2,33.5,92,1000.8
2023-01-25,1.4,0.7,38.3,80,1026.6
2023-01-26,5.9,19.4,35.3,93,1014.3
2023-01-27,2.0,1.1,36.7,61,1006.6
2023-01-28,3.4,29.6,29.6,95,1001.5
2023-01-29,0.4,1.8,17.7,89,995.2
2023-01-30,-1.4,15.2,42.9,79,995.8
2023-01-31,-2.2,5.3,38.0,77,989.0
2023-02-01,-4.1,2.9,21.2,77,1005.3
2023-02-02,1.7,40.1,38.5,85,986.5
2023-02-03,3.5,15.8,48.0,79,989.3
2023-02-04,0.6,1.7,40.8,67,1003.4
2023-02-05,5.8,27.3,40.4,89,995.8
2023-02-06,0.7,1.6,31.1,67,995.5
2023-02-07,-1.8,3.9,41.1,67,988.6
2023-02-08,-4.1,2.6,35.3,65,981.9
2023-02-09,-3.2,1.6,33.7,63,1006.2
2023-02-10,3.2,14.4,36.2,85,992.5
2023-02-11,4.6,14.6,49.4,79,989.0
2023-02-12,3.5,12.3,38.4,81,999.1
2023-02-13,7.3,23.7,44.6,92,989.0
2023-02-14,3.0,4.0,25.2,80,994.2
2023-02-15,0.5,0.9,18.8,74,992.1
2023-02-16,0.3,2.4,19.9,79,995.1
2023-02-17,-0.3,0.7,17.8,73,1005.2
2023-02-18,0.6,13.0,28.8,80,1006.1
2023-02-19,1.8,23.7,40.6,89,980.5
2023-02-20,0.7,1.3,35.6,78,999.9
2023-02-21,-0.8,6.5,17.2,83,1003.2
2023-02-22,1.6,8.9,29.0,82,1009.5
2023-02-23,3.2,3.1,26.0,89,1006.8
2023-02-24,5.6,0.5,26.7,91,1016.4
2023-02-25,6.4,9.8,30.3,92,1014.7
2023-02-26,6.9,2.2,30.1,91,1017.4
2023-02-27,6.9,2.4,30.5,89,1022.7
2023-02-28,6.2,6.8,33.7,86,1028.1
2023-03-01,4.2,0.4,23.7,84,1036.5
2023-03-02,5.7,0.4,16.3,92,1031.6
2023-03-03,4.5,0.5,12.5,87,1032.6
2023-03-04,3.9,0.8,12.5,91,1030.8
2023-03-05,2.2,0.0,11.9,88,1027.4
2023-03-06,-4.5,0.0,19.0,60,1030.6
2023-03-07,-5.7,0.0,27.7,53,1023.7
2023-03-08,-6.1,0.0,18.5,49,1016.4
2023-03-09,-4.6,0.0,17.3,52,1015.7
2023-03-10,-8.1,0.0,18.7,45,1019.7
2023-03-11,-10.3,0.0,19.5,39,1016.2
2023-03-12,-9.3,0.0,20.5,45,1009.9
2023-03-13,-7.8,0.0,24.9,54,1009.1
2023-03-14,-6.9,0.0,20.5,58,1016.6
2023-03-15,-7.8,0.0,19.9,46,1017.3
2023-03-16,-4.0,0.0,16.6,29,1014.1
2023-03-17,-2.9,0.0,11.9,42,1011.5
2023-03-18,-2.2,0.6,20.4,69,1012.0
2023-03-19,-4.0,0.0,17.3,51,1014.8
2023-03-20,-0.9,0.0,23.2,49,1009.4
2023-03-21,0.3,8.1,24.7,60,992.4
2023-03-22,-0.1,1.2,15.9,61,990.6
2023-03-23,-0.7,0.0,14.2,51,997.2
2023-03-24,-1.8,0.0,16.9,57,1007.0
2023-03-25,-1.5,0.0,12.7,55,1015.3
2023-03-26,-1.6,1.4,20.4,65,1021.8
2023-03-27,-3.1,0.0,16.2,62,1022.7
2023-03-28,-0.6,0.0,26.2,46,1011.7
2023-03-29,2.8,13.3,30.0,70,992.7
2023-03-30,3.5,10.4,23.4,95,983.2
2023-03-31,4.5,10.7,16.8,98,989.1
2023-04-01,3.2,2.3,27.4,86,1003.1
2023-04-02,4.2,0.9,23.2,71,1016.3
2023-04-03,6.2,27.5,31.0,91,1001.0
2023-04-04,6.9,15.2,31.7,93,993.2
2023-04-05,5.0,3.6,10.5,90,996.9
2023-04-06,2.9,1.1,16.8,80,1005.4
2023-04-07,5.2,26.8,51.2,90,999.2
2023-04-08,6.5,3.7,32.5,87,1003.0
2023-04-09,6.8,29.9,27.7,91,995.4
2023-04-10,3.8,13.3,16.9,91,994.5
2023-04-11,3.1,10.7,16.5,98,990.6
2023-04-12,2.7,0.2,18.2,85,1000.2
2023-04-13,2.7,0.9,12.8,83,1007.1
2023-04-14,3.8,0.0,13.0,80,1008.4
2023-04-15,5.1,0.0,16.9,73,1009.2
2023-04-16,7.0,19.5,34.6,88,1002.7
2023-04-17,8.6,6.8,28.3,89,1005.4
2023-04-18,8.8,11.5,28.2,90,1020.3
2023-04-19,8.9,5.0,23.2,94,1029.8
2023-04-20,7.9,0.0,21.7,82,1030.6
2023-04-21,5.7,0.0,15.3,79,1029.8
2023-04-22,4.1,3.3,9.8,86,1030.9
2023-04-23,3.9,0.7,14.5,84,1026.9
2023-04-24,3.4,2.6,9.0,75,1024.6
2023-04-25,2.6,1.3,17.1,72,1025.8
2023-04-26,2.2,4.8,13.7,79,1024.6
2023-04-27,1.4,11.1,17.3,85,1020.1
2023-04-28,1.1,0.9,13.3,72,1024.9
2023-04-29,-0.3,0.0,13.6,66,1024.3
2023-04-30,2.3,0.0,17.8,58,1023.6
2023-05-01,2.0,0.0,13.6,65,1026.1
2023-05-02,4.1,2.2,15.7,78,1027.1
2023-05-03,4.8,1.5,17.8,79,1027.9
2023-05-04,5.1,6.7,20.6,84,1021.2
2023-05-05,7.1,7.9,27.8,91,1011.9
2023-05-06,7.8,1.3,12.3,87,1006.5
2023-05-07,10.2,1.2,20.5,82,1000.3
2023-05-08,9.4,6.5,19.1,93,997.0
2023-05-09,9.0,6.8,9.1,96,999.4
2023-05-10,8.1,1.4,12.0,95,1008.9
2023-05-11,7.4,8.5,25.1,91,1016.7
2023-05-12,6.9,17.8,25.5,91,1009.5
2023-05-13,5.2,23.2,30.6,89,1002.7
2023-05-14,4.7,14.0,31.7,84,1001.9
2023-05-15,4.1,8.8,27.7,82,1009.3
2023-05-16,4.8,2.7,24.3,81,1015.7
2023-05-17,8.0,2.1,21.4,83,1007.5
2023-05-18,8.0,12.6,31.5,97,993.0
2023-05-19,7.5,7.6,35.6,87,1002.6
2023-05-20,5.5,4.3,35.2,72,1002.0
2023-05-21,5.0,8.6,28.0,83,999.6
2023-05-22,5.8,6.1,25.8,72,1004.0
2023-05-23,6.0,8.4,41.5,82,996.6
2023-05-24,5.8,2.0,40.4,58,1006.2
2023-05-25,6.6,4.0,30.4,74,1018.1
2023-05-26,6.3,17.9,35.4,93,1009.0
2023-05-27,5.4,3.2,43.0,67,1014.8
2023-05-28,6.7,14.1,24.0,94,1015.0
2023-05-29,8.8,5.5,28.2,94,1017.5
2023-05-30,7.2,2.3,22.5,85,1022.9
2023-05-31,8.3,0.3,11.2,85,1031.7
2023-06-01,10.2,1.3,13.4,90,1031.1
2023-06-02,9.4,0.4,12.7,92,1029.3
2023-06-03,9.5,1.7,17.1,80,1025.5
2023-06-04,9.3,0.9,19.5,84,1022.5
2023-06-05,8.2,1.8,17.7,80,1022.8
2023-06-06,6.3,0.5,14.7,78,1024.7
2023-06-07,6.9,0.7,24.9,75,1024.3
2023-06-08,8.2,29.8,21.1,99,1016.0
2023-06-09,8.1,13.0,26.8,80,1009.0
2023-06-10,6.4,0.7,17.5,64,1013.2
2023-06-11,8.1,0.0,19.1,73,1016.7
2023-06-12,8.2,0.1,15.0,77,1019.9
2023-06-13,9.2,0.0,11.5,78,1020.8
2023-06-14,10.9,0.6,19.9,80,1020.3
2023-06-15,13.1,0.4,19.1,78,1022.0
2023-06-16,12.7,0.9,8.4,90,1020.7
2023-06-17,12.0,0.7,14.7,88,1016.7
2023-06-18,8.6,12.1,9.1,95,1014.4
2023-06-19,8.1,5.5,8.0,94,1010.9
2023-06-20,9.7,1.5,18.9,81,1005.4
2023-06-21,8.8,0.0,19.5,76,1004.3
2023-06-22,9.9,5.8,28.4,81,1006.6
2023-06-23,11.9,23.9,32.9,98,999.0
2023-06-24,12.2,14.3,22.0,89,998.7
2023-06-25,9.1,21.9,20.4,95,995.5
2023-06-26,10.7,3.6,21.9,81,1001.4
2023-06-27,11.5,6.9,19.7,83,998.7
2023-06-28,8.7,5.1,34.8,89,993.5
2023-06-29,7.8,4.2,26.6,89,999.1
2023-06-30,8.9,1.1,17.3,87,995.9
2023-07-01,9.4,5.5,11.4,92,999.0
2023-07-02,10.3,0.3,17.3,84,1007.2
2023-07-03,10.5,0.0,19.4,73,1010.6
2023-07-04,8.1,0.0,25.2,73,1010.5
2023-07-05,7.5,0.1,24.4,76,1010.0
2023-07-06,9.6,0.0,19.0,77,1013.5
2023-07-07,11.2,0.0,17.8,82,1015.4
2023-07-08,12.8,0.0,15.8,78,1016.9
2023-07-09,13.5,0.0,8.2,80,1017.6
2023-07-10,13.7,0.0,10.3,83,1016.4
2023-07-11,13.5,0.3,19.4,70,1015.6
2023-07-12,11.1,0.0,22.1,66,1013.7
2023-07-13,8.7,0.2,27.2,70,1014.3
2023-07-14,8.8,0.0,28.0,71,1013.7
2023-07-15,9.1,0.0,24.5,73,1011.8
2023-07-16,10.1,0.0,21.7,70,1010.4
2023-07-17,10.3,0.0,16.9,74,1014.2
2023-07-18,10.7,0.0,17.9,81,1017.5
2023-07-19,10.7,0.0,12.7,81,1018.0
2023-07-20,10.8,0.0,6.3,87,1014.1
2023-07-21,12.5,0.0,16.1,78,1010.4
2023-07-22,11.3,0.0,12.6,83,1013.1
2023-07-23,11.2,0.4,8.2,82,1016.4
2023-07-24,11.4,0.6,11.4,87,1010.7
2023-07-25,11.9,0.1,8.9,81,1007.5
2023-07-26,13.1,3.8,13.3,78,1005.3
2023-07-27,12.2,0.0,13.8,71,1003.3
2023-07-28,11.6,0.0,21.5,73,1005.1
2023-07-29,11.3,0.0,12.1,79,1005.9
2023-07-30,11.6,1.9,8.9,88,1006.6
2023-07-31,11.3,0.0,11.4,89,1007.6
2023-08-01,10.7,0.0,11.2,86,1007.8
2023-08-02,11.1,0.0,19.3,81,1011.0
2023-08-03,11.2,0.9,13.0,83,1015.1
2023-08-04,11.0,0.4,11.7,81,1011.7
2023-08-05,11.9,2.3,10.0,84,1011.2
2023-08-06,11.0,12.1,10.0,91,1012.9
2023-08-07,10.4,1.1,8.7,91,1016.3
2023-08-08,10.9,0.8,11.5,85,1016.9
2023-08-09,11.5,0.0,16.3,70,1011.7
2023-08-10,12.7,5.4,18.4,82,1008.6
2023-08-11,15.0,6.9,18.7,80,1006.3
2023-08-12,12.9,0.0,14.7,86,1009.3
2023-08-13,12.9,0.0,13.6,81,1013.4
2023-08-14,12.4,0.1,12.0,79,1016.1
2023-08-15,11.5,3.6,8.2,87,1017.3
2023-08-16,12.2,0.9,18.4,85,1017.0
2023-08-17,12.1,5.1,23.3,87,1017.0
2023-08-18,13.2,7.0,24.4,89,1016.3
2023-08-19,12.7,0.0,22.9,79,1016.1
2023-08-20,11.9,0.0,17.3,81,1009.7
2023-08-21,9.4,1.9,23.3,70,1011.6
2023-08-22,10.3,2.1,12.8,80,1011.9
2023-08-23,11.5,0.0,9.3,89,1014.1
2023-08-24,11.6,0.0,9.2,86,1019.8
2023-08-25,12.7,0.4,16.5,69,1018.4
2023-08-26,12.7,19.3,22.4,93,1007.0
2023-08-27,11.9,0.6,17.4,76,1004.4
2023-08-28,11.3,11.6,23.7,89,1001.7
2023-08-29,10.4,0.0,13.8,86,1011.4
2023-08-30,10.4,1.0,16.8,84,1009.1
2023-08-31,10.9,0.0,15.6,76,1011.6
2023-09-01,11.0,21.7,55.7,87,1005.8
2023-09-02,11.3,9.4,44.2,80,987.4
2023-09-03,8.8,0.4,31.8,65,991.6
2023-09-04,9.2,1.0,21.1,78,1004.3
2023-09-05,10.9,0.4,25.9,79,1014.6
2023-09-06,11.4,4.0,23.9,91,1006.0
2023-09-07,10.5,9.1,26.6,94,998.5
2023-09-08,9.6,6.0,32.7,88,988.9
2023-09-09,8.7,0.3,14.8,82,999.1
2023-09-10,7.9,5.0,13.7,84,1005.6
2023-09-11,6.8,0.1,16.6,72,1014.2
2023-09-12,6.3,0.1,16.8,72,1018.6
2023-09-13,7.9,0.2,19.9,74,1014.0
2023-09-14,8.5,0.1,14.4,78,1015.3
2023-09-15,7.5,2.9,15.7,86,1017.6
2023-09-16,8.9,27.6,34.6,97,1002.5
2023-09-17,7.8,1.6,21.1,82,993.6
2023-09-18,7.8,0.0,12.8,80,990.9
2023-09-19,8.6,3.4,25.8,79,991.2
2023-09-20,8.8,0.0,18.2,67,1001.7
2023-09-21,4.9,0.0,12.4,74,1009.4
2023-09-22,4.7,0.0,12.5,75,1008.7
2023-09-23,6.5,2.3,16.9,87,1004.5
2023-09-24,7.4,1.4,21.8,70,993.3
2023-09-25,8.9,0.4,15.3,80,987.1
2023-09-26,9.6,18.0,31.4,82,987.9
2023-09-27,8.9,7.4,30.2,88,996.2
2023-09-28,8.2,0.2,18.1,83,999.7
2023-09-29,5.4,0.0,7.2,82,1005.1
2023-09-30,6.9,1.0,24.5,78,1008.7
2023-10-01,8.9,1.6,28.2,78,999.6
2023-10-02,6.7,0.0,14.7,77,997.4
2023-10-03,5.3,0.0,9.0,83,1002.3
2023-10-04,4.0,3.8,11.2,90,1008.1
2023-10-05,4.2,7.3,17.4,91,1012.7
2023-10-06,3.9,0.2,7.7,81,1021.9
2023-10-07,2.4,0.0,14.2,80,1026.9
2023-10-08,7.5,2.4,24.5,83,1021.5
2023-10-09,7.0,28.9,26.7,93,1000.7
2023-10-10,3.7,5.3,46.9,71,995.3
2023-10-11,3.0,3.4,37.3,78,1006.5
2023-10-12,2.5,24.2,33.3,85,991.7
2023-10-13,1.0,0.0,30.2,69,1013.7
2023-10-14,2.0,3.4,18.6,81,1018.4
2023-10-15,6.5,8.6,21.9,94,1007.3
2023-10-16,5.6,2.2,16.6,88,1004.9
2023-10-17,6.7,24.1,36.9,93,1002.1
2023-10-18,9.2,5.2,42.1,80,994.1
2023-10-19,9.3,25.5,52.0,87,983.9
2023-10-20,7.6,44.9,34.3,98,992.7
2023-10-21,6.0,12.1,29.3,87,1003.1
2023-10-22,2.7,0.4,6.6,91,1003.2
2023-10-23,2.3,0.0,6.8,85,1002.8
2023-10-24,1.9,0.0,11.0,86,1005.6
2023-10-25,6.5,0.3,21.7,78,1003.8
2023-10-26,6.3,1.2,19.1,76,1003.5
2023-10-27,4.4,0.0,23.5,76,1003.3
2023-10-28,3.8,0.0,21.7,71,1006.0
2023-10-29,1.0,0.0,11.5,76,1009.9
2023-10-30,1.5,0.0,16.0,78,1010.8
2023-10-31,1.6,0.0,20.2,77,1010.6
2023-11-01,1.7,0.0,19.2,68,1004.8
2023-11-02,0.8,0.0,17.1,75,1005.4
2023-11-03,0.6,0.0,12.8,79,1002.8
2023-11-04,2.6,0.0,19.5,79,993.3
2023-11-05,2.4,0.5,21.2,73,995.6
2023-11-06,1.7,2.4,20.2,72,1001.8
2023-11-07,2.9,5.0,25.9,76,1001.6
2023-11-08,3.7,0.0,27.0,61,995.3
2023-11-09,1.2,0.0,11.8,79,1005.1
2023-11-10,-0.3,0.1,12.2,83,1011.3
2023-11-11,2.2,3.1,20.3,87,1009.7
2023-11-12,3.0,0.0,22.7,75,1004.4
2023-11-13,3.2,0.0,34.6,60,997.2
2023-11-14,5.5,0.2,34.7,68,1001.8
2023-11-15,3.9,0.7,27.8,78,1008.8
2023-11-16,4.3,0.0,30.9,83,1009.0
2023-11-17,4.4,1.7,22.7,78,1010.4
2023-11-18,3.8,1.2,19.6,85,1005.8
2023-11-19,-0.3,0.0,8.0,86,1010.2
2023-11-20,4.0,20.9,39.7,94,1011.6
2023-11-21,6.2,13.9,42.2,83,988.5
2023-11-22,2.6,4.5,47.2,65,987.2
2023-11-23,-0.4,0.9,34.5,73,1016.4
2023-11-24,1.3,0.1,31.6,69,1025.3
2023-11-25,4.3,0.2,22.4,91,1016.5
2023-11-26,4.2,0.0,12.2,91,1014.8
2023-11-27,5.3,15.6,26.4,91,1015.3
2023-11-28,0.8,2.5,13.0,95,1015.3
2023-11-29,1.3,1.2,14.8,90,1023.9
2023-11-30,-0.7,0.2,22.3,88,1030.8
2023-12-01,-2.4,0.0,17.9,80,1026.8
2023-12-02,-4.1,0.0,11.2,73,1022.3
2023-12-03,-1.9,3.9,21.1,68,1018.5
2023-12-04,0.3,0.7,23.7,67,1019.5
2023-12-05,-0.4,0.4,23.4,69,1017.6
2023-12-06,-1.2,0.0,27.0,60,1013.4
2023-12-07,0.1,0.0,26.7,57,1008.9
2023-12-08,-4.0,0.0,12.3,66,1009.8
2023-12-09,-3.0,0.0,15.2,69,1004.5
2023-12-10,-2.8,0.2,9.2,80,1005.7
2023-12-11,1.0,3.3,16.4,86,1008.0
2023-12-12,-3.3,8.0,25.0,84,1005.8
2023-12-13,5.1,22.8,30.6,95,974.3
2023-12-14,2.0,10.3,49.9,74,974.0
2023-12-15,2.7,6.0,39.7,72,981.9
2023-12-16,2.3,1.5,36.4,72,992.6
2023-12-17,1.4,6.6,15.6,92,992.8
2023-12-18,0.1,3.1,13.8,90,995.3
2023-12-19,0.2,8.4,28.2,76,1001.2
2023-12-20,0.8,6.0,24.2,86,990.2
2023-12-21,-2.6,4.6,33.1,67,999.4
2023-12-22,-7.6,0.2,10.4,63,1005.9
2023-12-23,-4.8,6.6,21.1,63,997.1
2023-12-24,-3.1,0.0,30.2,73,996.3
2023-12-25,-3.3,0.0,20.3,71,1004.5
2023-12-26,-2.3,27.8,21.7,80,1008.2
2023-12-27,-3.8,0.0,13.4,87,1003.0
2023-12-28,-4.7,2.1,12.5,80,1003.1
2023-12-29,-4.0,0.3,6.7,83,1005.3
2023-12-30,-2.4,0.2,26.0,78,1006.3
2023-12-31,-6.2,0.0,21.7,71,1005.5
2024-01-01,-1.8,7.1,17.8,76,988.7
2024-01-02,2.4,0.0,21.8,83,985.3
2024-01-03,1.9,4.5,20.3,79,994.1
2024-01-04,-1.9,0.0,19.8,70,1001.9
2024-01-05,0.0,2.6,22.7,83,1005.1
2024-01-06,-1.1,0.1,22.5,81,1016.2
2024-01-07,5.9,9.5,35.3,88,1018.3
2024-01-08,7.3,9.6,36.7,93,1019.8
2024-01-09,7.0,15.1,37.7,88,1025.0
2024-01-10,6.5,1.1,31.9,82,1032.7
2024-01-11,6.8,32.8,34.3,91,1030.5
2024-01-12,4.0,7.8,18.7,95,1026.2
2024-01-13,2.4,1.5,10.0,98,1029.3
2024-01-14,-3.8,0.0,11.8,84,1032.6
2024-01-15,-4.9,0.5,15.8,66,1022.4
2024-01-16,-5.9,0.0,32.1,58,1021.5
2024-01-17,-6.3,0.2,23.7,63,1017.1
2024-01-18,-8.5,4.6,21.1,63,1008.0
2024-01-19,-6.8,0.4,35.5,55,994.8
2024-01-20,0.6,3.8,39.5,84,973.3
2024-01-21,-3.0,0.0,15.5,90,969.1
2024-01-22,-5.8,0.0,20.9,78,979.8
2024-01-23,-0.9,6.4,16.6,84,980.8
2024-01-24,2.4,5.4,26.8,85,984.8
2024-01-25,2.1,10.0,48.5,80,972.2
2024-01-26,-1.5,3.0,31.1,65,973.6
2024-01-27,-1.0,5.5,32.6,69,977.0
2024-01-28,-2.2,4.0,31.2,80,974.8
2024-01-29,0.1,6.0,33.2,76,986.4
2024-01-30,-2.1,1.7,26.7,72,985.5
2024-01-31,-2.0,1.8,53.6,71,985.8
2024-02-01,1.9,2.2,19.2,86,996.5
2024-02-02,0.3,6.5,40.2,78,978.4
2024-02-03,-2.9,1.2,33.3,70,989.4
2024-02-04,-7.0,0.3,17.7,78,998.9
2024-02-05,-7.3,0.3,20.2,71,1003.2
2024-02-06,-4.6,0.1,29.1,68,1011.7
2024-02-07,-5.6,0.0,20.2,81,1014.7
2024-02-08,-9.5,0.0,10.0,70,1010.6
2024-02-09,-8.4,0.0,17.5,68,1004.0
2024-02-10,-3.9,1.3,29.5,62,999.0
2024-02-11,-1.7,0.2,28.2,69,993.7
2024-02-12,-1.4,1.9,17.7,81,990.5
2024-02-13,-1.5,0.0,24.0,82,1001.5
2024-02-14,-2.8,0.2,18.2,83,1007.3
2024-02-15,0.6,1.0,12.0,93,1009.6
2024-02-16,0.1,0.0,18.7,85,1012.6
2024-02-17,4.3,3.2,34.2,81,1004.1
2024-02-18,5.0,7.3,24.4,94,1000.9
2024-02-19,3.0,12.6,33.4,94,994.3
2024-02-20,1.3,2.3,17.1,90,984.2
2024-02-21,0.1,5.0,22.9,87,961.8
2024-02-22,-0.2,2.1,17.0,83,963.2
2024-02-23,-0.7,0.0,17.0,82,982.2
2024-02-24,-3.4,0.0,13.5,81,998.1
2024-02-25,-3.7,1.2,19.3,78,1008.6
2024-02-26,4.5,31.1,34.0,96,986.1
2024-02-27,1.5,6.2,35.4,84,983.4
2024-02-28,-2.4,0.1,11.4,77,989.3
2024-02-29,-3.3,0.0,13.4,55,986.8
2024-03-01,-4.7,0.0,26.8,65,1012.4
2024-03-02,-4.2,0.0,13.0,64,1022.6
2024-03-03,-3.2,0.0,13.1,68,1011.8
2024-03-04,1.6,7.0,20.4,85,994.2
2024-03-05,5.5,2.3,28.1,78,1000.0
2024-03-06,6.7,7.5,35.9,83,1004.3
2024-03-07,5.6,4.7,30.5,87,1010.9
2024-03-08,7.1,1.4,42.8,83,1013.3
2024-03-09,4.9,0.1,21.1,80,1017.5
2024-03-10,2.7,0.0,16.2,75,1015.7
2024-03-11,1.1,0.0,13.8,69,1010.4
2024-03-12,1.3,0.3,8.9,79,1002.4
2024-03-13,2.1,0.0,15.8,81,997.0
2024-03-14,0.7,1.9,14.7,72,1003.5
2024-03-15,1.4,23.4,34.9,84,1004.4
2024-03-16,2.3,0.6,18.8,90,1001.8
2024-03-17,3.2,5.7,20.7,89,987.3
2024-03-18,3.9,21.7,25.2,93,983.2
2024-03-19,1.1,0.9,37.7,69,992.1
2024-03-20,1.6,23.5,38.5,84,994.9
2024-03-21,1.7,14.8,28.2,95,969.6
2024-03-22,0.3,0.7,31.9,78,998.7
2024-03-23,0.4,0.0,23.9,74,1019.6
2024-03-24,0.5,0.0,20.5,70,1016.9
2024-03-25,-2.7,0.0,14.7,68,1017.6
2024-03-26,-0.5,2.9,19.7,72,1006.6
2024-03-27,-1.6,0.0,16.6,59,1007.4
2024-03-28,-1.3,0.0,18.0,66,1005.3
2024-03-29,0.1,0.0,20.9,64,1006.3
2024-03-30,-0.9,0.0,26.5,60,1010.5
2024-03-31,-2.7,0.0,33.0,59,1020.5
2024-04-01,-3.6,0.0,28.2,48,1025.0
2024-04-02,-0.8,1.7,19.8,56,1024.0
2024-04-03,0.2,0.6,10.8,70,1022.2
2024-04-04,0.8,7.3,21.7,82,1013.2
2024-04-05,1.3,3.1,22.6,68,1011.6
2024-04-06,-2.1,0.0,25.9,53,1003.7
2024-04-07,-0.3,0.0,31.6,59,990.4
2024-04-08,1.4,0.0,24.1,65,996.0
2024-04-09,0.7,1.5,13.0,79,1003.2
2024-04-10,3.1,0.7,17.3,74,999.4
2024-04-11,3.0,8.0,16.6,94,987.8
2024-04-12,1.6,0.4,22.2,83,993.2
2024-04-13,-2.0,0.0,15.9,66,1001.9
2024-04-14,1.5,0.6,27.7,63,994.2
2024-04-15,0.3,0.0,24.9,63,1014.4
2024-04-16,0.3,4.5,25.9,69,1021.5
2024-04-17,2.7,5.9,32.1,89,1012.0
2024-04-18,2.0,2.5,16.9,88,1013.6
2024-04-19,1.5,6.4,35.7,83,1016.8
2024-04-20,7.7,23.1,35.3,97,1008.4
2024-04-21,5.5,3.0,31.0,75,1019.1
2024-04-22,4.7,0.0,8.0,85,1032.8
2024-04-23,5.8,0.0,6.2,81,1031.0
2024-04-24,7.7,0.6,7.0,89,1020.8
2024-04-25,6.3,0.0,18.9,85,1019.0
2024-04-26,4.8,0.0,18.7,76,1018.9
2024-04-27,4.5,0.0,17.7,68,1015.4
2024-04-28,5.7,2.5,11.7,71,1014.5
2024-04-29,5.1,0.2,16.8,74,1015.9
2024-04-30,4.8,0.0,23.1,73,1018.7
2024-05-01,4.8,0.0,11.9,75,1019.4
2024-05-02,5.9,9.0,21.1,92,1020.5
2024-05-03,5.9,11.6,23.4,95,1013.9
2024-05-04,4.9,0.3,12.9,67,1008.4
2024-05-05,4.8,3.4,24.3,77,1004.5
2024-05-06,4.6,2.3,22.4,75,1005.7
2024-05-07,4.1,8.3,22.9,82,1006.1
2024-05-08,4.4,0.9,16.6,72,1013.4
2024-05-09,5.3,0.0,11.7,68,1017.3
2024-05-10,7.8,6.5,23.4,79,1004.1
2024-05-11,9.3,2.5,24.2,84,1004.0
2024-05-12,8.4,7.9,20.4,91,1000.1
2024-05-13,6.4,1.2,18.6,83,1007.5
2024-05-14,5.4,0.0,13.8,78,1012.2
2024-05-15,6.3,3.5,9.8,83,1011.8
2024-05-16,6.5,3.1,16.9,83,1014.9
2024-05-17,5.6,1.6,22.5,65,1016.0
2024-05-18,5.4,0.2,21.2,64,1016.8
2024-05-19,4.8,6.6,29.8,82,1008.7
2024-05-20,6.8,0.8,24.8,73,1003.4
2024-05-21,5.8,0.8,25.8,72,1007.4
2024-05-22,5.9,1.2,24.9,71,1010.3
2024-05-23,6.3,8.0,23.4,79,1015.0
2024-05-24,7.9,50.1,46.1,97,1007.7
2024-05-25,9.6,0.0,43.7,79,1007.6
2024-05-26,11.0,0.8,23.8,81,1012.7
2024-05-27,10.8,0.3,14.5,81,1010.6
2024-05-28,8.8,6.3,18.7,93,1007.4
2024-05-29,7.1,2.3,20.4,78,1014.1
2024-05-30,7.9,5.1,21.7,83,1009.6
2024-05-31,7.5,9.8,22.3,93,1010.4
2024-06-01,8.3,3.2,21.6,91,1010.7
2024-06-02,6.7,3.4,37.5,70,1006.0
2024-06-03,4.9,3.5,26.0,65,1007.4
2024-06-04,5.3,1.5,38.4,61,1012.5
2024-06-05,5.6,0.7,33.4,68,1014.8
2024-06-06,5.7,0.8,37.8,66,1011.3
2024-06-07,6.6,0.6,34.7,70,1013.4
2024-06-08,6.8,0.1,24.8,71,1014.9
2024-06-09,7.7,0.0,14.2,69,1018.6
2024-06-10,8.1,0.0,14.0,76,1022.5
2024-06-11,8.0,0.0,11.8,79,1021.1
2024-06-12,9.8,5.0,29.6,86,1006.9
2024-06-13,11.1,20.1,26.4,83,1000.2
2024-06-14,9.7,0.0,11.7,84,1013.2
2024-06-15,10.5,0.0,11.8,85,1015.5
2024-06-16,9.1,0.6,18.4,89,1016.1
2024-06-17,8.2,0.1,12.7,90,1019.6
2024-06-18,8.8,1.1,18.9,87,1014.8
2024-06-19,8.1,22.1,20.3,95,1000.8
2024-06-20,9.2,3.4,13.4,86,1001.1
2024-06-21,11.2,0.5,17.7,77,996.7
2024-06-22,9.8,9.6,16.7,92,989.2
2024-06-23,8.9,3.4,24.7,84,996.2
2024-06-24,8.5,1.9,20.9,80,998.7
2024-06-25,8.5,2.0,22.5,80,1003.7
2024-06-26,9.0,3.2,11.4,83,1006.6
2024-06-27,8.9,0.0,25.9,86,1008.4
2024-06-28,8.0,0.6,28.7,81,1009.3
2024-06-29,8.9,0.0,20.0,83,1011.4
2024-06-30,10.1,15.6,41.1,90,1000.4
2024-07-01,10.0,0.5,23.5,77,1002.1
2024-07-02,9.9,4.4,12.7,86,1000.5
2024-07-03,10.4,9.7,15.1,90,991.4
2024-07-04,10.4,0.4,16.6,79,1000.1
2024-07-05,10.7,0.2,15.9,74,1005.5
2024-07-06,10.1,0.0,17.9,73,1006.9
2024-07-07,9.9,0.0,16.9,79,1007.9
2024-07-08,9.6,0.2,14.7,82,1012.3
2024-07-09,10.5,0.3,15.6,81,1015.0
2024-07-10,10.8,2.0,20.7,86,1014.2
2024-07-11,11.1,7.8,27.0,92,1009.1
2024-07-12,12.1,6.9,30.8,92,1008.2
2024-07-13,11.5,29.3,30.4,97,1009.9
2024-07-14,11.7,12.2,30.3,93,1012.3
2024-07-15,12.2,4.7,11.4,84,1012.0
2024-07-16,11.0,0.3,11.8,88,1009.4
2024-07-17,10.7,3.2,6.4,93,1007.4
2024-07-18,11.3,9.0,20.3,96,1004.0
2024-07-19,11.2,7.5,18.2,81,1006.8
2024-07-20,10.1,0.0,13.9,89,1005.6
2024-07-21,9.9,1.5,27.0,80,1000.2
2024-07-22,9.5,3.9,27.7,85,1001.5
2024-07-23,10.4,8.9,21.2,90,1004.8
2024-07-24,11.6,9.4,19.8,94,998.6
2024-07-25,11.1,6.3,10.9,92,993.3
2024-07-26,11.5,0.0,18.7,89,994.1
2024-07-27,10.8,4.8,20.9,90,999.5
2024-07-28,10.7,17.3,25.7,95,998.4
2024-07-29,12.0,3.4,24.7,82,991.7
2024-07-30,10.1,1.7,18.1,84,1004.8
2024-07-31,11.7,10.9,34.7,87,1001.2
2024-08-01,10.9,25.7,18.2,89,997.3
2024-08-02,10.9,2.3,20.6,78,991.8
2024-08-03,12.8,0.0,28.5,64,993.7
2024-08-04,12.6,11.2,25.7,73,992.9
2024-08-05,12.1,19.5,18.4,91,988.5
2024-08-06,11.9,6.8,13.4,85,996.1
2024-08-07,11.0,0.0,12.9,86,998.5
2024-08-08,9.0,0.8,11.7,92,994.6
2024-08-09,10.1,0.0,15.1,83,991.9
2024-08-10,9.9,0.5,8.3,86,1001.2
2024-08-11,11.2,1.1,10.7,83,1011.3
2024-08-12,11.6,1.9,18.8,81,1001.4
2024-08-13,9.1,5.8,19.3,89,989.0
2024-08-14,9.5,7.7,18.1,88,985.6
2024-08-15,9.1,19.1,26.4,97,979.5
2024-08-16,10.2,2.4,20.5,82,983.9
2024-08-17,8.4,0.0,24.1,78,987.6
2024-08-18,7.6,0.0,17.4,72,996.0
2024-08-19,7.3,0.0,29.6,74,994.8
2024-08-20,9.0,0.0,17.3,74,997.6
2024-08-21,8.4,7.0,24.1,79,985.9
2024-08-22,7.3,0.3,28.8,76,985.8
2024-08-23,7.1,1.0,37.1,75,988.3
2024-08-24,7.7,0.0,31.7,75,993.2
2024-08-25,7.3,0.0,23.8,74,999.0
2024-08-26,7.8,0.2,14.9,77,999.9
2024-08-27,9.8,1.7,17.6,81,998.3
2024-08-28,8.7,0.0,17.7,82,998.4
2024-08-29,7.9,0.0,13.4,81,1006.7
2024-08-30,10.5,9.0,34.3,89,1005.2
2024-08-31,12.1,28.4,36.6,97,996.2
2024-09-01,10.8,8.4,34.1,85,998.1
2024-09-02,9.7,8.8,28.3,93,1000.2
2024-09-03,7.9,0.8,19.1,82,1011.1
2024-09-04,9.0,5.9,38.5,91,1010.9
2024-09-05,10.5,9.1,37.4,86,1009.5
2024-09-06,10.0,2.4,29.2,82,1015.0
2024-09-07,9.7,2.4,25.4,83,1006.3
2024-09-08,6.6,1.6,21.0,81,1002.9
2024-09-09,4.3,0.0,35.2,69,1007.8
2024-09-10,5.4,0.0,38.7,63,1016.4
2024-09-11,5.5,0.0,21.1,71,1023.2
2024-09-12,6.7,4.1,20.3,82,1020.6
2024-09-13,5.8,0.0,15.2,69,1013.9
2024-09-14,5.8,0.0,19.4,68,1001.9
2024-09-15,5.9,0.0,20.2,73,1011.2
2024-09-16,6.8,11.6,32.1,77,1004.6
2024-09-17,7.8,11.3,23.5,94,1004.7
2024-09-18,9.0,6.7,23.4,90,1007.8
2024-09-19,6.9,0.0,15.4,71,1029.0
2024-09-20,5.6,0.1,7.6,84,1031.9
2024-09-21,8.2,0.0,12.0,81,1033.4
2024-09-22,6.4,0.0,12.1,87,1027.2
2024-09-23,4.5,0.0,10.4,82,1023.0
2024-09-24,3.8,0.0,22.9,84,1019.8
2024-09-25,3.9,0.0,23.1,73,1016.5
2024-09-26,3.3,0.1,11.1,78,1017.5
2024-09-27,5.5,1.2,8.9,87,1015.5
2024-09-28,5.2,4.3,16.7,90,1011.7
2024-09-29,5.3,4.9,16.9,92,1005.5
2024-09-30,2.3,0.0,18.5,77,1017.2
2024-10-01,6.8,1.4,17.2,87,1019.5
2024-10-02,7.9,4.3,16.6,89,1017.4
2024-10-03,6.6,7.6,15.9,87,1017.1
2024-10-04,4.2,0.0,15.9,74,1015.7
2024-10-05,3.8,0.0,10.1,71,1016.9
2024-10-06,2.4,0.0,9.7,73,1020.0
2024-10-07,1.3,0.0,13.3,72,1021.8
2024-10-08,0.6,3.8,12.1,85,1020.6
2024-10-09,2.4,0.3,14.5,81,1020.0
2024-10-10,0.8,3.1,19.2,80,1012.8
2024-10-11,-0.7,0.0,17.0,69,1014.4
2024-10-12,-1.8,0.0,11.3,62,1012.4
2024-10-13,-0.6,0.0,18.2,56,1008.2
2024-10-14,0.6,0.0,10.3,55,1003.5
2024-10-15,4.3,4.5,12.5,87,991.5
2024-10-16,3.2,1.0,7.5,93,988.5
2024-10-17,4.6,4.8,20.3,93,988.7
2024-10-18,5.3,8.6,30.3,89,971.6
2024-10-19,5.5,4.5,27.3,90,970.9
2024-10-20,4.7,0.8,19.3,86,982.5
2024-10-21,2.2,5.9,19.8,95,983.3
2024-10-22,1.1,1.0,22.9,82,997.2
2024-10-23,4.5,4.7,27.4,88,986.4
2024-10-24,2.6,2.0,26.8,89,992.2
2024-10-25,3.6,17.9,48.6,83,992.7
2024-10-26,3.3,23.2,35.7,85,985.7
2024-10-27,-1.4,0.2,11.3,84,1001.7
2024-10-28,4.4,6.7,33.2,88,1003.9
2024-10-29,4.3,12.4,30.5,92,1005.0
2024-10-30,3.2,5.9,21.2,89,1010.1
2024-10-31,1.2,6.7,29.6,73,1007.0
2024-11-01,1.9,0.0,23.4,69,1019.8
2024-11-02,1.6,2.4,21.0,85,1008.1
2024-11-03,7.6,44.0,36.9,96,1003.1
2024-11-04,8.0,16.4,29.8,97,1006.7
2024-11-05,9.3,23.3,44.2,96,998.0
2024-11-06,4.9,11.0,39.9,78,1002.8
2024-11-07,7.7,18.8,45.8,86,987.6
2024-11-08,6.0,1.4,30.7,84,1008.6
2024-11-09,8.5,13.1,41.7,92,1001.6
2024-11-10,6.9,9.0,36.8,91,999.3
2024-11-11,8.7,15.1,38.9,90,1011.8
2024-11-12,8.1,12.7,45.3,84,1007.2
2024-11-13,6.6,0.9,33.0,78,1024.8
2024-11-14,8.2,5.9,36.9,91,1009.3
2024-11-15,0.9,3.5,58.7,61,999.7
2024-11-16,-0.8,0.0,28.5,67,1020.2
2024-11-17,-3.9,0.0,21.8,66,1024.5
2024-11-18,-4.5,0.0,20.7,69,1026.3
2024-11-19,-4.7,0.0,26.0,66,1030.0
2024-11-20,-4.7,0.0,26.7,65,1029.5
2024-11-21,-7.5,0.0,19.7,61,1016.8
2024-11-22,-4.7,0.0,21.9,56,1009.1
2024-11-23,-5.2,0.0,15.2,61,1003.7
2024-11-24,-3.9,0.0,27.2,66,1002.0
2024-11-25,-3.5,0.0,21.3,71,1007.1
2024-11-26,2.4,0.5,19.0,78,1008.5
2024-11-27,2.8,2.7,30.9,83,1007.5
2024-11-28,-5.8,0.0,26.8,61,1020.1
2024-11-29,-7.5,0.0,13.0,42,1014.5
2024-11-30,-4.3,0.0,32.3,63,1006.1
2024-12-01,-6.1,0.0,32.0,65,1019.7
2024-12-02,-4.0,26.4,54.9,70,1015.0
2024-12-03,0.9,8.2,35.1,88,996.6
2024-12-04,-0.3,3.7,19.9,85,993.2
2024-12-05,-0.2,4.2,16.3,89,988.8
2024-12-06,-5.8,0.0,21.6,79,999.7
2024-12-07,-5.3,0.0,29.9,72,1026.6
2024-12-08,5.8,12.6,53.1,86,1022.6
2024-12-09,5.6,11.4,35.5,85,1017.9
2024-12-10,2.6,0.0,23.4,74,1031.2
2024-12-11,5.2,16.2,40.1,85,1013.0
2024-12-12,3.8,8.5,35.3,85,1005.4
2024-12-13,-2.1,0.0,26.0,70,1020.6
2024-12-14,2.3,5.1,45.9,81,996.8
2024-12-15,0.8,6.1,36.6,77,987.7
2024-12-16,-0.7,1.2,17.0,83,997.2
2024-12-17,-1.5,6.6,15.6,81,998.3
2024-12-18,-3.1,1.2,18.6,86,1000.7
2024-12-19,-2.8,6.8,39.0,84,999.8
2024-12-20,1.9,14.8,23.6,87,985.4
2024-12-21,-0.9,4.6,37.7,88,980.7
2024-12-22,-3.0,1.4,25.6,76,1006.9
2024-12-23,2.6,22.7,67.9,83,985.9
2024-12-24,0.6,5.3,43.8,78,983.3
2024-12-25,-2.2,3.6,45.4,64,983.6
2024-12-26,1.9,16.2,41.6,79,995.0
2024-12-27,0.2,3.5,44.1,74,993.5
2024-12-28,-4.0,0.0,27.7,74,998.6
2024-12-29,-8.6,0.0,19.5,76,1014.2
2024-12-30,-7.5,7.7,25.3,71,1015.5
2024-12-31,-8.1,0.1,23.1,69,1017.2
