DATE,TG,RR,WS,HU,PP
2015-01-01,7.8,1.4,34.3,91,1027.4
2015-01-02,7.5,0.2,33.4,78,1028.7
2015-01-03,3.9,11.4,18.4,92,1023.9
2015-01-04,2.2,0.0,9.9,92,1035.0
2015-01-05,6.4,0.0,14.3,93,1029.0
2015-01-06,6.1,0.2,23.2,88,1021.2
2015-01-07,5.4,0.0,30.5,85,1023.5
2015-01-08,8.2,13.0,29.0,87,1020.8
2015-01-09,11.0,0.3,38.3,82,1017.8
2015-01-10,9.0,0.5,40.4,71,1014.5
2015-01-11,5.3,0.0,27.3,71,1021.8
2015-01-12,9.6,3.0,35.9,81,1010.4
2015-01-13,7.2,7.7,31.7,84,1002.3
2015-01-14,4.3,2.3,39.9,77,1004.1
2015-01-15,7.3,10.3,45.9,73,990.7
2015-01-16,3.6,0.0,28.7,77,1004.2
2015-01-17,0.8,0.7,17.9,87,1012.6
2015-01-18,1.0,2.9,14.4,92,1012.0
2015-01-19,0.6,0.0,13.0,88,1014.0
2015-01-20,0.3,0.4,19.0,92,1010.0
2015-01-21,2.4,0.4,22.1,90,1007.7
2015-01-22,1.0,0.0,12.2,87,1020.1
2015-01-23,1.0,1.8,23.8,87,1024.3
2015-01-24,3.8,4.1,24.9,84,1025.4
2015-01-25,3.2,0.0,19.6,88,1029.8
2015-01-26,6.7,0.1,19.8,84,1023.9
2015-01-27,4.7,0.0,15.9,85,1026.2
2015-01-28,5.6,1.1,37.9,76,1005.8
2015-01-29,1.9,1.6,27.4,81,985.5
2015-01-30,1.8,0.9,22.0,85,978.9
2015-01-31,1.4,2.0,28.9,82,984.8
2015-02-01,1.9,0.4,31.4,68,999.2
2015-02-02,-1.2,0.0,13.3,76,1005.7
2015-02-03,0.8,1.6,20.8,86,1007.9
2015-02-04,1.4,0.0,21.3,86,1019.5
2015-02-05,1.4,1.1,19.5,82,1025.7
2015-02-06,1.6,0.0,29.8,70,1030.7
2015-02-07,2.9,0.0,18.2,84,1035.9
2015-02-08,3.3,0.0,19.1,86,1038.0
2015-02-09,3.5,0.0,14.3,91,1034.4
2015-02-10,3.2,0.0,8.4,91,1032.4
2015-02-11,3.6,0.0,7.3,88,1024.8
2015-02-12,2.7,0.0,10.5,83,1020.0
2015-02-13,5.5,4.7,33.2,89,1003.7
2015-02-14,5.8,4.8,15.0,92,1002.1
2015-02-15,5.6,0.0,12.7,90,1013.3
2015-02-16,5.3,7.3,20.7,92,1016.2
2015-02-17,3.6,0.0,18.6,80,1035.2
2015-02-18,3.3,0.0,19.1,82,1037.0
2015-02-19,5.7,8.1,29.9,87,1021.3
2015-02-20,5.2,2.2,15.6,87,1005.9
2015-02-21,2.0,0.6,20.0,82,1001.7
2015-02-22,2.9,6.7,34.2,88,1002.9
2015-02-23,5.0,0.8,31.2,77,991.8
2015-02-24,5.2,0.0,31.3,72,1004.1
2015-02-25,6.6,0.3,14.5,85,1015.0
2015-02-26,8.1,3.8,23.0,88,1012.6
2015-02-27,3.8,0.0,15.8,73,1019.1
2015-02-28,6.9,2.3,30.8,88,1008.2
2015-03-01,7.8,1.3,31.7,73,999.5
2015-03-02,4.3,0.0,34.2,69,1007.8
2015-03-03,4.3,0.8,26.2,73,1015.8
2015-03-04,4.4,0.1,24.7,71,1029.2
2015-03-05,4.3,0.0,17.1,80,1038.7
2015-03-06,5.4,0.0,22.0,79,1033.8
2015-03-07,8.4,0.0,23.6,76,1025.0
2015-03-08,8.3,0.0,20.3,86,1022.9
2015-03-09,6.9,0.2,23.8,85,1025.0
2015-03-10,6.7,0.0,14.5,78,1029.7
2015-03-11,6.0,0.0,18.7,81,1028.7
2015-03-12,7.7,0.0,20.0,66,1025.2
2015-03-13,6.9,0.0,19.7,72,1023.1
2015-03-14,4.8,0.0,22.7,73,1030.1
2015-03-15,5.5,0.7,23.7,82,1027.6
2015-03-16,5.3,2.3,13.9,85,1023.3
2015-03-17,6.4,1.9,11.5,89,1024.9
2015-03-18,5.8,0.0,16.9,84,1031.5
2015-03-19,6.0,0.0,21.7,82,1032.6
2015-03-20,6.2,0.0,14.6,81,1027.1
2015-03-21,6.4,0.0,24.3,76,1025.4
2015-03-22,4.5,0.0,16.9,74,1025.9
2015-03-23,5.0,0.4,15.0,78,1015.9
2015-03-24,5.7,2.7,14.5,80,1009.7
2015-03-25,4.2,0.7,11.3,75,1011.1
2015-03-26,6.6,6.1,26.3,75,1005.8
2015-03-27,6.7,0.0,17.2,70,1019.4
2015-03-28,10.0,0.0,32.1,86,1011.5
2015-03-29,9.9,3.1,42.6,77,999.7
2015-03-30,8.0,0.0,36.2,68,1006.5
2015-03-31,9.3,1.1,42.2,60,1007.5
2015-04-01,6.6,2.1,28.5,65,1022.1
2015-04-02,7.7,2.0,28.6,74,1020.1
2015-04-03,8.5,4.7,14.6,90,1016.5
2015-04-04,7.4,0.2,25.8,81,1021.9
2015-04-05,7.2,0.0,7.9,78,1027.2
2015-04-06,7.7,0.0,19.1,82,1031.9
2015-04-07,9.1,0.0,7.6,78,1036.0
2015-04-08,9.7,0.0,8.5,83,1032.5
2015-04-09,9.9,0.0,7.9,80,1026.6
2015-04-10,11.0,0.1,15.1,73,1017.6
2015-04-11,9.2,1.3,25.5,69,1018.3
2015-04-12,9.1,0.2,28.9,71,1025.8
2015-04-13,9.9,0.0,13.9,74,1030.4
2015-04-14,12.1,0.0,18.7,75,1024.9
2015-04-15,14.3,0.0,15.1,70,1017.0
2015-04-16,10.6,0.0,18.9,72,1015.4
2015-04-17,9.0,0.0,22.0,66,1020.2
2015-04-18,8.5,0.0,24.1,68,1027.4
2015-04-19,7.2,0.0,18.8,73,1024.8
2015-04-20,9.3,0.0,16.4,74,1029.4
2015-04-21,9.5,0.0,17.5,69,1033.7
2015-04-22,9.1,0.0,23.1,77,1030.0
2015-04-23,9.4,0.0,11.2,75,1019.9
2015-04-24,10.7,0.7,18.7,77,1011.2
2015-04-25,12.5,5.4,22.6,81,1005.6
2015-04-26,8.8,2.9,15.1,83,1007.7
2015-04-27,7.6,0.2,17.2,62,1011.2
2015-04-28,7.8,0.0,21.7,57,1016.5
2015-04-29,8.8,4.1,29.6,67,1013.0
2015-04-30,8.7,0.7,22.8,67,1011.2
2015-05-01,7.7,0.0,22.7,68,1010.5
2015-05-02,8.7,0.0,19.5,76,1009.1
2015-05-03,12.9,6.5,27.8,87,998.1
2015-05-04,13.6,7.0,24.5,73,1001.5
2015-05-05,13.1,2.2,44.3,76,995.0
2015-05-06,11.2,4.3,39.7,76,1004.1
2015-05-07,11.3,1.0,20.8,69,1015.5
2015-05-08,12.0,2.1,22.2,76,1012.9
2015-05-09,12.7,0.2,30.6,71,1015.8
2015-05-10,12.1,0.0,21.3,77,1022.8
2015-05-11,15.3,0.0,22.1,76,1017.7
2015-05-12,12.4,0.0,27.5,66,1019.0
2015-05-13,11.5,0.0,14.8,68,1019.0
2015-05-14,8.9,12.0,23.6,88,1012.5
2015-05-15,10.9,0.0,18.4,73,1020.8
2015-05-16,12.8,0.1,19.0,69,1023.8
2015-05-17,11.8,0.0,19.4,64,1024.3
2015-05-18,10.8,4.9,37.7,76,1006.6
2015-05-19,9.6,1.5,26.0,70,1005.0
2015-05-20,10.0,1.1,20.6,68,1016.6
2015-05-21,12.1,0.0,16.5,68,1025.6
2015-05-22,12.8,0.0,12.8,80,1025.0
2015-05-23,13.2,0.2,12.9,77,1024.2
2015-05-24,13.7,1.1,15.3,76,1019.8
2015-05-25,11.6,0.0,16.4,70,1019.6
2015-05-26,13.1,0.0,16.9,69,1023.4
2015-05-27,12.3,1.6,21.3,70,1022.3
2015-05-28,13.2,0.1,21.2,62,1014.2
2015-05-29,10.6,5.6,32.4,72,1008.7
2015-05-30,11.2,0.0,17.9,64,1013.3
2015-05-31,12.2,1.7,26.3,80,1007.5
2015-06-01,10.8,2.9,34.1,68,1012.3
2015-06-02,14.1,0.8,40.2,81,1005.0
2015-06-03,14.0,0.0,20.8,65,1020.9
2015-06-04,15.1,0.0,14.3,66,1023.9
2015-06-05,17.7,2.1,20.5,71,1015.6
2015-06-06,13.0,0.0,25.0,59,1024.5
2015-06-07,13.5,0.0,12.1,61,1031.3
2015-06-08,12.6,0.0,20.0,65,1033.0
2015-06-09,11.1,0.0,25.9,61,1032.6
2015-06-10,12.6,0.0,23.2,64,1028.2
2015-06-11,15.9,0.0,23.2,69,1018.7
2015-06-12,17.7,6.3,15.8,78,1009.0
2015-06-13,15.7,1.8,21.0,88,1008.8
2015-06-14,14.8,0.0,16.2,77,1013.4
2015-06-15,13.0,0.0,17.0,67,1021.9
2015-06-16,15.3,0.0,10.8,67,1025.1
2015-06-17,17.3,0.4,25.2,78,1022.5
2015-06-18,16.2,0.6,16.1,63,1020.5
2015-06-19,14.6,0.0,17.6,64,1021.6
2015-06-20,14.4,3.5,14.6,82,1020.7
2015-06-21,15.6,0.2,20.2,70,1015.8
2015-06-22,13.4,5.2,25.2,73,1010.8
2015-06-23,15.1,0.0,17.2,62,1017.6
2015-06-24,17.0,0.0,17.1,62,1020.2
2015-06-25,17.6,0.0,12.8,66,1021.0
2015-06-26,17.9,1.7,21.5,68,1016.7
2015-06-27,18.2,0.0,17.3,62,1019.1
2015-06-28,17.3,1.5,18.6,72,1019.2
2015-06-29,17.9,0.0,12.6,65,1021.6
2015-06-30,19.9,0.0,16.9,63,1018.6
2015-07-01,25.8,0.0,19.5,55,1011.9
2015-07-02,19.6,0.9,20.1,74,1018.4
2015-07-03,18.7,6.4,21.0,68,1023.0
2015-07-04,21.0,2.2,20.4,71,1017.6
2015-07-05,17.3,4.0,22.6,72,1017.5
2015-07-06,16.9,0.0,18.8,68,1018.2
2015-07-07,17.0,1.1,26.6,70,1009.0
2015-07-08,16.2,0.7,25.8,66,1011.4
2015-07-09,15.8,0.0,15.2,57,1022.2
2015-07-10,18.3,0.0,15.9,60,1019.5
2015-07-11,19.2,0.9,20.4,60,1016.3
2015-07-12,17.3,1.4,23.7,80,1016.6
2015-07-13,17.6,1.2,22.4,84,1014.9
2015-07-14,18.4,1.1,16.6,78,1016.8
2015-07-15,17.8,1.3,11.8,80,1017.9
2015-07-16,18.4,2.6,19.5,73,1015.7
2015-07-17,18.8,1.0,26.0,73,1011.4
2015-07-18,17.1,0.0,14.2,61,1016.0
2015-07-19,17.8,2.8,26.2,62,1010.4
2015-07-20,17.5,0.2,25.5,82,1009.8
2015-07-21,19.0,0.0,23.2,67,1012.1
2015-07-22,17.7,0.0,22.7,68,1014.7
2015-07-23,16.6,0.1,14.1,63,1017.1
2015-07-24,14.7,24.1,22.1,83,1009.4
2015-07-25,15.0,10.2,27.4,69,1012.2
2015-07-26,14.0,11.4,24.7,85,1005.3
2015-07-27,16.3,0.2,30.0,75,999.9
2015-07-28,15.3,0.7,29.3,66,1005.6
2015-07-29,13.8,0.1,20.0,69,1011.0
2015-07-30,13.7,0.0,17.6,70,1018.0
2015-07-31,14.7,0.0,9.8,69,1018.2
2015-08-01,14.9,0.0,17.6,70,1016.3
2015-08-02,17.4,0.0,17.9,69,1016.4
2015-08-03,18.8,0.1,27.4,70,1010.6
2015-08-04,17.0,0.0,26.4,66,1012.9
2015-08-05,17.0,0.4,15.5,69,1013.3
2015-08-06,17.7,0.1,21.1,73,1012.7
2015-08-07,17.5,0.0,13.8,70,1017.6
2015-08-08,18.5,0.0,11.2,75,1022.6
2015-08-09,18.2,0.0,15.7,69,1020.1
2015-08-10,18.3,2.0,22.7,85,1017.0
2015-08-11,16.1,1.9,9.0,80,1019.9
2015-08-12,17.3,3.2,18.9,77,1022.7
2015-08-13,18.4,22.8,26.1,88,1014.2
2015-08-14,18.1,9.9,18.5,91,1005.8
2015-08-15,16.4,0.0,13.6,72,1011.9
2015-08-16,15.2,0.3,8.1,74,1016.9
2015-08-17,16.2,0.0,12.1,67,1017.2
2015-08-18,15.6,1.7,15.5,72,1014.3
2015-08-19,15.8,5.7,19.5,81,1016.9
2015-08-20,17.6,1.6,17.6,87,1019.3
2015-08-21,19.7,0.0,20.4,81,1019.4
2015-08-22,20.9,0.0,20.2,72,1013.6
2015-08-23,18.2,3.8,19.6,71,1002.5
2015-08-24,14.4,20.1,18.4,93,999.6
2015-08-25,14.7,5.9,24.2,87,1007.7
2015-08-26,16.4,8.3,33.3,88,1004.0
2015-08-27,15.2,0.8,21.1,82,1006.9
2015-08-28,14.9,0.0,19.4,77,1016.0
2015-08-29,16.6,2.6,11.9,82,1019.6
2015-08-30,16.8,0.6,14.8,87,1017.1
2015-08-31,14.9,15.2,20.2,88,1013.4
2015-09-01,14.4,2.4,12.1,86,1017.5
2015-09-02,13.1,1.1,12.0,82,1017.4
2015-09-03,12.5,0.3,15.6,78,1015.7
2015-09-04,13.4,0.5,16.9,69,1017.4
2015-09-05,12.5,0.0,15.8,74,1021.5
2015-09-06,12.4,0.0,12.0,73,1028.1
2015-09-07,13.3,0.0,16.0,78,1030.2
2015-09-08,12.9,0.0,13.0,80,1027.8
2015-09-09,14.6,0.1,19.1,80,1022.6
2015-09-10,15.4,0.0,18.4,78,1020.2
2015-09-11,15.7,0.0,16.8,73,1014.4
2015-09-12,16.1,2.1,23.3,74,1007.5
2015-09-13,12.8,1.7,13.8,81,1005.5
2015-09-14,13.1,5.3,29.1,83,994.5
2015-09-15,12.8,4.7,23.0,83,995.5
2015-09-16,12.9,14.7,22.8,92,988.4
2015-09-17,13.5,1.5,19.4,78,999.4
2015-09-18,13.6,3.6,12.8,88,1010.9
2015-09-19,13.7,0.0,13.0,78,1024.4
2015-09-20,13.9,0.0,14.7,82,1024.4
2015-09-21,12.9,5.3,20.7,91,1011.7
2015-09-22,11.2,14.6,17.1,92,1001.9
2015-09-23,12.9,0.0,20.0,76,1011.3
2015-09-24,14.4,1.1,22.6,75,1014.0
2015-09-25,12.2,0.0,12.4,76,1022.6
2015-09-26,12.7,0.0,10.3,74,1028.5
2015-09-27,12.4,0.0,17.0,80,1033.5
2015-09-28,12.9,0.0,17.9,81,1036.1
2015-09-29,13.0,0.0,20.1,79,1034.6
2015-09-30,13.2,0.0,23.2,75,1032.6
2015-10-01,12.9,0.0,23.2,79,1030.8
2015-10-02,11.6,0.0,13.4,82,1024.2
2015-10-03,11.3,0.0,8.7,84,1015.2
2015-10-04,12.3,0.0,17.1,79,1013.6
2015-10-05,14.9,9.7,21.8,92,1004.3
2015-10-06,15.4,12.9,19.4,93,996.9
2015-10-07,13.2,0.1,20.9,86,1008.4
2015-10-08,11.9,0.0,10.4,75,1020.8
2015-10-09,11.4,0.0,10.3,82,1022.5
2015-10-10,11.8,0.0,15.5,88,1019.7
2015-10-11,11.2,0.0,17.9,81,1017.1
2015-10-12,10.0,0.0,15.7,76,1019.2
2015-10-13,9.4,0.0,22.9,74,1022.9
2015-10-14,9.0,0.0,23.4,79,1022.8
2015-10-15,9.6,0.0,17.7,84,1021.0
2015-10-16,10.9,0.0,23.6,84,1021.2
2015-10-17,10.8,0.0,22.4,80,1019.9
2015-10-18,11.6,0.0,15.0,84,1020.6
2015-10-19,11.4,0.0,15.9,84,1024.4
2015-10-20,10.0,0.0,12.9,83,1026.2
2015-10-21,10.9,8.7,18.6,94,1017.5
2015-10-22,11.9,0.0,17.8,81,1016.8
2015-10-23,10.4,0.0,13.8,81,1020.6
2015-10-24,11.4,2.4,20.3,84,1014.8
2015-10-25,7.2,0.0,12.4,84,1024.4
2015-10-26,10.7,0.0,20.4,90,1014.7
2015-10-27,12.7,4.2,16.5,91,1009.2
2015-10-28,12.1,8.1,13.6,91,1007.2
2015-10-29,12.9,1.3,28.5,88,1012.0
2015-10-30,13.6,3.8,24.2,87,1017.9
2015-10-31,10.7,0.0,12.1,93,1022.1
2015-11-01,8.9,0.0,7.4,98,1028.1
2015-11-02,10.2,0.0,11.2,95,1023.8
2015-11-03,10.9,0.5,12.2,92,1015.5
2015-11-04,11.3,5.0,13.1,95,1013.5
2015-11-05,13.8,4.8,26.0,93,1012.4
2015-11-06,14.3,6.0,26.3,95,1014.4
2015-11-07,14.3,5.7,36.4,91,1018.1
2015-11-08,12.1,0.8,27.9,91,1020.2
2015-11-09,12.1,0.5,31.6,81,1020.5
2015-11-10,14.2,0.0,26.5,88,1021.4
2015-11-11,13.2,0.0,25.6,84,1020.9
2015-11-12,12.8,0.0,28.7,87,1020.2
2015-11-13,9.7,0.4,28.2,70,1020.3
2015-11-14,9.6,4.3,35.2,84,1021.3
2015-11-15,13.3,0.0,35.3,81,1012.0
2015-11-16,12.4,2.5,30.9,80,1009.1
2015-11-17,12.9,5.6,45.9,84,1003.4
2015-11-18,12.1,0.7,40.1,75,1010.6
2015-11-19,10.2,4.4,31.0,82,1012.6
2015-11-20,7.0,0.0,21.6,79,1008.0
2015-11-21,2.5,1.6,37.2,68,1006.5
2015-11-22,1.1,0.0,14.3,84,1015.0
2015-11-23,2.4,0.3,18.9,87,1023.4
2015-11-24,7.5,8.0,24.2,90,1011.7
2015-11-25,6.6,0.1,21.4,89,1011.6
2015-11-26,7.0,0.0,10.4,93,1019.2
2015-11-27,9.5,1.3,29.2,91,1010.9
2015-11-28,5.9,1.4,31.8,79,1010.9
2015-11-29,10.5,0.1,41.1,76,1008.3
2015-11-30,10.4,1.0,36.4,80,1015.2
2015-12-01,11.7,2.2,23.8,84,1022.1
2015-12-02,11.4,0.0,24.9,83,1022.5
2015-12-03,11.4,2.0,34.5,85,1019.0
2015-12-04,9.0,0.9,31.4,82,1024.5
2015-12-05,11.0,0.0,37.9,77,1018.8
2015-12-06,12.3,0.1,33.3,83,1016.5
2015-12-07,11.6,0.1,21.7,90,1023.6
2015-12-08,10.4,4.1,24.2,82,1021.7
2015-12-09,7.6,0.0,27.7,81,1032.3
2015-12-10,10.3,5.6,28.8,84,1024.4
2015-12-11,8.1,1.0,20.8,85,1021.5
2015-12-12,8.1,1.0,34.4,88,1018.2
2015-12-13,8.4,1.8,24.9,93,1018.0
2015-12-14,7.8,2.1,13.9,91,1016.0
2015-12-15,9.4,6.1,17.3,96,1016.2
2015-12-16,12.8,0.5,23.5,91,1017.7
2015-12-17,12.6,1.8,25.4,82,1016.2
2015-12-18,11.5,0.2,22.3,90,1018.0
2015-12-19,13.5,0.4,27.9,84,1012.0
2015-12-20,11.6,0.1,30.6,81,1010.3
2015-12-21,9.6,0.7,41.1,85,1014.3
2015-12-22,12.9,7.4,38.2,89,1012.7
2015-12-23,9.4,0.2,29.4,78,1018.3
2015-12-24,9.1,2.6,38.8,80,1013.0
2015-12-25,9.4,0.3,33.4,85,1019.5
2015-12-26,13.2,0.0,34.5,82,1017.9
2015-12-27,13.0,1.7,34.0,88,1019.9
2015-12-28,10.1,0.0,25.1,81,1016.8
2015-12-29,10.2,0.8,27.4,85,1017.7
2015-12-30,11.2,7.5,37.1,74,1010.7
2015-12-31,8.1,2.4,33.4,77,1011.7
2016-01-01,4.6,1.7,25.9,92,1016.9
2016-01-02,9.2,5.1,28.2,92,998.2
2016-01-03,7.5,11.3,31.1,89,991.7
2016-01-04,6.9,0.9,18.0,92,982.7
2016-01-05,6.7,0.7,19.1,94,984.6
2016-01-06,4.5,1.1,14.3,96,994.0
2016-01-07,6.5,11.2,34.6,82,988.5
2016-01-08,5.0,0.2,19.0,87,999.1
2016-01-09,8.0,7.2,32.9,91,990.4
2016-01-10,6.0,0.0,27.4,82,984.8
2016-01-11,5.6,6.8,19.9,90,982.7
2016-01-12,4.7,1.1,29.6,82,997.1
2016-01-13,3.7,1.2,24.6,83,1012.7
2016-01-14,2.8,1.3,30.6,79,1006.4
2016-01-15,1.5,0.0,24.8,80,1019.6
2016-01-16,0.6,0.4,15.3,87,1028.3
2016-01-17,2.1,1.8,18.9,85,1025.3
2016-01-18,1.6,0.0,19.0,80,1015.0
2016-01-19,-0.8,0.0,9.0,83,1016.8
2016-01-20,0.2,0.0,8.1,90,1020.2
2016-01-21,1.6,0.0,19.7,91,1021.1
2016-01-22,6.3,5.2,24.2,88,1017.4
2016-01-23,6.5,3.6,23.5,93,1028.4
2016-01-24,10.7,0.2,22.2,95,1026.0
2016-01-25,10.3,0.0,31.2,85,1020.3
2016-01-26,8.8,1.8,38.1,87,1016.2
2016-01-27,10.7,2.6,35.0,89,1008.7
2016-01-28,5.5,0.0,30.1,74,1022.8
2016-01-29,10.3,0.6,36.3,82,1017.1
2016-01-30,6.8,4.9,35.0,74,1009.5
2016-01-31,7.6,1.5,28.6,88,1008.9
2016-02-01,10.9,0.0,36.1,78,1014.7
2016-02-02,7.3,0.4,29.8,69,1014.9
2016-02-03,4.3,0.2,30.7,77,1021.6
2016-02-04,7.8,0.6,27.3,87,1024.7
2016-02-05,9.0,0.2,31.0,88,1018.2
2016-02-06,9.6,7.7,42.6,84,997.9
2016-02-07,6.9,5.0,40.0,78,991.8
2016-02-08,7.4,2.9,49.8,71,986.6
2016-02-09,4.5,0.9,26.9,75,988.3
2016-02-10,4.1,0.0,22.0,80,996.5
2016-02-11,1.9,0.0,8.9,85,1003.6
2016-02-12,2.7,0.6,15.9,89,995.7
2016-02-13,3.0,4.2,25.7,89,987.0
2016-02-14,3.3,0.3,24.4,79,996.6
2016-02-15,2.0,0.0,27.1,78,1024.4
2016-02-16,1.6,0.0,15.9,85,1033.6
2016-02-17,3.9,5.5,21.0,79,1016.8
2016-02-18,3.5,1.9,17.9,82,1013.7
2016-02-19,3.8,1.2,30.4,84,1015.6
2016-02-20,9.6,0.6,33.5,87,1009.0
2016-02-21,11.2,0.0,33.1,85,1009.9
2016-02-22,7.8,1.7,27.5,79,1009.0
2016-02-23,3.6,0.5,12.4,80,1016.8
2016-02-24,2.3,0.0,8.9,77,1017.9
2016-02-25,0.8,0.0,12.7,77,1016.5
2016-02-26,2.3,0.0,13.2,75,1010.2
2016-02-27,3.0,0.0,25.5,70,1010.6
2016-02-28,4.1,0.0,27.3,67,1020.7
2016-02-29,3.3,0.0,13.9,76,1026.3
2016-03-01,7.7,3.3,27.8,87,1011.1
2016-03-02,5.1,4.5,36.8,77,998.9
2016-03-03,5.5,1.8,32.6,74,1002.9
2016-03-04,4.0,4.1,25.4,77,991.4
2016-03-05,1.9,2.1,23.2,87,999.6
2016-03-06,2.1,0.6,19.0,85,1005.4
2016-03-07,1.5,0.1,22.1,78,1009.3
2016-03-08,2.7,0.1,22.7,81,1013.0
2016-03-09,7.1,14.6,31.9,89,996.4
2016-03-10,6.0,0.4,13.4,84,1018.9
2016-03-11,2.6,0.0,8.1,91,1028.1
2016-03-12,4.9,0.0,6.8,87,1030.7
2016-03-13,3.7,0.0,18.0,83,1034.3
2016-03-14,4.6,0.0,24.4,78,1032.7
2016-03-15,5.4,0.0,18.9,88,1029.9
2016-03-16,6.0,0.0,24.6,77,1029.4
2016-03-17,5.4,0.0,17.1,77,1029.9
2016-03-18,3.9,0.0,16.9,87,1026.8
2016-03-19,5.6,0.0,20.2,78,1026.1
2016-03-20,6.0,0.0,16.0,78,1024.8
2016-03-21,7.2,0.0,16.4,77,1022.9
2016-03-22,6.8,0.0,8.0,75,1017.8
2016-03-23,7.4,0.0,6.8,77,1016.6
2016-03-24,7.3,5.7,21.5,84,1013.1
2016-03-25,9.2,2.9,18.9,74,1013.3
2016-03-26,8.6,4.0,39.3,85,1004.5
2016-03-27,7.8,4.3,34.8,81,999.2
2016-03-28,7.7,11.0,48.0,75,988.3
2016-03-29,6.8,3.4,26.9,77,1002.5
2016-03-30,7.4,0.9,20.5,76,1008.0
2016-03-31,6.7,0.0,13.0,76,1015.3
2016-04-01,6.7,0.0,21.0,78,1019.0
2016-04-02,9.0,3.2,16.9,73,1012.0
2016-04-03,10.7,4.3,15.1,82,1005.1
2016-04-04,9.5,2.0,21.4,83,1002.2
2016-04-05,9.5,0.7,17.3,76,1007.1
2016-04-06,7.6,1.5,32.1,73,1007.1
2016-04-07,6.5,4.1,26.3,78,1008.9
2016-04-08,7.5,0.0,13.4,80,1011.0
2016-04-09,7.2,3.3,20.5,82,1003.2
2016-04-10,6.7,0.0,25.3,73,1007.2
2016-04-11,10.6,3.2,15.8,82,1005.6
2016-04-12,9.9,0.6,12.4,79,1006.6
2016-04-13,9.8,1.2,8.8,76,1008.1
2016-04-14,10.2,3.9,13.4,80,1009.0
2016-04-15,9.3,12.5,16.3,92,1000.4
2016-04-16,5.9,2.3,15.1,81,1004.1
2016-04-17,5.4,1.1,10.2,71,1015.7
2016-04-18,7.6,0.0,19.1,73,1022.0
2016-04-19,9.5,0.0,13.7,71,1028.0
2016-04-20,7.3,0.0,21.7,76,1029.5
2016-04-21,9.4,0.0,22.3,75,1023.7
2016-04-22,7.6,4.3,22.2,79,1021.1
2016-04-23,6.3,0.2,21.3,71,1020.4
2016-04-24,6.0,0.6,21.1,71,1019.8
2016-04-25,7.1,1.9,24.0,80,1010.4
2016-04-26,4.8,0.6,25.2,70,1008.0
2016-04-27,5.3,1.4,16.2,73,1012.0
2016-04-28,6.1,0.0,25.7,70,1012.8
2016-04-29,7.4,0.5,26.4,65,1010.6
2016-04-30,6.6,0.2,14.8,73,1021.3
2016-05-01,8.4,0.0,18.3,73,1027.2
2016-05-02,11.1,1.2,31.1,83,1020.5
2016-05-03,9.1,0.0,16.4,69,1025.3
2016-05-04,10.0,0.0,14.6,68,1026.1
2016-05-05,11.8,0.0,15.5,63,1019.8
2016-05-06,13.9,0.0,12.1,71,1010.7
2016-05-07,16.0,0.1,17.5,71,1006.7
2016-05-08,17.8,0.0,18.2,63,1007.1
2016-05-09,17.7,2.1,20.9,69,1008.1
2016-05-10,15.3,6.8,16.6,91,1006.0
2016-05-11,15.2,8.6,11.9,92,1003.0
2016-05-12,16.4,1.1,21.1,76,1002.1
2016-05-13,12.9,0.2,26.9,75,1009.8
2016-05-14,9.0,0.0,18.9,61,1019.8
2016-05-15,10.5,0.0,14.6,68,1021.9
2016-05-16,11.7,0.0,13.4,71,1020.5
2016-05-17,11.9,0.0,20.7,74,1015.9
2016-05-18,11.8,11.6,23.6,85,1004.7
2016-05-19,13.0,1.4,21.0,77,1011.0
2016-05-20,14.0,0.4,20.8,76,1014.0
2016-05-21,14.3,0.8,28.6,82,1008.7
2016-05-22,13.7,1.6,12.1,76,1007.6
2016-05-23,13.1,0.1,18.6,72,1017.4
2016-05-24,11.3,0.0,19.7,71,1021.1
2016-05-25,10.3,0.5,16.2,75,1017.5
2016-05-26,13.2,0.0,11.6,72,1015.9
2016-05-27,14.1,0.0,13.8,76,1016.6
2016-05-28,14.4,0.0,15.3,75,1015.0
2016-05-29,13.7,0.1,21.7,80,1013.1
2016-05-30,13.7,0.0,29.9,76,1015.2
2016-05-31,11.5,11.4,31.7,89,1015.9
2016-06-01,12.4,0.5,25.3,90,1020.8
2016-06-02,11.6,0.2,27.5,79,1020.1
2016-06-03,11.5,0.0,17.5,80,1017.2
2016-06-04,15.5,0.0,12.6,85,1017.0
2016-06-05,16.5,0.0,14.8,79,1020.3
2016-06-06,15.8,0.0,14.5,68,1021.5
2016-06-07,16.9,18.2,8.2,83,1022.5
2016-06-08,18.6,0.9,11.1,82,1023.4
2016-06-09,16.0,0.0,9.5,77,1021.3
2016-06-10,16.4,0.4,8.4,70,1013.4
2016-06-11,17.4,1.9,7.6,74,1010.4
2016-06-12,15.5,5.0,16.5,89,1006.8
2016-06-13,15.5,4.9,17.9,88,1001.9
2016-06-14,14.8,7.6,20.6,86,996.4
2016-06-15,14.5,3.6,21.5,78,996.5
2016-06-16,14.5,8.5,12.9,86,1000.3
2016-06-17,14.3,5.7,12.2,88,1007.2
2016-06-18,14.2,0.2,14.8,79,1019.1
2016-06-19,15.1,2.6,22.4,82,1022.3
2016-06-20,16.0,15.0,25.5,90,1013.4
2016-06-21,16.5,0.0,15.6,78,1016.7
2016-06-22,17.3,0.5,19.3,88,1018.6
2016-06-23,18.8,22.0,13.8,91,1015.6
2016-06-24,16.3,1.4,23.2,78,1017.5
2016-06-25,14.6,5.1,15.5,81,1016.6
2016-06-26,15.3,2.4,19.2,79,1017.3
2016-06-27,16.4,0.8,17.1,76,1017.1
2016-06-28,14.9,2.9,21.5,75,1013.6
2016-06-29,14.4,0.7,32.8,81,1008.6
2016-06-30,16.5,1.5,23.2,79,1008.7
2016-07-01,15.8,0.8,26.0,77,1008.4
2016-07-02,14.2,1.5,25.0,68,1013.2
2016-07-03,15.2,0.0,14.4,73,1018.2
2016-07-04,16.1,0.1,21.4,80,1018.2
2016-07-05,16.8,0.2,21.7,70,1017.4
2016-07-06,15.7,0.0,10.3,66,1022.2
2016-07-07,16.6,0.3,14.2,74,1019.2
2016-07-08,17.8,0.1,26.6,75,1016.0
2016-07-09,17.7,0.0,29.5,80,1016.9
2016-07-10,17.4,0.2,27.1,82,1008.6
2016-07-11,17.3,3.9,31.0,76,1007.7
2016-07-12,14.9,6.3,15.6,80,1011.9
2016-07-13,14.7,2.2,15.0,73,1017.6
2016-07-14,15.0,0.0,16.8,67,1023.6
2016-07-15,15.8,0.0,20.0,77,1025.9
2016-07-16,19.7,0.0,19.9,80,1024.2
2016-07-17,20.4,1.5,18.0,79,1022.1
2016-07-18,20.9,0.0,8.1,75,1021.3
2016-07-19,23.2,0.0,16.8,69,1016.7
2016-07-20,23.6,0.2,23.7,67,1009.5
2016-07-21,19.4,0.1,14.5,70,1015.8
2016-07-22,19.9,0.3,5.8,77,1018.3
2016-07-23,20.7,0.1,13.4,74,1019.6
2016-07-24,19.0,0.4,19.3,78,1018.6
2016-07-25,18.7,0.0,17.3,66,1019.0
2016-07-26,17.9,0.0,15.4,72,1020.5
2016-07-27,18.6,1.7,21.0,82,1015.3
2016-07-28,18.1,0.7,20.6,73,1013.6
2016-07-29,18.5,1.7,18.7,78,1010.7
2016-07-30,18.2,0.0,9.9,71,1013.2
2016-07-31,17.3,0.3,14.3,64,1016.7
2016-08-01,15.1,12.7,18.8,79,1018.1
2016-08-02,17.7,8.4,21.8,93,1009.8
2016-08-03,19.1,0.0,28.0,77,1007.4
2016-08-04,17.7,0.4,25.4,69,1009.4
2016-08-05,17.6,0.1,14.6,73,1019.4
2016-08-06,18.5,0.0,16.2,71,1026.2
2016-08-07,19.4,0.0,25.0,74,1023.0
2016-08-08,16.7,0.0,22.1,62,1021.4
2016-08-09,14.8,0.0,17.0,62,1024.7
2016-08-10,14.8,0.1,16.6,65,1024.4
2016-08-11,17.2,0.8,22.3,75,1021.7
2016-08-12,19.4,0.0,20.1,70,1023.0
2016-08-13,18.6,0.1,20.3,72,1022.2
2016-08-14,18.2,0.0,10.0,62,1025.0
2016-08-15,16.9,0.0,14.3,72,1024.2
2016-08-16,16.8,0.0,15.6,76,1019.1
2016-08-17,18.0,0.0,14.4,75,1013.2
2016-08-18,18.2,1.5,11.7,78,1010.0
2016-08-19,17.1,2.2,21.0,88,1006.5
2016-08-20,16.7,1.4,36.3,76,1006.4
2016-08-21,17.4,4.1,25.5,75,1015.6
2016-08-22,19.0,0.6,23.6,79,1022.7
2016-08-23,21.0,0.0,18.5,70,1022.1
2016-08-24,23.7,0.8,17.1,70,1017.5
2016-08-25,23.0,1.0,15.9,76,1014.8
2016-08-26,20.6,0.3,10.8,68,1017.3
2016-08-27,19.1,8.3,18.4,83,1015.4
2016-08-28,18.1,1.5,20.2,84,1013.0
2016-08-29,18.0,0.4,9.6,74,1021.4
2016-08-30,18.4,0.0,10.9,71,1023.8
2016-08-31,17.4,0.0,17.1,78,1020.4
2016-09-01,17.3,0.0,13.2,73,1022.4
2016-09-02,17.2,1.3,20.3,83,1018.6
2016-09-03,16.8,2.8,29.4,82,1015.1
2016-09-04,17.8,0.7,27.2,74,1012.3
2016-09-05,17.9,2.3,12.8,88,1019.0
2016-09-06,20.7,0.1,10.0,86,1023.0
2016-09-07,20.6,0.0,12.8,78,1017.5
2016-09-08,18.4,0.0,23.6,69,1011.2
2016-09-09,18.4,0.2,28.8,78,1014.5
2016-09-10,17.5,7.5,25.6,91,1012.5
2016-09-11,15.5,0.0,13.0,74,1016.4
2016-09-12,18.7,0.0,21.0,77,1012.9
2016-09-13,23.2,0.0,16.6,70,1009.2
2016-09-14,21.9,0.0,14.6,71,1010.1
2016-09-15,20.5,3.1,14.2,80,1009.6
2016-09-16,16.3,16.6,22.8,85,1012.1
2016-09-17,15.1,0.2,26.8,78,1019.5
2016-09-18,16.5,0.0,11.3,79,1021.0
2016-09-19,16.5,1.6,9.4,82,1021.2
2016-09-20,15.9,0.0,11.1,85,1019.8
2016-09-21,16.5,0.0,14.0,81,1017.7
2016-09-22,15.7,0.4,15.6,82,1018.9
2016-09-23,13.1,0.0,12.8,71,1023.8
2016-09-24,17.3,0.0,24.6,71,1016.7
2016-09-25,16.3,0.0,24.3,68,1014.4
2016-09-26,13.4,0.7,17.9,81,1021.7
2016-09-27,16.1,0.0,24.0,85,1022.2
2016-09-28,16.4,0.0,23.7,83,1023.1
2016-09-29,16.5,0.1,25.8,75,1014.6
2016-09-30,13.7,0.3,19.3,72,1012.0
2016-10-01,11.6,3.2,14.2,85,1006.1
2016-10-02,11.4,0.0,19.2,78,1016.3
2016-10-03,11.2,0.0,11.0,80,1028.3
2016-10-04,13.7,0.0,22.7,82,1029.8
2016-10-05,12.8,0.0,28.0,69,1029.3
2016-10-06,11.9,0.0,22.7,63,1025.2
2016-10-07,12.5,0.1,18.0,81,1022.2
2016-10-08,12.0,0.6,14.2,87,1025.6
2016-10-09,10.6,0.4,17.6,80,1027.6
2016-10-10,9.1,0.0,15.2,81,1025.8
2016-10-11,9.7,0.0,11.9,84,1022.6
2016-10-12,10.8,0.3,19.6,86,1019.9
2016-10-13,10.3,0.5,23.2,81,1012.6
2016-10-14,11.2,0.0,15.5,78,1005.9
2016-10-15,12.4,1.6,16.8,83,1006.5
2016-10-16,12.7,7.5,26.9,90,1012.0
2016-10-17,12.6,0.7,20.4,83,1017.9
2016-10-18,10.7,0.7,23.7,75,1019.3
2016-10-19,10.6,0.0,19.7,75,1020.7
2016-10-20,10.6,0.1,21.3,82,1020.6
2016-10-21,9.4,0.0,18.0,84,1019.6
2016-10-22,9.0,0.0,12.1,85,1016.1
2016-10-23,9.5,0.0,23.9,81,1011.5
2016-10-24,10.4,2.7,16.9,83,1012.9
2016-10-25,10.4,0.1,7.8,89,1022.5
2016-10-26,11.0,0.1,17.4,91,1028.0
2016-10-27,10.3,0.0,18.5,89,1031.5
2016-10-28,13.0,0.0,18.5,86,1033.5
2016-10-29,13.6,0.0,7.2,89,1034.1
2016-10-30,12.0,0.0,11.3,93,1030.0
2016-10-31,11.3,0.0,8.4,90,1026.6
2016-11-01,9.6,0.0,18.0,90,1023.8
2016-11-02,5.8,0.0,12.7,81,1024.4
2016-11-03,6.0,0.0,13.4,84,1021.0
2016-11-04,7.3,5.7,11.5,91,1009.4
2016-11-05,4.7,0.0,24.8,81,1005.5
2016-11-06,4.3,0.6,26.6,77,1005.9
2016-11-07,5.6,0.0,29.3,80,1011.1
2016-11-08,2.8,1.1,13.0,84,1009.6
2016-11-09,6.3,12.6,23.1,89,999.8
2016-11-10,6.7,0.2,21.1,85,1007.0
2016-11-11,5.2,0.0,16.3,85,1020.4
2016-11-12,8.3,10.1,22.7,87,1016.6
2016-11-13,6.8,0.0,15.8,90,1026.3
2016-11-14,9.2,1.6,19.1,94,1029.2
2016-11-15,12.6,0.2,15.3,97,1024.9
2016-11-16,11.5,0.3,24.9,87,1015.0
2016-11-17,8.6,0.3,33.7,77,1000.4
2016-11-18,4.8,0.0,23.3,79,995.3
2016-11-19,4.3,2.2,19.4,85,1000.1
2016-11-20,6.7,15.8,31.7,90,986.9
2016-11-21,9.2,12.9,28.3,92,989.1
2016-11-22,9.1,1.5,30.0,85,999.4
2016-11-23,7.3,0.0,23.2,92,1016.8
2016-11-24,8.7,0.0,29.2,82,1022.5
2016-11-25,7.0,0.0,25.1,76,1021.5
2016-11-26,5.2,0.0,14.3,91,1020.7
2016-11-27,6.4,0.0,19.6,86,1024.5
2016-11-28,5.1,0.0,17.7,71,1029.7
2016-11-29,0.5,0.0,10.0,85,1033.7
2016-11-30,-0.7,0.0,9.4,90,1034.3
2016-12-01,1.0,0.0,10.2,91,1030.4
2016-12-02,3.2,0.0,9.5,96,1026.6
2016-12-03,4.3,0.0,17.2,83,1025.2
2016-12-04,2.2,0.0,18.1,84,1023.7
2016-12-05,1.7,0.0,10.0,95,1024.3
2016-12-06,6.3,0.0,12.2,98,1026.8
2016-12-07,10.0,0.0,20.5,92,1026.0
2016-12-08,11.2,0.4,21.6,92,1025.3
2016-12-09,11.2,0.0,19.2,93,1025.2
2016-12-10,11.3,5.4,26.0,93,1020.6
2016-12-11,6.2,0.0,14.8,92,1024.3
2016-12-12,6.7,1.4,16.4,97,1022.3
2016-12-13,10.3,0.0,17.3,98,1019.8
2016-12-14,8.6,0.0,15.5,91,1019.6
2016-12-15,7.2,0.0,15.5,95,1018.9
2016-12-16,8.4,0.0,10.7,95,1024.7
2016-12-17,7.1,0.0,7.2,99,1037.2
2016-12-18,6.9,0.1,5.7,96,1035.9
2016-12-19,5.5,0.0,10.1,92,1027.1
2016-12-20,4.0,0.0,18.8,89,1021.0
2016-12-21,8.6,0.4,25.1,88,1019.2
2016-12-22,5.5,0.0,15.8,92,1027.1
2016-12-23,7.9,1.0,35.3,91,1025.6
2016-12-24,7.3,0.0,26.3,79,1025.8
2016-12-25,10.4,0.0,28.5,85,1023.1
2016-12-26,6.8,0.2,25.6,75,1031.2
2016-12-27,1.5,0.0,11.9,91,1043.4
2016-12-28,1.9,0.0,11.8,96,1042.4
2016-12-29,1.0,0.0,11.2,96,1037.1
2016-12-30,2.1,0.0,9.8,99,1036.1
2016-12-31,6.3,0.0,14.8,97,1030.5
2017-01-01,5.8,9.8,25.9,92,1018.3
2017-01-02,1.3,0.1,16.2,89,1028.2
2017-01-03,0.9,0.0,18.8,90,1027.9
2017-01-04,4.1,0.0,19.0,82,1025.3
2017-01-05,0.2,0.0,12.2,87,1034.2
2017-01-06,2.1,2.8,16.9,92,1036.0
2017-01-07,6.3,5.0,18.7,98,1032.0
2017-01-08,6.8,1.5,7.4,97,1031.9
2017-01-09,7.5,2.5,26.8,92,1019.0
2017-01-10,5.6,0.2,18.6,87,1010.9
2017-01-11,7.4,0.0,25.4,76,1011.0
2017-01-12,4.2,17.8,34.1,82,1004.5
2017-01-13,1.8,1.1,33.4,77,1008.4
2017-01-14,1.4,2.0,19.5,85,1019.8
2017-01-15,4.9,8.1,19.5,94,1022.4
2017-01-16,3.7,2.4,8.9,95,1027.8
2017-01-17,0.7,0.0,10.3,88,1036.0
2017-01-18,-1.2,0.0,10.8,82,1038.9
2017-01-19,0.3,0.0,12.2,88,1037.2
2017-01-20,0.4,0.0,16.5,86,1033.5
2017-01-21,-1.0,0.0,13.4,83,1028.0
2017-01-22,-0.6,0.0,10.5,89,1027.1
2017-01-23,-0.7,0.0,9.7,97,1028.2
2017-01-24,1.3,0.0,11.8,96,1028.2
2017-01-25,0.9,0.0,9.8,97,1027.8
2017-01-26,-1.2,0.0,15.9,84,1020.1
2017-01-27,1.8,0.0,19.5,87,1010.9
2017-01-28,5.5,0.5,23.3,86,1010.3
2017-01-29,5.4,10.1,30.7,92,1011.7
2017-01-30,7.0,0.6,19.7,93,1010.8
2017-01-31,6.8,3.6,17.7,94,1013.1
2017-02-01,9.8,3.2,23.2,94,1006.6
2017-02-02,10.0,1.4,29.5,86,997.2
2017-02-03,7.8,2.3,32.4,83,995.1
2017-02-04,4.1,4.6,17.9,90,997.3
2017-02-05,4.3,1.6,18.9,89,1003.2
2017-02-06,3.8,3.5,17.4,86,1017.1
2017-02-07,5.9,1.0,16.6,87,1014.2
2017-02-08,3.0,0.2,12.9,87,1025.9
2017-02-09,1.9,0.0,18.1,80,1027.5
2017-02-10,1.3,0.3,18.7,84,1023.8
2017-02-11,1.6,1.2,19.9,83,1022.3
2017-02-12,3.1,0.5,23.5,87,1022.4
2017-02-13,5.1,0.0,30.0,83,1022.1
2017-02-14,6.4,0.0,16.8,82,1023.4
2017-02-15,8.0,2.2,21.7,92,1027.6
2017-02-16,7.3,0.5,18.7,85,1029.3
2017-02-17,7.4,0.1,13.9,87,1027.8
2017-02-18,6.8,0.0,16.4,88,1025.0
2017-02-19,7.4,0.0,17.1,88,1022.5
2017-02-20,11.6,0.0,26.8,89,1018.6
2017-02-21,11.0,1.0,27.5,88,1015.8
2017-02-22,11.6,0.5,32.9,81,1008.2
2017-02-23,9.0,1.9,53.4,73,997.7
2017-02-24,5.1,0.0,22.4,69,1015.6
2017-02-25,8.3,1.8,36.2,82,1013.4
2017-02-26,10.3,1.1,35.0,82,1005.6
2017-02-27,6.9,10.7,29.2,84,990.1
2017-02-28,4.1,3.7,29.1,81,988.3
2017-03-01,6.1,0.6,34.6,83,998.2
2017-03-02,6.7,0.0,41.1,63,1007.8
2017-03-03,7.8,4.4,23.1,86,998.8
2017-03-04,7.8,1.0,25.3,81,989.3
2017-03-05,6.5,6.9,34.8,78,991.1
2017-03-06,6.1,0.6,23.4,77,1004.1
2017-03-07,6.3,1.0,16.9,79,1016.4
2017-03-08,10.3,5.8,25.2,88,1012.5
2017-03-09,11.0,0.0,23.3,79,1020.3
2017-03-10,8.7,0.1,14.8,88,1024.9
2017-03-11,11.2,0.0,13.6,84,1018.2
2017-03-12,10.1,2.0,16.9,85,1014.7
2017-03-13,9.9,0.0,16.7,76,1028.1
2017-03-14,10.3,0.0,18.5,87,1032.0
2017-03-15,10.5,0.0,10.2,86,1032.2
2017-03-16,9.2,0.0,21.9,85,1022.9
2017-03-17,8.0,0.7,33.0,75,1017.0
2017-03-18,12.0,0.8,33.2,83,1010.0
2017-03-19,12.3,0.1,36.1,76,1008.9
2017-03-20,10.1,4.4,35.5,88,1004.3
2017-03-21,6.7,0.5,26.3,66,1008.7
2017-03-22,6.2,3.2,31.1,80,1006.6
2017-03-23,7.6,6.4,33.2,80,1015.0
2017-03-24,7.9,0.0,29.0,82,1027.9
2017-03-25,8.3,0.0,29.8,61,1029.1
2017-03-26,8.6,0.0,25.3,70,1024.3
2017-03-27,8.7,0.0,14.7,83,1021.8
2017-03-28,10.1,0.3,25.4,81,1020.0
2017-03-29,12.6,0.4,27.5,80,1021.6
2017-03-30,14.4,1.7,20.0,69,1018.5
2017-03-31,12.5,0.0,29.8,73,1010.0
2017-04-01,10.5,0.0,24.1,78,1009.7
2017-04-02,9.6,0.1,10.3,78,1021.3
2017-04-03,9.8,0.0,19.6,79,1025.1
2017-04-04,11.0,1.1,20.7,82,1025.7
2017-04-05,9.8,0.0,14.9,71,1030.6
2017-04-06,10.4,0.0,10.2,75,1030.4
2017-04-07,10.1,0.0,9.5,78,1027.1
2017-04-08,11.0,0.0,10.9,78,1023.6
2017-04-09,13.6,0.0,20.8,70,1020.2
2017-04-10,10.1,0.0,20.0,65,1025.2
2017-04-11,9.8,0.0,18.7,69,1027.0
2017-04-12,10.4,0.0,26.2,73,1018.8
2017-04-13,9.6,0.0,14.3,67,1018.0
2017-04-14,10.6,0.3,21.4,71,1016.5
2017-04-15,10.0,0.4,22.7,67,1018.0
2017-04-16,9.5,0.0,22.7,71,1021.6
2017-04-17,9.2,0.0,17.1,70,1022.6
2017-04-18,7.4,0.0,24.5,63,1030.8
2017-04-19,6.9,0.0,11.9,66,1036.6
2017-04-20,9.4,0.0,15.9,70,1035.8
2017-04-21,11.4,0.0,18.5,75,1031.4
2017-04-22,10.2,0.6,12.4,75,1028.4
2017-04-23,10.3,0.6,13.0,70,1025.8
2017-04-24,9.3,0.9,20.4,72,1015.7
2017-04-25,5.6,0.7,19.3,55,1013.6
2017-04-26,5.5,2.3,25.2,69,1017.7
2017-04-27,6.1,1.0,19.9,74,1018.7
2017-04-28,9.3,1.9,12.3,73,1016.6
2017-04-29,11.0,0.1,23.0,62,1014.5
2017-04-30,12.4,2.7,25.3,60,1002.1
2017-05-01,10.2,4.6,22.6,76,1004.6
2017-05-02,11.1,1.2,17.6,76,1018.8
2017-05-03,9.1,0.7,26.2,80,1021.9
2017-05-04,10.8,0.2,24.4,78,1022.0
2017-05-05,10.9,0.0,33.2,68,1020.5
2017-05-06,11.7,0.2,26.0,75,1013.3
2017-05-07,11.1,0.4,18.6,74,1020.5
2017-05-08,9.3,0.0,22.1,73,1026.2
2017-05-09,9.2,0.0,14.4,67,1022.2
2017-05-10,10.4,0.0,18.0,72,1008.4
2017-05-11,13.5,0.7,17.3,72,996.5
2017-05-12,14.1,4.6,26.0,80,997.1
2017-05-13,13.3,1.1,25.2,72,1007.9
2017-05-14,13.9,1.1,23.2,67,1018.3
2017-05-15,14.0,1.3,27.2,78,1024.3
2017-05-16,17.9,2.3,29.8,76,1023.4
2017-05-17,15.3,25.5,14.8,90,1016.3
2017-05-18,12.5,12.8,10.8,79,1012.1
2017-05-19,11.0,7.1,14.8,83,1011.7
2017-05-20,11.6,1.8,28.5,75,1017.8
2017-05-21,13.6,0.0,16.2,73,1023.2
2017-05-22,16.5,0.0,17.0,67,1016.3
2017-05-23,15.8,0.0,15.1,80,1020.7
2017-05-24,18.1,0.0,10.5,76,1025.2
2017-05-25,18.2,0.0,19.1,72,1023.7
2017-05-26,18.9,0.0,22.4,69,1017.8
2017-05-27,18.0,0.8,29.6,74,1014.0
2017-05-28,17.5,0.3,12.6,72,1017.2
2017-05-29,17.3,5.6,21.1,86,1012.1
2017-05-30,16.8,0.4,23.6,76,1015.2
2017-05-31,16.8,0.9,10.8,77,1022.0
2017-06-01,17.0,0.0,12.1,75,1020.7
2017-06-02,17.3,3.3,10.6,79,1015.7
2017-06-03,16.4,0.2,23.6,70,1014.2
2017-06-04,14.1,0.9,25.3,70,1015.9
2017-06-05,14.1,7.9,35.8,78,1007.0
2017-06-06,12.8,12.2,41.9,73,995.6
2017-06-07,14.3,0.6,33.7,65,1010.7
2017-06-08,15.3,1.4,36.4,79,1010.1
2017-06-09,15.7,0.7,27.4,75,1011.0
2017-06-10,17.4,0.0,29.4,72,1016.3
2017-06-11,17.6,0.1,31.3,72,1013.9
2017-06-12,15.0,0.9,28.5,70,1017.1
2017-06-13,16.2,0.0,10.1,74,1019.5
2017-06-14,18.7,0.0,14.9,65,1016.8
2017-06-15,17.7,0.0,29.3,67,1014.5
2017-06-16,17.2,0.0,18.6,70,1023.5
2017-06-17,21.0,0.0,14.5,74,1026.3
2017-06-18,22.9,0.0,9.4,69,1023.2
2017-06-19,23.3,0.0,14.7,67,1019.0
2017-06-20,22.0,0.0,19.1,69,1017.6
2017-06-21,23.8,0.0,15.5,68,1014.2
2017-06-22,21.1,1.3,27.6,69,1011.5
2017-06-23,18.4,0.0,28.5,67,1015.5
2017-06-24,18.6,3.1,27.7,76,1013.3
2017-06-25,18.1,1.2,29.4,68,1012.0
2017-06-26,17.5,2.8,15.8,57,1013.7
2017-06-27,17.0,19.5,15.5,80,1006.5
2017-06-28,15.0,7.0,18.1,87,997.5
2017-06-29,14.3,0.4,16.6,80,996.1
2017-06-30,17.0,0.3,16.4,75,1003.9
2017-07-01,17.3,0.0,19.0,71,1015.3
2017-07-02,17.8,0.4,18.8,64,1020.3
2017-07-03,17.6,0.2,21.7,71,1020.3
2017-07-04,18.3,0.1,12.9,75,1019.7
2017-07-05,19.9,0.0,15.0,68,1018.2
2017-07-06,21.4,5.0,17.9,74,1014.4
2017-07-07,21.6,0.0,18.8,66,1015.6
2017-07-08,20.4,0.0,13.7,65,1017.8
2017-07-09,20.7,0.1,14.5,68,1012.7
2017-07-10,19.4,1.3,19.5,69,1008.2
2017-07-11,16.2,8.5,22.2,80,1009.2
2017-07-12,16.7,4.5,27.4,72,1014.5
2017-07-13,16.5,0.1,13.1,65,1021.4
2017-07-14,16.7,1.3,20.4,69,1019.5
2017-07-15,17.4,2.4,22.4,79,1021.7
2017-07-16,20.3,1.0,16.9,78,1022.4
2017-07-17,19.1,0.4,15.1,63,1022.9
2017-07-18,20.1,2.7,27.5,71,1016.1
2017-07-19,20.0,1.3,28.3,80,1005.7
2017-07-20,17.1,2.3,25.8,74,1007.6
2017-07-21,17.5,4.5,29.5,66,1008.4
2017-07-22,15.0,12.7,22.7,80,1007.9
2017-07-23,15.0,1.3,20.4,79,1010.9
2017-07-24,15.7,2.8,27.7,82,1013.6
2017-07-25,16.8,0.0,14.5,75,1015.4
2017-07-26,17.0,1.5,25.9,87,1007.6
2017-07-27,16.7,1.3,25.8,69,1006.4
2017-07-28,16.8,0.6,33.1,76,1008.0
2017-07-29,17.0,12.8,27.3,83,1007.3
2017-07-30,16.9,4.7,27.8,75,1005.6
2017-07-31,16.6,0.0,22.4,72,1011.2
2017-08-01,16.7,0.5,23.9,75,1014.4
2017-08-02,16.7,4.5,30.4,86,1011.8
2017-08-03,18.0,0.5,39.8,76,1006.8
2017-08-04,17.3,0.0,26.3,73,1011.1
2017-08-05,16.1,0.5,19.1,71,1016.5
2017-08-06,15.5,0.0,20.3,73,1021.6
2017-08-07,16.2,3.4,17.5,83,1017.1
2017-08-08,15.0,3.0,20.1,86,1010.8
2017-08-09,13.6,14.2,26.3,88,1015.3
2017-08-10,14.7,0.0,22.6,77,1022.9
2017-08-11,15.4,0.0,23.8,78,1018.6
2017-08-12,17.6,0.2,20.9,76,1015.6
2017-08-13,15.8,0.0,11.3,67,1020.8
2017-08-14,16.7,0.0,18.9,71,1017.1
2017-08-15,17.2,2.3,16.2,75,1015.1
2017-08-16,15.6,0.9,19.7,76,1018.7
2017-08-17,18.7,3.6,25.3,80,1011.2
2017-08-18,16.1,3.2,29.3,73,1010.8
2017-08-19,15.7,0.0,27.5,67,1016.8
2017-08-20,15.7,5.9,18.2,74,1022.9
2017-08-21,16.6,3.1,15.5,86,1021.2
2017-08-22,18.3,0.6,16.2,86,1018.6
2017-08-23,18.5,0.1,21.0,80,1013.3
2017-08-24,16.6,0.0,17.4,77,1016.7
2017-08-25,16.7,0.0,13.8,77,1016.9
2017-08-26,18.3,0.0,13.0,75,1016.1
2017-08-27,19.0,0.0,9.1,73,1018.1
2017-08-28,19.9,0.0,11.0,77,1017.4
2017-08-29,19.3,1.3,17.6,78,1013.2
2017-08-30,13.7,8.4,18.4,81,1013.0
2017-08-31,13.3,7.4,22.0,85,1016.8
2017-09-01,14.8,0.2,12.1,70,1021.2
2017-09-02,15.1,0.3,12.3,72,1021.7
2017-09-03,14.7,3.6,20.2,82,1013.3
2017-09-04,17.7,3.8,17.8,88,1011.7
2017-09-05,17.4,1.5,25.3,86,1013.5
2017-09-06,14.8,0.2,21.8,72,1018.4
2017-09-07,15.4,0.1,22.2,76,1013.6
2017-09-08,15.2,5.4,23.1,84,999.6
2017-09-09,13.0,0.4,22.3,79,997.6
2017-09-10,13.1,1.6,34.7,83,998.3
2017-09-11,14.0,4.2,36.9,72,993.7
2017-09-12,13.8,3.4,38.3,74,1003.7
2017-09-13,14.2,1.2,42.7,69,998.7
2017-09-14,12.0,0.5,28.5,74,1007.6
2017-09-15,10.9,8.4,14.4,82,1012.7
2017-09-16,10.6,3.6,13.0,86,1011.5
2017-09-17,11.2,1.7,13.1,84,1013.5
2017-09-18,12.0,2.6,17.7,82,1017.4
2017-09-19,11.4,1.1,10.2,80,1021.1
2017-09-20,13.8,0.6,20.1,83,1018.7
2017-09-21,14.7,1.8,28.7,84,1015.7
2017-09-22,12.9,0.6,17.7,77,1021.2
2017-09-23,14.5,0.0,14.8,77,1021.7
2017-09-24,15.8,0.2,17.6,75,1019.3
2017-09-25,14.9,10.2,11.5,91,1019.5
2017-09-26,15.5,0.1,12.3,85,1022.0
2017-09-27,15.8,5.7,17.1,85,1019.5
2017-09-28,16.3,2.7,16.0,84,1018.0
2017-09-29,16.2,1.4,25.2,84,1016.0
2017-09-30,13.4,1.3,19.4,81,1016.3
2017-10-01,16.1,1.0,30.0,88,1010.9
2017-10-02,14.5,0.5,29.2,72,1012.9
2017-10-03,11.9,0.0,20.3,72,1022.3
2017-10-04,11.9,0.0,27.6,74,1021.7
2017-10-05,13.7,0.4,32.8,68,1017.0
2017-10-06,11.4,0.0,18.3,72,1025.3
2017-10-07,13.5,0.7,32.1,80,1017.8
2017-10-08,11.8,0.2,12.2,86,1019.8
2017-10-09,13.2,0.8,15.6,85,1018.6
2017-10-10,14.0,0.2,25.1,86,1014.8
2017-10-11,15.1,0.6,36.2,81,1011.1
2017-10-12,12.9,0.0,20.3,80,1019.5
2017-10-13,15.6,0.0,29.0,88,1022.0
2017-10-14,16.1,0.0,22.6,86,1023.7
2017-10-15,15.7,0.0,24.4,86,1018.2
2017-10-16,17.1,0.0,34.4,77,1015.9
2017-10-17,12.5,0.9,26.0,71,1018.7
2017-10-18,13.6,1.5,15.6,90,1011.5
2017-10-19,15.1,8.0,30.5,90,1003.7
2017-10-20,13.2,3.2,36.4,77,1003.9
2017-10-21,13.4,2.8,42.0,77,1002.2
2017-10-22,10.9,0.0,32.1,70,1012.6
2017-10-23,13.1,0.1,15.5,90,1017.6
2017-10-24,16.0,0.0,29.7,88,1017.8
2017-10-25,14.0,0.0,26.0,84,1020.2
2017-10-26,11.6,0.8,9.0,97,1024.7
2017-10-27,10.5,0.0,12.2,84,1032.4
2017-10-28,10.5,0.0,24.5,86,1025.9
2017-10-29,11.5,0.7,24.1,73,1022.8
2017-10-30,6.2,0.0,9.7,84,1030.4
2017-10-31,9.1,1.4,18.4,84,1026.0
2017-11-01,9.6,0.0,11.3,87,1019.1
2017-11-02,8.4,0.1,9.4,92,1015.6
2017-11-03,10.5,0.2,11.5,91,1013.4
2017-11-04,10.7,6.2,20.2,89,1004.6
2017-11-05,5.8,0.1,22.6,82,1014.3
2017-11-06,5.1,0.0,13.7,87,1024.7
2017-11-07,9.5,3.6,19.3,83,1017.8
2017-11-08,6.3,1.7,19.2,82,1022.0
2017-11-09,7.6,0.3,12.6,91,1023.5
2017-11-10,9.1,0.4,25.3,76,1019.7
2017-11-11,7.9,8.2,12.8,92,1011.7
2017-11-12,6.3,2.4,31.4,77,1011.8
2017-11-13,4.0,0.0,17.6,78,1025.3
2017-11-14,8.2,0.3,16.8,86,1023.8
2017-11-15,10.2,0.0,11.0,92,1023.9
2017-11-16,10.0,0.2,16.5,87,1023.2
2017-11-17,3.6,0.0,10.1,88,1029.0
2017-11-18,5.5,3.1,18.7,91,1022.9
2017-11-19,3.7,0.0,11.0,87,1023.3
2017-11-20,10.3,0.8,24.2,86,1015.7
2017-11-21,12.2,1.9,30.3,87,1009.7
2017-11-22,13.8,0.2,40.4,74,998.1
2017-11-23,10.5,2.5,44.1,71,997.5
2017-11-24,4.7,0.6,9.7,88,1010.1
2017-11-25,2.2,0.0,23.3,85,1016.0
2017-11-26,3.8,0.0,21.2,83,1023.5
2017-11-27,8.1,4.1,32.0,82,1013.2
2017-11-28,3.8,0.1,15.9,84,1008.4
2017-11-29,3.3,0.0,23.6,81,1010.1
2017-11-30,0.9,0.0,22.5,75,1011.7
2017-12-01,3.2,0.0,25.6,82,1020.4
2017-12-02,3.6,0.9,12.0,90,1026.9
2017-12-03,7.3,0.7,12.1,93,1026.7
2017-12-04,5.8,0.0,12.4,93,1033.1
2017-12-05,6.3,0.0,14.6,88,1035.1
2017-12-06,8.7,0.0,29.5,77,1027.2
2017-12-07,8.6,5.5,35.9,83,1010.1
2017-12-08,2.2,0.1,28.7,70,1015.0
2017-12-09,0.1,0.0,18.6,84,1014.8
2017-12-10,1.0,22.4,21.4,94,982.3
2017-12-11,1.2,9.6,32.7,90,984.7
2017-12-12,-0.9,1.9,18.6,89,1006.9
2017-12-13,6.0,9.5,34.0,88,996.3
2017-12-14,3.3,0.0,32.9,80,990.7
2017-12-15,3.3,0.7,23.5,86,998.2
2017-12-16,1.7,1.0,14.6,88,1017.4
2017-12-17,3.6,3.8,21.7,95,1022.5
2017-12-18,2.5,0.0,16.2,91,1028.8
2017-12-19,2.6,0.0,11.8,96,1035.0
2017-12-20,8.4,0.0,11.0,97,1035.0
2017-12-21,9.8,0.4,16.9,96,1035.2
2017-12-22,9.3,0.7,12.7,95,1035.7
2017-12-23,9.1,0.2,23.0,94,1033.4
2017-12-24,9.0,0.0,26.6,87,1024.3
2017-12-25,9.7,1.7,39.4,85,1007.7
2017-12-26,5.4,14.7,24.1,86,993.6
2017-12-27,3.1,4.4,39.0,86,987.3
2017-12-28,0.5,0.0,16.7,89,1003.0
2017-12-29,4.5,4.9,33.7,82,997.8
2017-12-30,10.8,3.7,36.6,81,996.5
2017-12-31,10.2,4.0,35.4,85,994.8
2018-01-01,6.0,2.3,30.4,80,998.8
2018-01-02,7.0,7.7,40.6,86,1004.8
2018-01-03,8.4,1.8,43.4,66,995.7
2018-01-04,8.2,4.4,41.1,79,994.5
2018-01-05,5.4,0.8,29.0,84,994.6
2018-01-06,3.0,0.2,22.9,88,1009.3
2018-01-07,3.2,0.0,33.7,74,1024.7
2018-01-08,3.9,0.0,24.0,84,1021.2
2018-01-09,5.1,0.0,11.4,91,1007.7
2018-01-10,6.8,0.8,16.1,92,1004.8
2018-01-11,5.3,0.0,14.0,95,1017.6
2018-01-12,5.7,0.2,12.3,93,1025.6
2018-01-13,5.6,0.1,18.7,85,1020.2
2018-01-14,3.5,0.0,16.1,87,1017.7
2018-01-15,7.5,9.3,37.0,86,998.8
2018-01-16,5.0,0.1,32.5,75,994.7
2018-01-17,4.3,1.0,33.5,67,1004.0
2018-01-18,6.9,1.3,49.4,73,999.8
2018-01-19,2.6,0.0,25.3,82,1008.7
2018-01-20,2.6,6.2,15.9,94,1003.5
2018-01-21,3.9,8.9,21.3,96,1011.5
2018-01-22,7.4,0.1,19.4,88,1011.9
2018-01-23,9.7,0.2,29.2,92,1015.5
2018-01-24,9.7,8.1,44.8,87,1007.3
2018-01-25,6.7,0.3,23.3,82,1007.8
2018-01-26,3.8,0.0,12.3,88,1018.7
2018-01-27,6.7,1.2,30.4,89,1025.9
2018-01-28,10.7,0.0,28.7,88,1029.8
2018-01-29,8.8,0.3,32.2,79,1027.6
2018-01-30,3.5,0.1,24.2,90,1026.4
2018-01-31,6.4,2.7,33.0,78,1005.0
2018-02-01,4.0,0.5,29.5,74,1002.7
2018-02-02,3.7,0.0,26.9,78,1010.4
2018-02-03,2.5,3.6,12.3,90,1007.9
2018-02-04,2.3,0.0,25.7,80,1023.6
2018-02-05,0.8,0.2,21.0,85,1026.0
2018-02-06,0.4,0.0,20.3,79,1017.9
2018-02-07,1.4,0.3,21.8,75,1020.0
2018-02-08,2.1,0.0,24.0,82,1017.7
2018-02-09,4.2,5.7,29.3,78,1010.4
2018-02-10,3.8,3.6,31.4,89,1011.1
2018-02-11,4.5,0.7,31.7,71,1003.5
2018-02-12,1.9,0.1,17.9,73,1013.9
2018-02-13,3.8,3.5,32.1,86,1002.4
2018-02-14,3.4,6.1,31.7,89,1005.0
2018-02-15,7.0,0.0,23.6,77,1009.9
2018-02-16,3.4,0.0,15.7,81,1024.0
2018-02-17,4.2,0.0,10.9,82,1022.2
2018-02-18,5.4,0.0,13.8,85,1021.8
2018-02-19,7.7,4.7,15.0,95,1016.9
2018-02-20,7.7,2.2,30.3,85,1020.1
2018-02-21,4.2,0.2,15.8,81,1026.6
2018-02-22,2.4,0.0,21.4,75,1024.1
2018-02-23,2.0,0.0,24.1,69,1021.3
2018-02-24,1.3,0.0,26.5,70,1021.9
2018-02-25,0.6,0.0,24.9,66,1027.8
2018-02-26,-0.5,0.1,27.5,63,1030.4
2018-02-27,-2.8,0.9,19.6,71,1024.3
2018-02-28,-3.3,0.7,31.5,65,1016.6
2018-03-01,-2.0,4.2,37.6,72,1001.4
2018-03-02,-0.6,5.1,37.5,82,992.6
2018-03-03,2.2,1.8,24.9,90,992.1
2018-03-04,5.3,1.3,20.1,91,989.8
2018-03-05,6.8,1.1,22.7,85,988.3
2018-03-06,6.3,1.1,16.0,85,988.1
2018-03-07,4.8,4.9,21.3,86,994.1
2018-03-08,5.8,5.0,36.9,76,996.6
2018-03-09,6.0,6.3,20.0,87,1001.2
2018-03-10,10.4,0.7,25.9,90,994.9
2018-03-11,8.1,3.6,18.1,90,990.8
2018-03-12,8.3,9.7,20.9,90,988.3
2018-03-13,6.9,1.3,21.9,84,1006.5
2018-03-14,8.0,0.0,29.5,74,1002.7
2018-03-15,8.9,7.0,24.8,84,989.4
2018-03-16,8.5,1.2,19.8,81,998.2
2018-03-17,1.4,3.3,34.2,77,1005.7
2018-03-18,-0.1,4.9,34.0,78,1008.4
2018-03-19,0.6,0.0,30.9,66,1015.3
2018-03-20,3.7,0.0,29.5,73,1027.9
2018-03-21,3.8,0.0,18.0,76,1030.8
2018-03-22,6.5,0.0,20.4,77,1019.3
2018-03-23,8.1,0.4,28.0,74,1001.1
2018-03-24,7.5,2.2,11.3,88,1000.6
2018-03-25,7.5,0.9,12.4,83,1010.6
2018-03-26,6.8,0.2,13.6,71,1017.0
2018-03-27,8.2,5.3,23.0,81,1007.3
2018-03-28,5.2,11.2,20.4,89,1003.7
2018-03-29,4.6,4.8,23.7,87,1001.2
2018-03-30,5.0,8.9,30.4,92,994.3
2018-03-31,5.4,1.4,21.6,86,997.2
2018-04-01,5.5,2.0,18.7,76,1010.7
2018-04-02,8.4,9.4,23.0,88,999.3
2018-04-03,10.3,3.4,30.3,84,994.5
2018-04-04,9.6,2.2,39.0,79,994.1
2018-04-05,7.0,0.0,25.3,67,1014.0
2018-04-06,9.2,0.0,24.1,75,1010.9
2018-04-07,11.3,0.6,23.2,83,1005.4
2018-04-08,9.8,3.9,11.5,93,1007.8
2018-04-09,8.7,5.8,17.3,94,1006.4
2018-04-10,10.3,4.5,22.9,89,1001.7
2018-04-11,10.1,1.7,14.0,88,1006.4
2018-04-12,9.2,1.6,17.3,91,1003.1
2018-04-13,8.7,1.0,12.8,85,1007.5
2018-04-14,11.0,0.0,15.2,81,1015.9
2018-04-15,10.5,1.2,21.6,86,1009.5
2018-04-16,10.6,0.2,25.8,73,1013.8
2018-04-17,13.4,0.0,30.4,67,1020.3
2018-04-18,16.1,0.0,17.9,71,1026.5
2018-04-19,17.4,0.0,13.4,70,1023.3
2018-04-20,16.8,0.0,12.1,78,1022.9
2018-04-21,16.3,0.0,14.5,76,1019.6
2018-04-22,15.9,4.2,21.9,77,1010.4
2018-04-23,11.2,0.0,23.6,74,1015.5
2018-04-24,12.3,0.7,34.9,80,1013.0
2018-04-25,10.3,1.4,30.9,73,1011.7
2018-04-26,9.7,1.0,28.8,68,1015.4
2018-04-27,9.5,12.1,20.0,88,1007.1
2018-04-28,8.5,4.1,14.5,90,1009.1
2018-04-29,7.3,0.5,28.5,80,1010.5
2018-04-30,6.3,8.3,33.7,78,1005.8
2018-05-01,8.3,0.0,28.7,69,1009.4
2018-05-02,9.2,4.7,32.7,80,1006.5
2018-05-03,9.9,0.0,13.6,73,1018.7
2018-05-04,13.3,0.0,10.3,73,1023.3
2018-05-05,13.5,0.0,12.2,70,1025.3
2018-05-06,14.5,0.0,11.9,72,1022.3
2018-05-07,16.4,0.0,12.7,70,1017.3
2018-05-08,16.5,0.0,20.0,76,1010.1
2018-05-09,13.7,0.0,20.6,72,1008.9
2018-05-10,12.2,1.1,20.5,67,1014.7
2018-05-11,12.8,0.0,24.3,64,1015.5
2018-05-12,12.0,16.3,12.4,83,1012.3
2018-05-13,12.1,0.3,11.4,75,1014.9
2018-05-14,13.5,0.0,23.8,61,1019.7
2018-05-15,15.0,0.0,20.4,69,1020.0
2018-05-16,12.3,0.5,29.3,72,1024.4
2018-05-17,10.7,0.0,19.6,68,1027.1
2018-05-18,10.7,0.0,11.6,72,1025.5
2018-05-19,12.5,0.0,14.9,75,1024.0
2018-05-20,13.0,0.0,16.6,78,1022.1
2018-05-21,15.0,3.7,13.0,78,1016.0
2018-05-22,15.2,0.0,25.7,73,1016.5
2018-05-23,14.4,0.0,24.2,75,1022.2
2018-05-24,15.5,4.5,16.8,80,1019.5
2018-05-25,15.7,0.6,11.9,80,1017.7
2018-05-26,17.9,2.1,27.8,82,1018.5
2018-05-27,18.9,9.3,17.8,83,1015.8
2018-05-28,19.1,4.2,18.6,86,1018.0
2018-05-29,16.4,4.2,24.5,87,1015.7
2018-05-30,16.0,5.8,13.5,89,1012.9
2018-05-31,17.4,4.3,15.9,88,1014.9
2018-06-01,17.9,1.6,13.7,84,1017.3
2018-06-02,18.0,0.4,17.8,78,1018.0
2018-06-03,18.6,0.0,17.6,76,1018.2
2018-06-04,15.8,0.2,18.5,85,1016.2
2018-06-05,14.5,0.0,19.1,76,1016.4
2018-06-06,14.5,0.0,15.8,74,1015.4
2018-06-07,15.4,4.6,13.2,79,1016.3
2018-06-08,16.5,0.0,13.0,75,1016.8
2018-06-09,15.7,1.8,14.4,80,1016.0
2018-06-10,16.6,0.0,15.8,78,1014.7
2018-06-11,16.2,0.0,17.1,72,1013.8
2018-06-12,14.6,0.4,18.9,75,1016.5
2018-06-13,14.7,0.1,22.0,72,1017.9
2018-06-14,16.7,0.8,35.7,72,1011.9
2018-06-15,16.0,0.1,18.1,68,1016.0
2018-06-16,15.4,0.7,30.3,70,1014.1
2018-06-17,15.1,0.2,28.0,75,1016.0
2018-06-18,18.6,0.6,25.2,74,1018.5
2018-06-19,19.5,0.0,20.9,76,1022.2
2018-06-20,18.8,0.1,24.4,76,1019.9
2018-06-21,15.1,0.0,23.5,52,1025.2
2018-06-22,15.2,0.0,11.5,59,1029.8
2018-06-23,17.0,0.0,14.6,58,1027.8
2018-06-24,17.9,0.0,11.5,59,1025.1
2018-06-25,20.2,0.0,11.0,57,1025.5
2018-06-26,19.1,0.0,19.2,63,1026.1
2018-06-27,17.7,0.0,17.4,66,1025.6
2018-06-28,19.7,0.0,22.7,64,1024.2
2018-06-29,19.6,0.0,20.7,62,1021.3
2018-06-30,19.3,0.0,23.8,60,1016.2
2018-07-01,22.3,0.0,19.4,52,1013.3
2018-07-02,21.6,0.0,25.7,45,1015.9
2018-07-03,19.5,0.0,27.0,52,1017.4
2018-07-04,19.2,0.8,11.9,66,1015.2
2018-07-05,22.0,0.2,11.4,67,1015.1
2018-07-06,22.9,0.0,19.6,63,1020.0
2018-07-07,23.3,0.0,16.5,62,1023.2
2018-07-08,22.7,0.0,17.5,57,1025.2
2018-07-09,21.5,0.4,26.9,64,1025.0
2018-07-10,17.7,0.0,19.3,63,1023.6
2018-07-11,18.0,0.3,16.0,69,1021.6
2018-07-12,18.5,0.3,11.4,71,1021.4
2018-07-13,19.1,5.4,11.2,76,1021.8
2018-07-14,20.6,0.8,10.7,69,1020.0
2018-07-15,21.7,0.0,9.8,57,1015.7
2018-07-16,21.9,0.0,16.6,54,1013.1
2018-07-17,19.2,0.1,20.8,58,1015.5
2018-07-18,20.0,0.0,9.7,60,1018.2
2018-07-19,21.5,0.0,16.3,54,1018.0
2018-07-20,20.2,0.8,12.3,62,1014.2
2018-07-21,21.4,0.0,8.7,64,1013.6
2018-07-22,22.5,0.0,13.8,62,1015.3
2018-07-23,24.0,0.0,20.6,58,1015.8
2018-07-24,22.9,0.3,20.4,65,1014.3
2018-07-25,23.6,0.0,16.9,58,1015.9
2018-07-26,25.4,6.0,18.3,60,1013.2
2018-07-27,23.2,6.2,20.7,70,1009.4
2018-07-28,18.4,1.8,40.5,66,1006.5
2018-07-29,18.1,6.7,44.1,82,1006.2
2018-07-30,19.6,0.4,33.1,75,1010.6
2018-07-31,18.7,4.2,22.1,70,1016.2
2018-08-01,18.6,0.0,17.4,68,1021.0
2018-08-02,21.1,0.0,14.1,70,1022.9
2018-08-03,24.4,0.0,16.8,65,1021.7
2018-08-04,23.1,0.0,13.7,61,1022.9
2018-08-05,21.5,0.0,17.2,64,1022.6
2018-08-06,23.1,0.0,12.4,59,1014.7
2018-08-07,23.0,5.2,19.2,64,1007.8
2018-08-08,19.1,0.4,23.9,56,1010.7
2018-08-09,15.7,10.5,14.2,81,1013.6
2018-08-10,14.6,5.5,27.3,74,1017.8
2018-08-11,15.5,0.1,19.5,72,1021.3
2018-08-12,17.7,6.6,25.7,82,1010.6
2018-08-13,18.5,1.0,17.5,79,1007.1
2018-08-14,18.7,0.0,18.9,70,1015.6
2018-08-15,19.0,0.0,23.8,77,1017.1
2018-08-16,17.2,9.4,29.0,78,1013.8
2018-08-17,16.2,0.0,22.1,70,1019.3
2018-08-18,18.3,0.1,21.9,73,1020.6
2018-08-19,20.0,0.0,30.3,77,1018.5
2018-08-20,20.3,1.4,16.3,79,1019.8
2018-08-21,20.4,0.1,12.4,76,1018.9
2018-08-22,19.4,0.0,15.3,79,1016.7
2018-08-23,18.2,1.0,22.7,76,1012.6
2018-08-24,14.2,3.9,27.8,67,1013.1
2018-08-25,13.3,1.1,19.1,69,1014.5
2018-08-26,14.3,12.9,32.0,86,1009.4
2018-08-27,16.7,0.0,23.4,73,1011.6
2018-08-28,16.3,0.0,10.6,76,1017.0
2018-08-29,15.4,1.2,16.4,79,1015.7
2018-08-30,15.0,0.0,13.8,69,1022.8
2018-08-31,15.1,0.7,13.0,77,1023.5
2018-09-01,16.3,0.0,14.4,71,1025.4
2018-09-02,16.1,0.0,12.4,67,1024.2
2018-09-03,16.1,0.0,8.3,75,1020.6
2018-09-04,15.9,0.0,18.0,75,1020.5
2018-09-05,16.5,0.0,16.6,76,1020.5
2018-09-06,15.5,0.3,19.8,72,1016.2
2018-09-07,13.3,0.0,23.2,65,1016.0
2018-09-08,14.0,1.2,21.4,75,1018.1
2018-09-09,17.5,0.5,25.7,73,1017.8
2018-09-10,16.4,0.0,21.7,72,1021.0
2018-09-11,18.9,1.5,34.4,81,1019.0
2018-09-12,14.1,3.3,15.5,79,1022.5
2018-09-13,13.2,0.0,15.2,70,1022.7
2018-09-14,13.6,0.0,22.8,74,1020.7
2018-09-15,15.0,0.0,13.8,76,1023.1
2018-09-16,17.1,0.0,25.3,75,1018.5
2018-09-17,19.2,0.0,21.4,68,1013.8
2018-09-18,18.9,0.0,38.1,72,1008.9
2018-09-19,18.8,0.2,41.9,76,1012.3
2018-09-20,18.5,3.0,40.7,78,1009.1
2018-09-21,13.8,6.4,43.3,65,1008.2
2018-09-22,11.7,5.1,17.1,82,1017.4
2018-09-23,10.3,13.3,25.2,78,1019.2
2018-09-24,9.7,0.0,11.0,71,1036.8
2018-09-25,10.0,0.0,14.5,74,1037.6
2018-09-26,12.4,0.0,14.0,75,1032.6
2018-09-27,13.7,0.0,14.3,72,1026.5
2018-09-28,12.4,0.0,23.8,68,1029.8
2018-09-29,10.2,0.0,10.3,76,1028.0
2018-09-30,10.3,0.1,17.8,76,1020.1
2018-10-01,10.4,0.0,18.4,65,1025.2
2018-10-02,14.7,0.4,29.0,77,1020.6
2018-10-03,13.9,0.1,15.5,81,1026.6
2018-10-04,13.3,0.0,16.8,88,1024.3
2018-10-05,14.4,0.0,13.4,85,1015.2
2018-10-06,10.4,7.6,27.0,91,1011.3
2018-10-07,9.4,0.0,23.5,73,1022.1
2018-10-08,11.4,0.0,19.1,78,1021.0
2018-10-09,13.3,0.0,18.1,80,1018.4
2018-10-10,15.7,0.0,16.6,82,1012.1
2018-10-11,16.9,1.2,26.7,81,1004.9
2018-10-12,17.8,0.0,37.4,69,1010.0
2018-10-13,20.7,0.0,31.3,68,1009.4
2018-10-14,13.5,16.3,23.1,90,1006.3
2018-10-15,13.2,4.4,19.6,93,1010.6
2018-10-16,15.1,0.0,21.3,87,1015.6
2018-10-17,13.0,1.0,12.3,91,1019.5
2018-10-18,11.6,0.0,20.7,82,1026.2
2018-10-19,8.7,0.0,9.9,82,1026.8
2018-10-20,9.8,0.0,10.5,89,1030.7
2018-10-21,11.7,0.4,21.5,85,1028.1
2018-10-22,9.1,0.1,19.8,74,1035.9
2018-10-23,10.9,0.0,20.8,77,1030.9
2018-10-24,11.6,0.0,13.4,85,1028.4
2018-10-25,9.2,0.0,14.6,84,1021.7
2018-10-26,8.0,1.4,24.4,79,1011.8
2018-10-27,4.9,0.2,23.8,72,1013.9
2018-10-28,6.0,0.8,27.5,78,1017.6
2018-10-29,4.8,0.0,21.0,77,1007.4
2018-10-30,6.2,0.0,26.2,80,996.9
2018-10-31,7.1,1.2,20.8,79,1006.7
2018-11-01,8.7,6.7,17.5,92,1006.2
2018-11-02,4.4,0.0,11.2,85,1023.6
2018-11-03,9.0,0.0,29.2,75,1022.9
2018-11-04,9.6,0.2,20.9,81,1010.9
2018-11-05,11.1,0.2,12.5,90,1004.0
2018-11-06,12.0,0.5,23.2,91,999.7
2018-11-07,11.6,6.2,36.1,86,998.1
2018-11-08,9.3,0.0,27.5,78,1013.8
2018-11-09,10.4,4.7,38.0,83,1004.3
2018-11-10,11.0,7.4,28.1,89,994.3
2018-11-11,10.2,0.2,28.0,83,999.2
2018-11-12,10.8,1.1,23.5,85,1009.3
2018-11-13,10.0,0.0,22.9,83,1020.2
2018-11-14,10.4,0.0,19.2,86,1022.4
2018-11-15,12.3,0.0,14.5,94,1020.9
2018-11-16,10.4,0.6,13.2,93,1025.0
2018-11-17,8.0,0.0,20.1,86,1026.9
2018-11-18,7.2,0.0,23.7,79,1027.0
2018-11-19,6.6,1.4,26.5,78,1020.3
2018-11-20,3.9,6.7,25.9,88,1008.8
2018-11-21,2.9,0.9,19.8,88,1012.3
2018-11-22,0.6,0.0,11.9,95,1017.7
2018-11-23,6.6,0.0,14.1,92,1013.9
2018-11-24,7.5,2.1,21.2,92,1009.8
2018-11-25,6.2,0.3,20.8,86,1010.7
2018-11-26,5.5,0.0,14.7,87,1013.5
2018-11-27,5.3,4.2,28.7,94,1013.8
2018-11-28,11.8,4.0,38.6,89,1007.0
2018-11-29,11.5,4.4,43.3,84,1001.9
2018-11-30,8.5,0.4,23.5,82,1006.8
2018-12-01,9.9,6.3,28.8,90,1003.4
2018-12-02,12.9,2.7,26.5,89,997.1
2018-12-03,9.7,1.3,28.8,87,1001.0
2018-12-04,4.5,2.1,8.3,91,1020.5
2018-12-05,10.2,10.4,21.7,92,1014.2
2018-12-06,11.3,1.7,24.7,93,1013.5
2018-12-07,9.9,8.2,35.8,84,1003.6
2018-12-08,9.3,0.2,39.3,76,1002.2
2018-12-09,8.0,1.1,32.8,79,1008.9
2018-12-10,6.1,0.1,20.1,88,1026.3
2018-12-11,4.7,0.0,9.7,93,1025.0
2018-12-12,5.0,0.1,18.7,83,1021.9
2018-12-13,2.4,0.0,24.0,82,1018.2
2018-12-14,1.3,0.0,16.4,81,1022.9
2018-12-15,2.6,10.0,33.7,79,1012.6
2018-12-16,6.1,4.4,17.3,90,1005.9
2018-12-17,6.4,0.0,19.2,90,1015.9
2018-12-18,8.8,5.8,32.2,86,1009.4
2018-12-19,7.4,0.1,21.7,89,1004.6
2018-12-20,7.6,0.7,25.3,86,1005.8
2018-12-21,10.8,4.6,36.4,83,1001.3
2018-12-22,8.6,0.1,28.7,87,1015.1
2018-12-23,9.0,4.4,21.0,93,1017.6
2018-12-24,3.9,0.0,12.0,94,1031.7
2018-12-25,4.5,0.0,13.4,91,1034.2
2018-12-26,7.0,0.0,8.9,92,1030.5
2018-12-27,3.1,0.0,5.8,98,1026.4
2018-12-28,6.2,0.0,10.9,95,1030.2
2018-12-29,8.4,0.0,23.5,94,1032.2
2018-12-30,8.0,1.0,19.8,95,1035.0
2018-12-31,7.2,0.0,12.2,92,1035.5
2019-01-01,6.8,0.2,16.4,87,1035.3
2019-01-02,3.7,0.0,11.9,81,1042.8
2019-01-03,1.9,0.0,9.7,87,1043.1
2019-01-04,-0.5,0.0,9.2,90,1041.9
2019-01-05,1.9,0.0,11.5,89,1038.9
2019-01-06,5.0,0.0,10.2,90,1036.7
2019-01-07,6.8,0.0,24.9,91,1032.0
2019-01-08,5.8,0.0,21.9,79,1027.6
2019-01-09,3.7,0.0,24.3,79,1029.3
2019-01-10,2.6,0.1,12.0,89,1030.3
2019-01-11,4.8,0.0,11.2,91,1029.8
2019-01-12,7.1,1.5,21.3,89,1022.8
2019-01-13,9.5,0.2,30.6,81,1013.9
2019-01-14,6.8,0.1,24.4,77,1019.8
2019-01-15,5.9,0.0,23.1,87,1019.1
2019-01-16,7.0,2.3,29.3,88,1005.7
2019-01-17,2.3,1.0,20.8,80,1010.8
2019-01-18,1.3,0.0,19.2,82,1016.4
2019-01-19,3.3,1.1,18.3,88,1010.1
2019-01-20,0.9,0.0,9.6,87,1017.7
2019-01-21,1.9,0.1,24.4,85,1021.0
2019-01-22,2.8,9.5,25.9,90,1001.9
2019-01-23,-0.4,0.0,18.9,90,1002.5
2019-01-24,0.5,0.1,10.9,94,1011.5
2019-01-25,6.1,1.1,19.2,94,1013.7
2019-01-26,7.6,1.2,32.0,89,1002.3
2019-01-27,4.9,2.9,36.7,76,991.3
2019-01-28,1.6,0.0,23.5,72,1005.4
2019-01-29,1.4,3.9,19.2,86,999.7
2019-01-30,-0.3,0.4,14.8,87,995.5
2019-01-31,-0.8,1.3,30.7,87,991.3
2019-02-01,1.4,14.9,25.1,92,987.5
2019-02-02,1.5,0.7,25.5,82,1006.4
2019-02-03,0.8,0.0,22.4,82,1022.7
2019-02-04,6.6,6.6,31.9,91,1018.4
2019-02-05,6.4,1.3,25.0,94,1023.0
2019-02-06,9.0,12.2,27.8,91,1016.0
2019-02-07,7.2,0.4,41.7,73,1006.0
2019-02-08,8.8,6.8,42.2,86,999.2
2019-02-09,7.8,2.2,39.8,71,1000.1
2019-02-10,5.3,6.4,32.2,86,997.6
2019-02-11,4.2,0.0,17.6,83,1023.0
2019-02-12,5.8,0.0,19.7,85,1033.0
2019-02-13,7.0,0.0,19.7,87,1033.1
2019-02-14,4.6,0.0,13.2,86,1031.9
2019-02-15,5.7,0.0,14.5,83,1026.8
2019-02-16,8.6,0.0,21.8,91,1022.5
2019-02-17,9.3,0.0,24.6,84,1016.0
2019-02-18,7.6,3.0,21.6,90,1015.2
2019-02-19,6.5,0.0,22.6,82,1018.5
2019-02-20,8.5,0.1,25.5,82,1019.9
2019-02-21,8.9,0.0,20.4,88,1026.2
2019-02-22,7.2,0.0,11.8,92,1034.5
2019-02-23,8.0,0.0,13.3,88,1033.9
2019-02-24,6.2,0.0,10.2,85,1035.6
2019-02-25,7.3,0.0,11.2,72,1036.2
2019-02-26,8.9,0.0,13.5,71,1032.3
2019-02-27,8.6,0.0,12.0,83,1024.7
2019-02-28,8.0,3.5,24.8,90,1015.7
2019-03-01,8.6,1.0,14.9,86,1017.9
2019-03-02,10.2,0.9,34.1,83,1009.9
2019-03-03,10.7,4.0,41.4,87,998.4
2019-03-04,6.6,3.0,31.7,74,994.0
2019-03-05,7.1,2.5,26.3,78,1002.2
2019-03-06,10.6,4.1,33.4,84,989.8
2019-03-07,7.7,1.0,43.5,73,992.4
2019-03-08,7.1,1.9,27.6,82,1009.8
2019-03-09,8.8,0.8,41.4,73,1011.9
2019-03-10,7.1,7.2,53.7,70,1008.8
2019-03-11,6.1,0.0,31.6,59,1022.3
2019-03-12,6.8,7.8,41.6,82,1006.6
2019-03-13,7.8,0.1,43.5,63,1007.5
2019-03-14,9.7,4.8,45.5,75,1005.7
2019-03-15,11.4,3.8,43.9,82,1006.9
2019-03-16,10.5,3.8,47.6,79,1002.2
2019-03-17,6.1,1.1,28.0,73,1004.8
2019-03-18,6.3,0.5,16.6,81,1020.1
2019-03-19,8.1,0.1,12.2,87,1027.1
2019-03-20,10.5,0.0,13.5,84,1032.0
2019-03-21,10.5,0.0,11.6,88,1033.0
2019-03-22,9.9,0.0,17.3,84,1028.6
2019-03-23,9.1,0.0,15.0,75,1031.2
2019-03-24,7.3,0.0,18.0,72,1030.4
2019-03-25,7.4,0.0,26.0,66,1031.5
2019-03-26,6.9,0.0,13.2,78,1034.1
2019-03-27,8.3,0.0,11.0,75,1035.0
2019-03-28,8.6,0.0,10.9,76,1035.7
2019-03-29,9.1,0.0,10.8,74,1029.1
2019-03-30,10.8,0.1,11.6,78,1021.4
2019-03-31,8.0,0.5,27.7,78,1024.5
2019-04-01,7.5,0.0,21.4,77,1019.8
2019-04-02,5.3,3.9,17.7,87,1004.2
2019-04-03,3.2,1.1,12.6,84,998.6
2019-04-04,5.2,3.6,25.6,82,995.5
2019-04-05,8.7,0.0,23.2,66,1002.2
2019-04-06,8.2,0.3,22.4,83,1005.3
2019-04-07,9.7,6.1,16.6,89,1007.6
2019-04-08,9.5,2.0,7.9,88,1010.7
2019-04-09,8.9,6.7,21.6,85,1013.7
2019-04-10,7.0,0.0,26.0,69,1019.5
2019-04-11,5.9,0.0,19.6,65,1025.7
2019-04-12,5.2,0.1,14.8,70,1027.0
2019-04-13,4.5,1.4,18.4,72,1027.3
2019-04-14,4.6,0.0,20.5,68,1025.6
2019-04-15,7.8,0.0,26.3,70,1020.0
2019-04-16,10.2,0.3,10.7,80,1015.2
2019-04-17,10.8,0.0,15.9,79,1019.6
2019-04-18,12.9,0.0,20.4,74,1023.3
2019-04-19,13.8,0.0,16.1,68,1028.2
2019-04-20,13.9,0.0,12.0,69,1029.5
2019-04-21,13.2,0.0,14.8,67,1020.0
2019-04-22,14.5,0.0,18.2,69,1006.0
2019-04-23,14.0,0.1,19.1,69,997.2
2019-04-24,12.4,5.3,29.6,77,994.4
2019-04-25,11.4,4.4,26.9,75,999.7
2019-04-26,10.8,1.1,32.4,79,1008.9
2019-04-27,9.5,0.3,41.8,61,1009.6
2019-04-28,10.1,1.7,24.2,68,1019.6
2019-04-29,9.1,0.0,14.2,79,1025.9
2019-04-30,9.9,0.0,10.7,80,1024.4
2019-05-01,11.3,0.2,12.6,77,1018.0
2019-05-02,11.2,7.2,20.9,78,1013.8
2019-05-03,9.2,1.6,19.1,85,1014.4
2019-05-04,7.4,1.1,30.3,65,1019.2
2019-05-05,7.6,0.4,19.1,65,1025.3
2019-05-06,8.4,0.2,17.7,67,1021.6
2019-05-07,10.2,0.5,16.3,65,1014.0
2019-05-08,10.8,12.6,30.5,81,994.4
2019-05-09,10.7,6.3,15.6,85,997.5
2019-05-10,10.0,1.8,8.4,81,1008.7
2019-05-11,9.9,3.0,19.0,81,1019.7
2019-05-12,9.9,0.0,15.5,71,1035.8
2019-05-13,10.0,0.0,18.4,70,1039.4
2019-05-14,11.0,0.0,19.2,69,1033.9
2019-05-15,12.0,0.0,15.7,71,1026.5
2019-05-16,11.6,0.0,24.6,66,1018.9
2019-05-17,11.5,1.8,22.4,80,1008.9
2019-05-18,12.6,0.5,8.3,79,1006.5
2019-05-19,12.8,0.7,10.4,84,1009.4
2019-05-20,14.7,0.5,12.4,73,1012.5
2019-05-21,14.1,0.0,17.8,67,1017.9
2019-05-22,14.1,0.0,17.7,59,1019.6
2019-05-23,15.2,0.0,18.7,61,1016.3
2019-05-24,15.9,0.6,16.6,66,1016.9
2019-05-25,17.1,0.9,16.8,65,1017.9
2019-05-26,16.4,1.8,26.8,76,1013.2
2019-05-27,13.4,0.9,25.2,68,1010.1
2019-05-28,12.2,2.0,17.8,74,1012.4
2019-05-29,12.6,1.9,26.9,80,1018.3
2019-05-30,17.5,0.1,26.6,75,1020.6
2019-05-31,15.9,0.0,19.2,74,1023.3
2019-06-01,18.0,0.0,15.3,68,1019.2
2019-06-02,20.0,0.0,29.0,65,1009.9
2019-06-03,15.2,0.2,22.2,62,1012.3
2019-06-04,14.4,3.3,22.5,80,1005.9
2019-06-05,14.2,0.2,19.6,70,1005.9
2019-06-06,13.5,0.1,23.0,63,1010.1
2019-06-07,13.5,7.1,25.8,80,1002.4
2019-06-08,13.5,3.6,35.1,73,1011.2
2019-06-09,13.8,0.2,10.8,66,1020.1
2019-06-10,11.6,31.3,21.8,89,1014.0
2019-06-11,13.5,2.4,19.3,81,1011.1
2019-06-12,12.9,8.1,14.1,86,1009.2
2019-06-13,12.6,6.4,29.8,86,1005.8
2019-06-14,14.2,1.9,30.2,78,1010.3
2019-06-15,14.4,1.1,27.1,77,1012.8
2019-06-16,14.5,2.2,31.1,82,1016.7
2019-06-17,15.6,0.0,22.6,74,1017.5
2019-06-18,14.7,3.6,10.6,85,1013.6
2019-06-19,16.1,2.7,12.5,84,1007.7
2019-06-20,15.3,0.3,21.1,73,1012.4
2019-06-21,15.1,0.0,15.5,69,1019.2
2019-06-22,15.5,0.0,19.3,70,1021.1
2019-06-23,17.8,0.0,22.4,79,1016.7
2019-06-24,20.4,0.3,14.6,79,1015.5
2019-06-25,20.3,15.3,12.7,83,1018.5
2019-06-26,17.6,0.0,25.8,81,1026.9
2019-06-27,16.1,0.0,25.9,74,1028.6
2019-06-28,16.6,0.0,26.9,77,1024.1
2019-06-29,22.4,0.0,16.1,70,1015.0
2019-06-30,19.0,0.0,21.1,69,1015.7
2019-07-01,17.1,0.0,22.0,66,1020.0
2019-07-02,16.0,0.0,14.3,68,1024.7
2019-07-03,16.6,0.0,15.6,71,1026.5
2019-07-04,17.7,0.0,8.9,69,1024.6
2019-07-05,19.8,0.0,11.9,65,1018.4
2019-07-06,18.4,0.8,16.2,74,1013.4
2019-07-07,16.2,3.5,14.6,80,1016.6
2019-07-08,16.2,0.0,16.6,68,1020.9
2019-07-09,17.6,0.0,16.3,68,1020.9
2019-07-10,19.7,1.3,17.6,69,1017.8
2019-07-11,19.6,0.0,15.9,63,1012.6
2019-07-12,19.4,0.1,24.7,66,1014.6
2019-07-13,18.3,0.6,12.2,71,1021.2
2019-07-14,16.7,0.5,18.5,74,1022.9
2019-07-15,15.6,0.0,12.4,74,1022.3
2019-07-16,18.3,0.0,17.7,67,1018.9
2019-07-17,19.3,0.0,19.9,65,1013.8
2019-07-18,18.2,4.8,20.1,74,1010.2
2019-07-19,16.6,10.6,31.2,84,1011.0
2019-07-20,19.1,15.1,27.4,76,1008.6
2019-07-21,18.1,0.0,19.9,72,1020.0
2019-07-22,20.5,0.0,25.1,77,1021.5
2019-07-23,23.1,0.0,16.6,69,1017.4
2019-07-24,24.8,0.0,19.3,60,1012.0
2019-07-25,27.5,0.0,16.5,56,1010.4
2019-07-26,22.2,4.3,18.3,69,1010.2
2019-07-27,17.7,21.1,17.3,88,1006.6
2019-07-28,17.9,0.0,22.8,71,1005.6
2019-07-29,18.8,0.0,18.7,66,1008.8
2019-07-30,18.3,6.8,39.2,78,1005.3
2019-07-31,18.3,0.7,28.7,71,1012.0
2019-08-01,18.6,0.7,12.9,75,1016.9
2019-08-02,18.9,0.3,13.3,75,1019.0
2019-08-03,18.9,0.3,8.5,77,1018.8
2019-08-04,19.3,0.5,19.5,75,1013.4
2019-08-05,19.4,0.8,26.9,70,1009.6
2019-08-06,18.5,0.6,28.8,72,1007.6
2019-08-07,18.0,1.2,25.3,74,1006.5
2019-08-08,18.6,1.4,17.5,73,1009.5
2019-08-09,20.3,7.5,36.4,77,1001.0
2019-08-10,18.4,1.3,48.1,71,1004.0
2019-08-11,17.7,0.4,28.8,68,1010.9
2019-08-12,14.8,11.9,10.7,81,1014.4
2019-08-13,15.3,0.0,17.1,66,1017.2
2019-08-14,15.6,7.4,30.7,89,1012.3
2019-08-15,17.6,0.0,28.2,73,1011.8
2019-08-16,15.8,7.3,30.8,86,1011.1
2019-08-17,18.3,0.5,26.4,76,1004.3
2019-08-18,16.7,1.5,25.9,72,1005.3
2019-08-19,16.0,0.9,25.1,70,1013.9
2019-08-20,15.1,0.0,19.8,68,1022.6
2019-08-21,15.8,0.0,15.8,73,1026.4
2019-08-22,17.4,0.0,20.0,73,1024.4
2019-08-23,18.9,0.0,8.8,79,1023.9
2019-08-24,19.7,0.0,11.4,69,1019.0
2019-08-25,22.5,0.0,10.2,67,1017.8
2019-08-26,22.5,0.0,12.7,67,1017.4
2019-08-27,23.3,0.1,15.8,68,1013.9
2019-08-28,20.3,2.2,23.2,69,1013.5
2019-08-29,17.6,0.1,21.5,67,1019.2
2019-08-30,17.6,0.0,23.5,72,1020.4
2019-08-31,17.1,0.3,27.0,72,1012.2
2019-09-01,15.2,0.0,20.0,57,1017.6
2019-09-02,15.2,0.0,20.8,66,1023.2
2019-09-03,17.3,0.0,22.4,70,1022.3
2019-09-04,16.9,7.0,28.2,69,1015.2
2019-09-05,14.3,0.0,19.6,61,1024.4
2019-09-06,13.6,1.4,32.8,76,1021.9
2019-09-07,13.6,0.4,20.6,68,1023.0
2019-09-08,12.5,0.0,15.7,64,1023.0
2019-09-09,12.8,5.5,17.0,84,1013.5
2019-09-10,14.1,0.2,13.2,81,1018.4
2019-09-11,16.8,0.5,34.4,77,1019.9
2019-09-12,18.3,0.1,26.8,77,1026.6
2019-09-13,16.6,0.2,14.5,66,1033.6
2019-09-14,15.1,0.0,9.2,70,1031.9
2019-09-15,17.4,0.0,12.7,73,1024.1
2019-09-16,16.5,0.7,12.6,86,1021.9
2019-09-17,14.2,0.0,14.9,67,1025.1
2019-09-18,12.6,0.0,11.0,67,1029.4
2019-09-19,14.1,0.0,14.1,71,1030.7
2019-09-20,14.6,0.0,24.5,68,1025.1
2019-09-21,17.6,0.0,18.3,56,1012.3
2019-09-22,17.9,4.0,21.3,79,1004.5
2019-09-23,15.8,2.7,26.3,81,1009.7
2019-09-24,16.8,17.8,26.8,86,1001.6
2019-09-25,16.1,10.8,24.0,86,1000.2
2019-09-26,16.7,3.4,27.9,80,1002.8
2019-09-27,14.7,4.5,31.0,81,1003.9
2019-09-28,15.1,6.1,33.0,78,1007.8
2019-09-29,16.1,13.1,37.7,84,997.6
2019-09-30,13.9,9.3,27.2,86,1008.4
2019-10-01,15.2,8.4,30.4,88,999.9
2019-10-02,9.4,0.0,21.2,71,1017.4
2019-10-03,9.3,3.5,26.3,81,1016.3
2019-10-04,12.6,3.4,26.4,87,1005.2
2019-10-05,12.3,1.0,13.6,87,1013.8
2019-10-06,13.7,12.1,28.4,80,1010.9
2019-10-07,12.5,2.6,23.2,90,1014.0
2019-10-08,13.4,1.0,28.0,83,1006.7
2019-10-09,11.5,0.1,26.7,73,1005.0
2019-10-10,12.6,0.0,29.5,78,1010.7
2019-10-11,15.1,12.5,38.3,89,1006.2
2019-10-12,11.5,12.4,11.8,91,1007.9
2019-10-13,13.1,6.5,32.7,88,1004.6
2019-10-14,12.8,11.1,27.4,92,1005.7
2019-10-15,12.0,0.3,23.2,88,1003.9
2019-10-16,12.5,3.9,21.5,84,1003.1
2019-10-17,11.0,0.4,20.8,87,1005.4
2019-10-18,11.6,6.2,33.3,81,999.6
2019-10-19,10.7,0.2,20.8,83,1000.9
2019-10-20,8.5,0.0,19.4,86,1010.2
2019-10-21,10.4,7.2,20.5,89,1018.1
2019-10-22,8.5,0.0,11.9,88,1023.2
2019-10-23,9.6,1.4,13.7,93,1013.4
2019-10-24,11.1,10.3,18.6,95,1005.4
2019-10-25,12.9,0.8,39.6,86,1011.3
2019-10-26,14.0,5.9,36.3,82,1008.3
2019-10-27,6.7,0.0,11.6,81,1023.0
2019-10-28,6.6,0.0,16.6,85,1024.7
2019-10-29,8.2,0.0,20.7,81,1025.0
2019-10-30,8.8,0.0,24.9,75,1024.1
2019-10-31,8.0,0.0,17.7,87,1018.8
2019-11-01,13.0,6.9,23.4,93,999.2
2019-11-02,11.4,6.3,47.2,83,980.9
2019-11-03,8.7,1.3,16.3,89,981.5
2019-11-04,8.6,3.6,15.3,91,983.9
2019-11-05,8.6,0.7,21.6,93,996.6
2019-11-06,6.3,0.3,17.1,86,1003.4
2019-11-07,6.8,12.8,24.3,85,993.2
2019-11-08,4.1,1.7,19.6,93,1005.8
2019-11-09,5.0,5.0,21.0,92,1006.1
2019-11-10,7.0,1.4,17.4,88,1010.5
2019-11-11,6.7,4.6,30.1,80,1001.9
2019-11-12,5.5,2.3,27.9,80,998.6
2019-11-13,5.5,4.0,21.6,87,998.1
2019-11-14,5.2,15.4,17.8,90,994.9
2019-11-15,5.6,7.7,25.2,90,1002.6
2019-11-16,5.5,0.2,18.4,87,1006.1
2019-11-17,4.3,0.0,10.1,93,1011.1
2019-11-18,4.9,0.0,20.7,87,1015.5
2019-11-19,2.7,0.0,11.9,92,1016.8
2019-11-20,4.7,0.0,19.4,81,1012.4
2019-11-21,5.0,0.9,18.6,89,1003.4
2019-11-22,7.9,1.7,22.8,88,995.6
2019-11-23,8.5,2.3,19.6,91,994.0
2019-11-24,9.3,0.0,17.1,93,1002.9
2019-11-25,10.3,1.6,18.1,91,1002.2
2019-11-26,10.9,4.7,28.0,92,994.9
2019-11-27,9.6,12.3,18.3,92,983.7
2019-11-28,7.9,2.4,18.7,91,995.3
2019-11-29,4.3,0.4,11.9,89,1015.3
2019-11-30,2.9,0.0,14.8,92,1021.5
2019-12-01,4.1,0.0,22.4,87,1023.3
2019-12-02,0.8,0.0,11.0,89,1030.8
2019-12-03,3.6,0.0,11.8,90,1027.6
2019-12-04,3.4,0.0,12.1,90,1021.1
2019-12-05,3.8,0.5,28.3,92,1018.5
2019-12-06,10.3,5.5,32.7,89,1006.0
2019-12-07,7.5,0.0,28.0,89,1012.0
2019-12-08,8.9,3.6,36.5,78,999.2
2019-12-09,5.5,1.3,29.1,78,1008.8
2019-12-10,6.8,4.8,42.2,88,1014.2
2019-12-11,4.6,0.1,19.3,87,1004.7
2019-12-12,5.1,7.5,28.6,91,989.2
2019-12-13,6.3,8.7,33.8,79,978.9
2019-12-14,5.9,6.9,35.0,77,989.4
2019-12-15,7.0,3.1,30.3,78,995.1
2019-12-16,7.0,2.5,22.0,92,999.9
2019-12-17,6.3,7.9,10.2,94,1000.2
2019-12-18,6.8,6.6,25.5,89,1007.8
2019-12-19,11.2,10.8,32.0,85,996.8
2019-12-20,8.1,14.5,28.4,91,981.0
2019-12-21,8.3,5.2,23.4,88,979.0
2019-12-22,7.3,4.3,25.3,89,984.5
2019-12-23,6.7,0.0,22.1,86,1006.8
2019-12-24,8.9,1.7,28.1,85,1008.3
2019-12-25,4.0,0.0,18.4,90,1023.0
2019-12-26,6.6,7.1,31.6,90,1016.6
2019-12-27,6.6,0.0,18.1,94,1028.5
2019-12-28,7.8,0.0,13.7,90,1036.2
2019-12-29,5.9,0.0,15.9,91,1033.6
2019-12-30,5.4,0.0,16.6,94,1029.4
2019-12-31,5.9,0.0,17.0,95,1031.5
2020-01-01,5.0,0.0,9.1,93,1029.2
2020-01-02,8.3,0.0,26.6,90,1020.3
2020-01-03,7.6,3.1,27.6,86,1021.0
2020-01-04,4.4,0.0,20.2,89,1033.8
2020-01-05,5.9,0.0,17.4,90,1033.1
2020-01-06,7.2,1.3,26.9,83,1021.8
2020-01-07,8.9,0.1,29.2,92,1021.6
2020-01-08,10.8,3.5,27.5,91,1020.4
2020-01-09,10.7,6.5,33.5,87,1006.8
2020-01-10,5.4,0.1,18.7,85,1022.7
2020-01-11,8.9,0.0,33.1,80,1024.1
2020-01-12,8.9,1.0,31.5,83,1018.1
2020-01-13,8.2,4.8,43.4,86,1008.0
2020-01-14,10.2,5.4,46.1,85,996.2
2020-01-15,8.2,12.5,48.3,83,1006.6
2020-01-16,9.3,6.2,35.0,81,1014.6
2020-01-17,7.3,2.7,32.8,85,1012.4
2020-01-18,2.7,0.0,13.9,87,1027.6
2020-01-19,0.9,0.0,12.3,86,1043.9
2020-01-20,1.1,0.0,11.4,92,1047.6
2020-01-21,0.2,0.0,10.9,96,1041.8
2020-01-22,5.2,0.0,6.1,97,1037.3
2020-01-23,6.1,0.0,8.0,93,1031.4
2020-01-24,5.8,0.2,7.4,91,1023.1
2020-01-25,5.8,0.0,12.9,91,1018.4
2020-01-26,8.1,2.9,29.8,90,1009.6
2020-01-27,6.7,6.9,21.8,90,999.7
2020-01-28,4.2,1.5,32.4,81,995.6
2020-01-29,5.1,0.0,25.0,78,1008.6
2020-01-30,9.3,0.6,28.1,92,1004.2
2020-01-31,10.5,0.1,33.1,90,1005.9
2020-02-01,9.5,0.0,35.0,77,1004.6
2020-02-02,10.0,6.7,32.9,82,1007.3
2020-02-03,8.8,0.3,29.4,76,1012.3
2020-02-04,6.1,0.1,28.8,75,1021.9
2020-02-05,3.9,0.0,11.0,88,1036.3
2020-02-06,2.7,0.0,10.6,94,1031.5
2020-02-07,4.9,0.0,22.5,86,1019.4
2020-02-08,8.7,1.0,30.9,81,1014.5
2020-02-09,10.2,18.8,53.0,82,994.3
2020-02-10,6.8,2.4,45.0,70,996.8
2020-02-11,4.8,0.3,39.2,61,1007.0
2020-02-12,4.8,0.4,29.9,73,1013.8
2020-02-13,6.9,12.8,36.7,84,998.6
2020-02-14,6.7,0.3,30.3,86,1016.4
2020-02-15,11.3,6.8,49.6,89,1006.4
2020-02-16,9.8,15.7,49.8,83,996.2
2020-02-17,7.3,1.0,35.4,68,1009.2
2020-02-18,6.6,2.2,37.9,76,1017.7
2020-02-19,5.5,1.6,25.7,85,1018.5
2020-02-20,7.5,3.9,40.6,80,1011.6
2020-02-21,7.4,0.0,34.1,74,1022.0
2020-02-22,10.6,0.0,38.5,73,1017.8
2020-02-23,10.1,1.2,43.0,78,1016.9
2020-02-24,9.2,4.3,37.2,83,1010.2
2020-02-25,5.4,2.7,26.5,77,1000.0
2020-02-26,3.6,0.8,31.1,73,1003.4
2020-02-27,3.4,7.8,31.3,78,1003.7
2020-02-28,5.8,6.1,33.3,87,1005.7
2020-02-29,7.2,5.5,40.2,73,986.3
2020-03-01,6.1,0.0,30.8,66,988.7
2020-03-02,5.2,4.2,22.0,78,990.0
2020-03-03,4.4,0.2,23.5,79,1002.3
2020-03-04,4.1,5.1,16.1,89,1007.3
2020-03-05,5.4,15.4,30.1,93,994.6
2020-03-06,4.7,0.0,15.4,77,1004.8
2020-03-07,7.1,0.0,31.7,84,1014.9
2020-03-08,9.2,3.3,38.0,78,1005.7
2020-03-09,7.3,4.0,32.2,78,1010.6
2020-03-10,12.4,3.1,36.1,85,1004.9
2020-03-11,10.9,0.2,37.0,76,1008.6
2020-03-12,7.2,1.6,39.6,61,1009.5
2020-03-13,6.9,0.1,28.2,72,1017.1
2020-03-14,9.1,3.5,24.9,83,1013.6
2020-03-15,8.9,1.7,35.6,84,1008.5
2020-03-16,6.2,0.0,12.2,78,1020.8
2020-03-17,8.6,0.0,24.7,82,1027.0
2020-03-18,11.0,0.6,25.1,84,1024.5
2020-03-19,7.5,1.5,17.9,85,1026.0
2020-03-20,6.6,0.0,29.3,70,1028.4
2020-03-21,6.5,0.0,31.2,66,1026.3
2020-03-22,5.9,0.0,27.2,68,1026.6
2020-03-23,5.3,0.0,18.3,64,1026.9
2020-03-24,6.0,0.0,14.4,66,1025.8
2020-03-25,5.5,0.0,16.8,61,1024.6
2020-03-26,5.5,0.0,22.4,67,1023.3
2020-03-27,6.8,0.0,26.3,67,1023.7
2020-03-28,6.7,0.0,36.5,67,1028.6
2020-03-29,4.7,0.3,40.9,56,1037.1
2020-03-30,5.3,0.6,24.9,73,1034.3
2020-03-31,5.6,0.0,22.7,72,1031.2
2020-04-01,4.3,0.0,11.5,74,1023.7
2020-04-02,8.1,0.0,20.8,74,1015.8
2020-04-03,8.4,0.3,10.6,74,1017.6
2020-04-04,8.3,0.0,16.0,76,1020.0
2020-04-05,12.8,0.0,22.2,59,1013.8
2020-04-06,12.5,0.1,19.3,67,1017.3
2020-04-07,11.3,0.0,14.3,71,1028.4
2020-04-08,13.6,0.0,13.8,71,1024.5
2020-04-09,13.4,0.0,21.0,68,1024.7
2020-04-10,13.4,0.0,19.9,70,1024.5
2020-04-11,15.2,0.0,13.3,65,1022.0
2020-04-12,15.6,0.3,23.2,65,1014.7
2020-04-13,8.3,0.0,33.6,58,1025.1
2020-04-14,7.2,0.0,14.8,57,1028.4
2020-04-15,8.7,0.0,16.2,66,1022.6
2020-04-16,11.6,0.0,15.3,70,1016.2
2020-04-17,10.0,6.4,25.6,76,1016.6
2020-04-18,9.9,2.2,19.6,81,1017.4
2020-04-19,10.6,0.0,24.2,68,1019.7
2020-04-20,11.3,0.0,31.2,59,1017.3
2020-04-21,12.5,0.0,29.8,55,1016.6
2020-04-22,13.1,0.0,22.8,59,1019.3
2020-04-23,13.8,0.0,14.7,63,1019.3
2020-04-24,13.0,0.0,17.8,65,1016.1
2020-04-25,10.1,0.0,13.2,75,1015.4
2020-04-26,11.4,0.0,11.6,68,1012.0
2020-04-27,12.2,0.2,19.6,67,1007.4
2020-04-28,8.8,13.6,21.4,88,1004.6
2020-04-29,10.2,3.4,27.3,79,1001.5
2020-04-30,9.1,7.9,32.4,79,995.3
2020-05-01,10.4,2.2,24.6,73,999.5
2020-05-02,10.7,0.0,16.9,67,1010.6
2020-05-03,10.1,1.0,10.1,81,1016.1
2020-05-04,11.6,0.2,22.0,73,1019.5
2020-05-05,9.8,0.0,29.0,67,1021.6
2020-05-06,10.4,0.0,15.5,71,1025.4
2020-05-07,13.3,0.0,16.1,69,1022.6
2020-05-08,16.1,0.0,8.4,62,1017.7
2020-05-09,16.0,0.0,17.7,61,1012.5
2020-05-10,11.5,1.0,35.6,69,1010.7
2020-05-11,8.4,0.0,37.0,48,1019.7
2020-05-12,8.6,0.0,12.7,61,1020.6
2020-05-13,8.6,0.0,25.8,59,1017.6
2020-05-14,8.2,0.0,20.4,60,1022.7
2020-05-15,10.4,0.0,14.4,63,1023.9
2020-05-16,11.2,0.0,17.8,63,1024.3
2020-05-17,13.3,0.0,19.9,64,1023.7
2020-05-18,15.7,0.0,20.0,57,1023.5
2020-05-19,17.3,0.0,16.2,66,1023.0
2020-05-20,18.6,0.0,15.7,60,1021.4
2020-05-21,19.1,0.1,14.2,56,1018.8
2020-05-22,17.6,0.0,31.5,55,1015.3
2020-05-23,14.3,0.2,37.0,55,1022.3
2020-05-24,15.8,0.0,27.8,62,1030.1
2020-05-25,17.4,0.0,16.2,58,1034.3
2020-05-26,18.7,0.0,13.8,55,1035.3
2020-05-27,17.9,0.0,20.0,61,1035.4
2020-05-28,15.3,0.0,19.8,61,1033.9
2020-05-29,15.4,0.0,19.2,57,1027.9
2020-05-30,16.5,0.0,22.0,60,1023.2
2020-05-31,17.4,0.0,25.5,53,1022.6
2020-06-01,17.7,0.0,17.4,57,1022.5
2020-06-02,17.8,0.0,10.9,58,1018.5
2020-06-03,14.9,1.6,23.1,71,1008.6
2020-06-04,12.5,0.7,22.4,68,1003.1
2020-06-05,12.7,1.2,30.4,60,996.8
2020-06-06,11.1,1.7,35.2,67,999.1
2020-06-07,12.3,1.5,17.1,80,1009.1
2020-06-08,12.4,0.0,18.8,69,1018.6
2020-06-09,13.7,0.3,13.1,61,1020.2
2020-06-10,12.7,5.9,15.6,85,1015.2
2020-06-11,14.6,3.9,30.1,81,1011.4
2020-06-12,16.1,1.5,30.7,82,1005.6
2020-06-13,17.2,3.7,23.9,74,1008.8
2020-06-14,16.7,1.8,19.4,75,1014.0
2020-06-15,17.1,1.3,10.9,73,1016.0
2020-06-16,16.8,9.7,12.7,80,1014.2
2020-06-17,16.9,6.1,14.5,81,1012.3
2020-06-18,15.6,22.4,17.4,88,1010.0
2020-06-19,15.6,2.5,26.6,79,1014.2
2020-06-20,16.3,0.4,20.0,76,1019.3
2020-06-21,16.7,1.7,25.7,70,1017.1
2020-06-22,16.0,0.0,21.4,68,1024.7
2020-06-23,19.7,0.0,11.9,64,1023.7
2020-06-24,22.3,0.0,22.7,61,1020.2
2020-06-25,23.2,0.0,20.2,60,1015.3
2020-06-26,21.2,3.1,23.3,68,1009.0
2020-06-27,16.6,5.4,38.9,78,1005.3
2020-06-28,15.6,0.7,33.9,63,1009.3
2020-06-29,15.3,0.1,36.9,61,1009.6
2020-06-30,15.8,2.8,22.5,79,1007.1
2020-07-01,17.1,1.4,25.4,74,1005.6
2020-07-02,16.1,3.2,19.7,75,1011.1
2020-07-03,16.1,1.4,32.2,74,1015.5
2020-07-04,18.1,1.0,33.0,81,1010.7
2020-07-05,17.4,0.2,38.0,64,1010.7
2020-07-06,15.5,0.0,27.7,61,1019.0
2020-07-07,15.4,1.5,24.6,69,1019.8
2020-07-08,16.6,11.1,20.0,88,1014.5
2020-07-09,17.3,6.8,25.0,86,1011.6
2020-07-10,15.0,0.3,21.6,69,1017.7
2020-07-11,14.9,0.0,17.0,65,1026.4
2020-07-12,16.3,0.0,12.0,64,1027.9
2020-07-13,17.9,0.5,19.4,62,1022.8
2020-07-14,17.3,1.4,12.1,73,1016.3
2020-07-15,15.9,0.3,15.3,72,1016.0
2020-07-16,18.5,0.0,16.8,70,1019.6
2020-07-17,20.9,0.0,18.4,66,1020.4
2020-07-18,19.0,0.0,18.9,70,1018.1
2020-07-19,16.7,3.9,14.6,75,1017.8
2020-07-20,15.9,0.0,14.5,58,1022.9
2020-07-21,15.8,0.0,10.1,61,1025.9
2020-07-22,17.9,0.0,18.5,58,1023.4
2020-07-23,19.0,0.0,21.3,59,1015.8
2020-07-24,19.2,0.2,18.3,73,1012.2
2020-07-25,18.3,9.3,30.3,84,1007.4
2020-07-26,17.2,0.0,24.0,74,1010.5
2020-07-27,17.7,3.5,41.9,83,1007.6
2020-07-28,16.2,0.1,24.8,66,1014.1
2020-07-29,16.3,0.0,16.0,65,1020.0
2020-07-30,19.4,0.0,10.4,61,1018.2
2020-07-31,24.2,0.7,23.4,55,1011.8
2020-08-01,20.4,0.0,19.7,64,1014.9
2020-08-02,18.0,0.1,18.4,59,1016.2
2020-08-03,17.6,0.7,14.1,56,1015.7
2020-08-04,17.2,0.0,23.7,68,1015.9
2020-08-05,19.8,0.0,29.0,64,1013.0
2020-08-06,21.3,0.3,16.2,74,1017.1
2020-08-07,24.6,0.0,17.4,58,1018.0
2020-08-08,25.4,0.0,15.7,57,1018.9
2020-08-09,23.6,0.2,18.4,66,1017.5
2020-08-10,25.5,0.0,14.5,63,1014.1
2020-08-11,26.1,0.0,11.5,63,1014.1
2020-08-12,26.0,0.2,14.2,63,1013.1
2020-08-13,22.6,10.1,14.0,77,1012.2
2020-08-14,19.3,4.8,12.7,87,1013.4
2020-08-15,19.4,11.9,14.4,90,1014.2
2020-08-16,19.6,1.9,12.9,86,1010.5
2020-08-17,18.0,0.3,18.4,84,1007.9
2020-08-18,18.2,4.9,23.9,84,1009.0
2020-08-19,18.5,8.0,22.6,91,1003.4
2020-08-20,19.9,0.0,27.6,70,1002.8
2020-08-21,19.6,0.0,42.6,70,1003.6
2020-08-22,18.0,0.3,32.6,68,1011.6
2020-08-23,17.1,0.3,21.8,71,1016.0
2020-08-24,16.6,1.1,19.9,78,1015.2
2020-08-25,17.7,11.0,43.3,79,1001.6
2020-08-26,17.2,0.0,38.6,69,1011.9
2020-08-27,15.0,8.7,16.3,85,1010.6
2020-08-28,14.0,6.1,31.3,84,1000.7
2020-08-29,13.1,3.4,33.2,78,1008.2
2020-08-30,13.6,0.1,25.5,72,1017.4
2020-08-31,13.0,0.0,8.7,70,1021.9
2020-09-01,14.4,0.0,8.5,71,1020.7
2020-09-02,14.9,2.0,20.4,80,1018.9
2020-09-03,17.7,3.3,29.6,88,1015.9
2020-09-04,15.2,0.3,20.3,80,1020.7
2020-09-05,13.8,0.0,17.8,75,1021.0
2020-09-06,13.5,0.0,13.3,78,1020.9
2020-09-07,15.1,0.0,22.9,81,1023.1
2020-09-08,18.8,0.0,17.2,84,1024.2
2020-09-09,17.5,0.0,19.8,79,1023.1
2020-09-10,13.7,0.0,10.1,71,1023.0
2020-09-11,14.2,0.0,19.2,71,1017.2
2020-09-12,15.7,0.0,20.4,74,1019.5
2020-09-13,17.0,0.0,19.5,79,1023.4
2020-09-14,18.2,0.0,10.1,75,1021.5
2020-09-15,21.2,0.0,12.4,74,1017.9
2020-09-16,19.6,0.3,22.7,70,1023.6
2020-09-17,15.8,0.0,23.8,67,1028.2
2020-09-18,15.6,0.0,26.5,69,1022.6
2020-09-19,17.5,0.0,27.4,67,1017.3
2020-09-20,17.9,0.0,20.4,68,1018.4
2020-09-21,16.4,0.0,9.0,78,1017.4
2020-09-22,17.6,0.0,21.4,75,1009.4
2020-09-23,15.3,5.1,27.9,84,1000.2
2020-09-24,11.0,5.8,29.1,80,995.9
2020-09-25,10.4,0.2,39.7,69,1002.0
2020-09-26,10.1,0.0,34.7,65,1010.8
2020-09-27,11.9,0.4,33.6,70,1012.1
2020-09-28,13.1,0.2,16.5,72,1013.4
2020-09-29,14.8,1.9,15.2,85,1014.8
2020-09-30,14.2,6.0,29.5,83,1007.4
2020-10-01,12.2,1.4,19.2,81,997.2
2020-10-02,12.1,28.4,35.2,90,988.4
2020-10-03,13.2,34.6,30.3,89,985.8
2020-10-04,9.8,25.7,29.4,89,982.8
2020-10-05,12.1,1.0,24.2,85,994.9
2020-10-06,12.4,3.9,30.4,85,998.2
2020-10-07,12.0,3.0,25.5,77,1012.4
2020-10-08,13.9,4.2,33.5,86,1011.9
2020-10-09,9.1,4.6,22.8,86,1018.7
2020-10-10,9.0,2.9,29.7,83,1022.2
2020-10-11,9.0,0.1,19.4,83,1025.0
2020-10-12,9.4,4.0,18.1,89,1019.3
2020-10-13,9.1,3.3,20.9,89,1010.5
2020-10-14,10.3,2.2,23.2,84,1020.4
2020-10-15,9.3,0.4,22.1,83,1024.4
2020-10-16,9.5,0.1,14.8,81,1024.6
2020-10-17,10.0,1.6,10.8,85,1022.6
2020-10-18,9.3,0.2,9.4,85,1023.7
2020-10-19,11.3,0.0,22.7,75,1015.3
2020-10-20,14.7,2.5,26.8,82,1001.7
2020-10-21,14.1,10.8,26.0,90,997.0
2020-10-22,12.8,0.4,25.2,84,1008.0
2020-10-23,12.1,0.7,24.7,84,1008.4
2020-10-24,12.9,6.1,43.1,83,1002.0
2020-10-25,10.2,0.7,26.8,81,996.3
2020-10-26,8.8,0.3,25.0,84,997.7
2020-10-27,9.6,2.8,32.3,88,998.3
2020-10-28,9.8,1.3,29.6,79,1002.4
2020-10-29,11.4,5.1,29.5,88,1011.9
2020-10-30,15.0,0.2,31.2,88,1016.1
2020-10-31,13.2,6.2,37.1,81,1011.7
2020-11-01,14.6,1.0,40.0,83,1003.4
2020-11-02,13.7,1.2,45.1,73,1005.0
2020-11-03,7.5,3.5,33.0,80,1018.8
2020-11-04,5.0,0.0,9.6,90,1033.4
2020-11-05,4.5,0.0,10.3,96,1038.5
2020-11-06,6.1,0.0,16.5,86,1029.3
2020-11-07,8.8,0.0,11.4,92,1020.3
2020-11-08,11.5,0.1,10.6,95,1018.4
2020-11-09,13.1,2.3,13.7,94,1019.5
2020-11-10,11.4,0.7,14.2,94,1023.0
2020-11-11,11.2,3.6,31.8,89,1017.7
2020-11-12,10.6,2.3,25.2,81,1013.4
2020-11-13,11.0,0.2,22.8,82,1012.0
2020-11-14,12.8,9.9,39.0,87,1007.2
2020-11-15,11.2,14.9,36.8,81,996.4
2020-11-16,10.4,1.2,26.5,80,1012.3
2020-11-17,12.7,0.0,28.0,87,1020.4
2020-11-18,12.1,0.5,30.1,81,1016.4
2020-11-19,7.0,1.0,30.3,80,1026.0
2020-11-20,6.0,2.0,19.6,92,1033.1
2020-11-21,10.6,0.0,30.1,85,1026.5
2020-11-22,8.9,0.1,17.6,87,1026.4
2020-11-23,6.0,0.0,14.8,92,1027.0
2020-11-24,9.7,0.0,23.0,89,1017.3
2020-11-25,9.8,0.3,22.3,90,1013.1
2020-11-26,4.7,0.0,10.6,93,1021.2
2020-11-27,4.8,0.0,11.8,94,1019.1
2020-11-28,7.5,0.0,14.1,95,1018.6
2020-11-29,7.4,0.0,13.7,95,1025.9
2020-11-30,7.5,3.1,23.7,92,1023.9
2020-12-01,4.5,0.0,18.2,84,1025.2
2020-12-02,3.7,0.3,11.0,92,1017.9
2020-12-03,5.0,14.0,22.0,92,989.8
2020-12-04,3.5,5.7,22.9,90,977.4
2020-12-05,3.8,0.0,18.0,85,991.5
2020-12-06,2.7,0.7,15.4,94,1001.5
2020-12-07,2.3,0.2,9.8,96,999.1
2020-12-08,2.5,0.3,11.3,94,1003.4
2020-12-09,4.7,3.1,15.3,90,1005.9
2020-12-10,6.8,0.2,19.1,86,999.5
2020-12-11,7.4,5.4,17.7,95,987.1
2020-12-12,6.3,0.5,19.6,92,999.0
2020-12-13,6.8,5.4,28.9,92,1002.5
2020-12-14,10.3,6.9,33.4,87,999.2
2020-12-15,8.4,0.5,24.1,89,1005.9
2020-12-16,8.9,3.1,28.4,88,1007.4
2020-12-17,8.4,0.1,25.2,89,1014.0
2020-12-18,11.1,0.3,31.4,85,1011.0
2020-12-19,9.9,4.6,28.3,86,1005.3
2020-12-20,7.6,0.2,21.7,87,1012.4
2020-12-21,11.0,7.4,30.4,91,1006.8
2020-12-22,10.8,2.5,28.5,89,1010.4
2020-12-23,10.3,7.4,20.4,93,1004.8
2020-12-24,4.5,2.0,33.7,79,1020.3
2020-12-25,1.6,0.0,21.7,80,1030.7
2020-12-26,6.0,0.2,44.3,87,1016.0
2020-12-27,5.4,13.3,49.9,85,977.3
2020-12-28,1.4,0.3,16.5,94,974.6
2020-12-29,1.3,0.3,12.6,92,990.0
2020-12-30,0.5,0.0,14.0,93,1002.4
2020-12-31,-0.6,0.0,11.2,92,1005.5
2021-01-01,1.0,0.4,10.2,95,1011.5
2021-01-02,2.3,0.0,13.2,90,1015.9
2021-01-03,1.8,0.6,19.7,92,1017.6
2021-01-04,3.1,2.3,26.6,88,1019.4
2021-01-05,2.6,2.1,24.3,89,1020.0
2021-01-06,2.2,3.2,18.5,92,1019.6
2021-01-07,-0.9,0.0,11.2,93,1018.5
2021-01-08,-0.5,0.0,8.4,95,1018.6
2021-01-09,-0.7,0.0,9.7,97,1026.3
2021-01-10,0.2,0.0,10.9,95,1026.1
2021-01-11,5.3,1.0,29.8,90,1017.8
2021-01-12,5.7,3.4,28.1,90,1014.1
2021-01-13,5.3,3.0,12.2,95,1018.5
2021-01-14,4.9,27.2,22.0,94,1016.7
2021-01-15,1.7,0.0,13.7,88,1029.6
2021-01-16,4.1,6.3,24.1,87,1020.1
2021-01-17,4.2,0.0,18.2,87,1023.3
2021-01-18,4.6,1.1,26.6,90,1021.2
2021-01-19,10.1,2.2,34.9,88,1004.1
2021-01-20,9.9,7.6,38.5,87,987.8
2021-01-21,5.7,1.9,41.4,81,984.7
2021-01-22,2.7,0.7,14.7,88,992.2
2021-01-23,0.4,0.0,18.9,92,995.6
2021-01-24,-0.4,4.5,17.1,92,997.0
2021-01-25,0.4,0.7,17.5,84,1009.5
2021-01-26,2.2,4.2,20.4,90,1015.8
2021-01-27,7.6,3.1,13.3,97,1011.0
2021-01-28,10.4,16.8,28.9,90,1001.6
2021-01-29,8.9,6.7,28.6,86,998.3
2021-01-30,4.5,15.4,30.8,91,997.9
2021-01-31,2.3,2.0,21.6,85,998.0
2021-02-01,3.7,0.1,14.1,90,996.8
2021-02-02,9.2,4.9,29.1,89,994.8
2021-02-03,7.4,2.5,24.4,90,996.6
2021-02-04,6.1,5.5,16.6,93,1008.4
2021-02-05,6.6,0.7,15.9,90,1008.3
2021-02-06,4.6,8.8,25.5,94,1006.8
2021-02-07,1.1,4.6,33.5,81,1004.1
2021-02-08,-1.4,0.6,28.3,81,1003.5
2021-02-09,-1.4,0.9,20.2,84,1007.0
2021-02-10,-3.0,0.0,19.5,85,1015.8
2021-02-11,-4.8,0.0,18.1,84,1027.3
2021-02-12,-2.4,0.0,26.3,75,1030.5
2021-02-13,-2.5,0.0,23.8,67,1032.8
2021-02-14,2.5,0.7,29.1,65,1025.8
2021-02-15,8.9,2.1,26.1,88,1018.2
2021-02-16,8.9,1.7,27.7,88,1010.1
2021-02-17,9.2,3.0,31.6,88,1010.0
2021-02-18,8.1,1.3,35.1,77,1004.0
2021-02-19,8.3,1.0,33.3,82,1008.2
2021-02-20,12.3,0.5,27.8,70,1003.5
2021-02-21,10.8,0.4,21.2,82,1008.3
2021-02-22,9.4,1.0,18.8,89,1014.8
2021-02-23,9.8,0.0,31.5,78,1023.1
2021-02-24,12.5,0.0,29.3,69,1022.6
2021-02-25,9.5,0.3,22.9,78,1026.7
2021-02-26,4.8,0.0,11.2,80,1037.2
2021-02-27,5.3,0.0,11.3,83,1040.9
2021-02-28,4.7,0.0,16.8,90,1037.3
2021-03-01,5.6,0.0,18.3,89,1032.1
2021-03-02,4.5,0.0,11.3,92,1029.8
2021-03-03,6.0,7.0,8.8,93,1027.4
2021-03-04,5.1,1.4,17.8,85,1025.0
2021-03-05,3.7,0.0,23.4,69,1031.7
2021-03-06,2.8,0.0,12.4,79,1033.8
2021-03-07,2.2,0.0,9.0,77,1027.6
2021-03-08,3.6,0.1,9.8,83,1023.8
2021-03-09,5.6,0.0,16.4,77,1020.1
2021-03-10,7.5,6.0,37.2,85,1007.4
2021-03-11,8.8,1.4,46.7,72,996.2
2021-03-12,7.1,1.3,38.1,72,1001.8
2021-03-13,6.5,5.3,41.4,69,995.5
2021-03-14,7.2,1.8,29.0,74,1012.7
2021-03-15,8.3,0.4,27.0,77,1020.4
2021-03-16,8.9,0.5,26.7,80,1027.4
2021-03-17,6.4,0.9,22.3,77,1033.0
2021-03-18,6.8,1.1,22.7,85,1028.6
2021-03-19,7.1,0.2,20.9,78,1028.2
2021-03-20,6.0,0.0,12.5,86,1031.2
2021-03-21,8.1,0.1,17.7,76,1028.6
2021-03-22,6.9,0.0,12.4,81,1026.6
2021-03-23,7.3,0.0,19.9,79,1024.2
2021-03-24,8.0,0.1,21.2,82,1020.8
2021-03-25,7.6,0.9,27.2,85,1018.4
2021-03-26,8.3,4.3,37.4,84,1010.8
2021-03-27,7.0,0.0,29.6,70,1020.4
2021-03-28,10.1,0.0,39.4,76,1022.9
2021-03-29,10.8,0.0,25.5,78,1026.9
2021-03-30,11.7,0.0,13.0,70,1027.5
2021-03-31,14.1,0.0,17.3,63,1020.6
2021-04-01,10.2,0.0,23.2,75,1024.6
2021-04-02,6.6,0.0,24.0,69,1030.1
2021-04-03,6.8,0.0,22.9,69,1032.0
2021-04-04,7.1,0.0,16.3,76,1025.5
2021-04-05,5.1,0.1,30.2,57,1018.6
2021-04-06,2.6,0.2,24.0,61,1020.3
2021-04-07,2.6,0.0,21.0,63,1023.7
2021-04-08,6.6,0.0,24.5,67,1021.4
2021-04-09,7.9,0.7,16.7,76,1013.5
2021-04-10,6.0,0.0,23.1,75,1013.3
2021-04-11,3.7,1.8,18.0,73,1019.4
2021-04-12,3.3,1.1,10.2,73,1028.8
2021-04-13,5.0,0.6,10.1,73,1032.6
2021-04-14,5.9,0.0,19.2,70,1032.9
2021-04-15,4.8,0.7,21.3,75,1033.3
2021-04-16,4.9,0.0,12.2,74,1031.4
2021-04-17,5.9,0.0,15.1,67,1029.2
2021-04-18,7.5,0.0,11.5,64,1025.1
2021-04-19,8.5,0.0,15.0,76,1021.4
2021-04-20,9.3,0.0,11.6,77,1018.2
2021-04-21,8.8,0.4,23.4,76,1021.2
2021-04-22,7.0,0.0,18.0,69,1027.3
2021-04-23,7.9,0.0,19.1,70,1028.7
2021-04-24,9.1,0.0,23.2,67,1027.7
2021-04-25,7.9,0.0,26.6,69,1028.2
2021-04-26,7.2,0.0,20.4,64,1021.4
2021-04-27,8.3,0.1,14.2,67,1010.4
2021-04-28,8.0,4.6,23.5,72,1006.2
2021-04-29,7.2,0.3,19.8,66,1011.3
2021-04-30,6.5,0.3,14.1,72,1015.0
2021-05-01,7.0,0.6,16.4,71,1016.4
2021-05-02,8.0,0.3,16.6,71,1020.3
2021-05-03,8.9,4.8,46.4,72,1012.1
2021-05-04,9.6,1.7,40.5,65,999.9
2021-05-05,6.7,3.0,24.3,76,1008.5
2021-05-06,6.6,2.6,18.4,70,1007.2
2021-05-07,8.2,0.1,18.9,61,1015.5
2021-05-08,11.9,9.4,40.5,78,1005.5
2021-05-09,15.3,2.0,27.9,75,997.5
2021-05-10,12.4,1.9,33.4,76,1000.7
2021-05-11,11.4,0.6,26.0,72,1007.3
2021-05-12,11.9,1.3,19.2,67,1008.7
2021-05-13,10.7,5.1,18.3,82,1006.2
2021-05-14,10.3,0.8,17.8,77,1008.9
2021-05-15,10.4,3.1,16.9,83,1001.0
2021-05-16,10.6,8.0,21.7,86,997.8
2021-05-17,11.6,3.5,18.5,80,1005.0
2021-05-18,11.2,3.5,28.1,79,1013.2
2021-05-19,11.2,5.5,23.1,76,1017.6
2021-05-20,10.4,0.6,39.0,80,1012.7
2021-05-21,11.1,4.1,47.9,75,996.6
2021-05-22,10.6,4.7,24.2,79,1003.0
2021-05-23,9.9,7.6,34.2,74,1007.8
2021-05-24,10.1,9.6,24.4,81,1003.3
2021-05-25,10.5,0.8,27.8,76,1013.3
2021-05-26,10.8,0.6,18.8,76,1014.6
2021-05-27,13.4,0.0,13.0,73,1020.3
2021-05-28,14.1,0.5,9.8,73,1023.5
2021-05-29,14.0,0.0,17.3,73,1026.9
2021-05-30,12.6,0.0,19.5,79,1027.5
2021-05-31,15.5,0.0,18.1,72,1021.3
2021-06-01,17.5,0.0,23.8,63,1015.2
2021-06-02,19.1,0.9,19.3,65,1012.8
2021-06-03,19.0,1.2,18.3,71,1018.3
2021-06-04,14.5,6.7,14.4,86,1022.7
2021-06-05,16.9,0.0,12.4,71,1024.1
2021-06-06,16.7,1.1,10.1,79,1024.6
2021-06-07,17.1,0.2,14.5,77,1023.8
2021-06-08,17.5,0.0,14.0,71,1023.1
2021-06-09,18.0,0.0,16.5,66,1021.6
2021-06-10,18.3,0.4,18.8,80,1020.7
2021-06-11,19.3,0.0,22.9,74,1019.6
2021-06-12,18.3,0.0,13.2,67,1023.3
2021-06-13,19.6,0.0,14.1,69,1026.0
2021-06-14,21.1,0.3,15.5,63,1020.7
2021-06-15,18.9,0.1,17.9,61,1020.6
2021-06-16,21.0,1.3,16.5,70,1012.0
2021-06-17,19.4,10.8,14.4,87,1010.3
2021-06-18,14.8,29.1,26.4,92,1012.6
2021-06-19,13.9,2.9,18.5,85,1013.8
2021-06-20,14.9,5.5,18.6,85,1008.8
2021-06-21,12.6,11.5,25.0,86,1012.6
2021-06-22,12.8,0.5,27.0,72,1020.3
2021-06-23,13.9,0.0,11.4,71,1023.4
2021-06-24,15.1,0.4,15.2,83,1021.4
2021-06-25,16.4,2.2,15.2,79,1016.0
2021-06-26,15.9,0.1,14.0,78,1017.5
2021-06-27,16.8,19.2,24.4,88,1015.3
2021-06-28,17.2,3.0,17.8,87,1014.2
2021-06-29,16.1,1.2,19.8,82,1014.9
2021-06-30,14.3,0.4,14.5,82,1017.2
2021-07-01,16.5,0.1,12.7,74,1017.8
2021-07-02,18.2,0.9,14.5,78,1016.0
2021-07-03,17.7,2.6,22.2,83,1011.9
2021-07-04,16.5,5.0,27.8,85,1007.5
2021-07-05,16.1,6.6,22.0,77,1004.7
2021-07-06,15.5,5.9,36.6,79,999.9
2021-07-07,16.2,2.4,27.6,81,1011.6
2021-07-08,16.6,2.0,14.1,86,1019.3
2021-07-09,17.6,0.6,14.3,80,1020.6
2021-07-10,15.4,1.5,8.4,79,1016.5
2021-07-11,16.1,1.7,15.4,81,1015.1
2021-07-12,16.5,16.0,13.2,87,1011.1
2021-07-13,17.9,1.6,18.4,81,1014.4
2021-07-14,18.6,0.3,21.1,76,1017.8
2021-07-15,17.8,0.0,19.7,77,1022.2
2021-07-16,17.9,0.0,17.0,73,1026.7
2021-07-17,19.9,0.0,13.2,72,1028.0
2021-07-18,22.4,0.0,9.3,73,1024.7
2021-07-19,22.4,0.3,10.8,69,1021.0
2021-07-20,22.7,0.0,17.3,73,1019.9
2021-07-21,22.3,0.6,11.6,74,1022.3
2021-07-22,20.9,0.0,14.1,73,1022.8
2021-07-23,18.2,0.0,25.3,78,1016.8
2021-07-24,18.3,14.3,24.6,82,1008.4
2021-07-25,18.3,5.0,14.7,87,1007.4
2021-07-26,19.3,1.7,15.3,80,1009.7
2021-07-27,17.9,3.4,20.7,81,1008.3
2021-07-28,16.6,6.1,31.0,81,1006.9
2021-07-29,16.7,0.2,27.8,66,1009.6
2021-07-30,16.6,2.6,39.2,76,1002.9
2021-07-31,16.3,5.7,17.2,82,1008.9
2021-08-01,16.3,4.2,15.2,84,1011.2
2021-08-02,15.1,0.6,12.3,79,1014.9
2021-08-03,15.7,0.6,11.0,77,1013.2
2021-08-04,16.3,0.7,9.7,75,1012.8
2021-08-05,16.5,2.1,26.0,83,1004.6
2021-08-06,17.0,8.1,28.8,80,998.4
2021-08-07,16.0,3.7,26.8,80,997.8
2021-08-08,16.1,4.6,30.6,78,1005.4
2021-08-09,15.9,10.1,24.4,85,1011.6
2021-08-10,17.2,0.1,15.0,78,1015.4
2021-08-11,17.3,0.0,19.0,76,1018.1
2021-08-12,18.3,0.4,23.0,83,1018.2
2021-08-13,17.4,0.3,24.0,79,1020.7
2021-08-14,18.4,0.0,19.4,77,1019.7
2021-08-15,18.0,1.2,24.5,79,1013.3
2021-08-16,15.4,0.3,23.5,72,1017.0
2021-08-17,15.5,0.6,21.9,79,1019.4
2021-08-18,17.9,0.7,22.8,76,1016.7
2021-08-19,16.6,0.5,17.4,79,1014.2
2021-08-20,18.0,0.4,13.0,81,1016.0
2021-08-21,17.2,6.1,12.5,86,1015.5
2021-08-22,17.7,9.0,19.9,84,1018.8
2021-08-23,16.9,0.1,16.9,78,1027.5
2021-08-24,16.5,0.2,22.5,76,1029.4
2021-08-25,16.8,0.0,18.3,77,1025.5
2021-08-26,16.2,0.0,22.4,72,1021.9
2021-08-27,15.1,0.0,16.4,74,1023.3
2021-08-28,15.3,0.3,23.6,79,1025.7
2021-08-29,14.7,0.0,20.2,75,1025.1
2021-08-30,15.8,0.4,24.4,78,1025.8
2021-08-31,15.8,0.2,23.9,78,1029.1
2021-09-01,15.9,0.1,19.5,76,1030.6
2021-09-02,16.0,0.0,21.3,77,1027.6
2021-09-03,16.3,0.2,16.3,81,1021.7
2021-09-04,15.7,0.4,17.9,84,1019.0
2021-09-05,17.8,0.0,12.2,82,1020.7
2021-09-06,19.8,0.0,10.5,79,1023.0
2021-09-07,21.1,0.0,13.8,71,1020.8
2021-09-08,21.4,0.9,18.2,67,1012.8
2021-09-09,18.8,2.6,21.9,85,1008.5
2021-09-10,18.2,3.4,18.1,87,1010.6
2021-09-11,17.8,0.1,19.8,77,1016.2
2021-09-12,16.3,0.2,13.0,79,1018.7
2021-09-13,16.3,0.0,18.0,79,1017.6
2021-09-14,16.6,14.7,14.8,92,1011.6
2021-09-15,16.6,0.1,14.9,82,1014.1
2021-09-16,16.1,0.0,12.2,82,1017.4
2021-09-17,16.2,0.2,18.8,83,1014.6
2021-09-18,17.3,0.6,13.8,78,1014.0
2021-09-19,16.1,3.3,12.7,87,1014.5
2021-09-20,15.4,0.1,19.1,82,1022.7
2021-09-21,14.9,0.0,8.3,82,1030.1
2021-09-22,14.9,0.0,17.8,81,1027.3
2021-09-23,15.9,0.2,23.1,85,1020.2
2021-09-24,16.8,0.0,16.4,82,1016.0
2021-09-25,16.7,0.1,9.4,91,1014.0
2021-09-26,16.8,0.4,20.8,85,1011.7
2021-09-27,15.6,4.2,39.9,73,1010.9
2021-09-28,13.5,12.1,26.9,82,1015.7
2021-09-29,11.2,0.1,28.0,72,1019.5
2021-09-30,12.6,3.0,36.0,82,1020.2
2021-10-01,14.3,7.5,30.9,80,1010.1
2021-10-02,12.2,21.9,37.1,86,998.2
2021-10-03,12.4,0.7,31.0,80,998.0
2021-10-04,13.0,1.2,25.0,80,1008.0
2021-10-05,12.7,17.2,33.0,77,1002.3
2021-10-06,12.0,0.0,27.0,73,1018.6
2021-10-07,15.2,0.1,14.0,89,1026.0
2021-10-08,15.7,0.1,11.2,89,1029.5
2021-10-09,12.1,0.0,10.2,87,1028.6
2021-10-10,12.8,0.2,15.2,85,1029.3
2021-10-11,11.1,0.0,18.9,81,1030.3
2021-10-12,11.1,0.3,18.2,86,1025.9
2021-10-13,11.5,0.0,10.8,88,1027.8
2021-10-14,12.4,0.2,21.1,86,1023.6
2021-10-15,11.8,0.0,16.3,81,1020.5
2021-10-16,11.7,1.3,13.3,86,1020.4
2021-10-17,12.4,1.2,16.9,91,1017.5
2021-10-18,13.5,4.8,21.9,92,1016.1
2021-10-19,17.9,3.3,36.4,86,1011.8
2021-10-20,15.1,35.2,33.9,84,998.3
2021-10-21,8.8,3.6,29.8,73,1008.0
2021-10-22,8.2,0.0,24.8,81,1021.0
2021-10-23,9.3,0.0,19.0,84,1024.9
2021-10-24,12.2,0.0,22.8,79,1018.0
2021-10-25,11.5,4.6,20.7,89,1015.1
2021-10-26,12.2,0.0,27.7,90,1018.1
2021-10-27,14.5,0.0,31.9,83,1018.1
2021-10-28,13.7,0.0,26.3,81,1008.8
2021-10-29,12.9,4.6,35.9,79,998.6
2021-10-30,11.2,4.4,21.2,81,997.2
2021-10-31,11.4,10.1,46.4,78,993.3
2021-11-01,9.3,0.7,27.3,78,994.4
2021-11-02,6.3,0.0,8.9,87,998.9
2021-11-03,5.7,0.4,14.8,91,1004.3
2021-11-04,6.7,0.0,27.0,80,1014.5
2021-11-05,5.2,0.0,11.3,84,1026.3
2021-11-06,10.2,0.1,32.1,84,1024.7
2021-11-07,9.4,0.0,23.5,77,1021.3
2021-11-08,7.8,0.0,11.9,89,1023.7
2021-11-09,12.2,0.0,20.6,88,1023.4
2021-11-10,11.6,0.0,11.0,94,1022.9
2021-11-11,10.7,0.1,12.5,92,1022.7
2021-11-12,12.0,1.1,25.8,86,1011.8
2021-11-13,11.1,0.0,19.3,82,1015.6
2021-11-14,10.1,0.0,19.0,88,1023.9
2021-11-15,9.8,0.0,7.8,86,1026.8
2021-11-16,8.2,0.3,10.9,90,1022.8
2021-11-17,7.7,0.0,12.7,90,1024.1
2021-11-18,9.6,0.0,20.8,89,1028.9
2021-11-19,10.8,0.0,14.9,90,1030.6
2021-11-20,9.8,0.1,13.7,88,1024.0
2021-11-21,6.4,0.4,25.6,79,1019.5
2021-11-22,5.8,0.0,21.3,80,1029.7
2021-11-23,4.2,0.0,10.5,90,1032.2
2021-11-24,5.3,0.0,9.7,91,1022.1
2021-11-25,3.8,0.0,16.9,82,1016.3
2021-11-26,4.4,2.9,28.1,83,996.0
2021-11-27,3.2,4.2,38.1,80,993.2
2021-11-28,1.2,0.0,27.9,71,1006.6
2021-11-29,0.8,0.0,17.1,87,1014.3
2021-11-30,8.9,0.4,31.2,89,1010.2
2021-12-01,7.4,2.1,32.5,82,998.9
2021-12-02,1.4,0.6,23.3,76,1011.5
2021-12-03,5.4,2.5,20.5,91,1004.8
2021-12-04,5.3,5.2,25.1,82,997.8
2021-12-05,5.2,3.4,27.5,86,1005.9
2021-12-06,3.7,2.1,29.7,91,1009.8
2021-12-07,4.4,8.8,36.1,87,997.4
2021-12-08,5.5,0.3,30.6,71,991.2
2021-12-09,5.2,5.6,22.8,83,999.1
2021-12-10,5.4,3.4,29.6,82,998.8
2021-12-11,4.8,3.5,20.7,91,1015.5
2021-12-12,11.4,0.9,21.5,91,1019.5
2021-12-13,10.3,0.0,22.2,88,1023.5
2021-12-14,10.4,0.0,20.6,93,1026.6
2021-12-15,10.5,0.5,17.7,93,1030.7
2021-12-16,8.8,0.1,9.2,91,1038.0
2021-12-17,7.5,0.0,14.8,93,1040.6
2021-12-18,8.0,0.0,20.2,92,1039.2
2021-12-19,6.4,0.0,11.8,95,1034.6
2021-12-20,5.6,0.1,13.7,87,1029.0
2021-12-21,3.6,0.0,11.5,85,1025.5
2021-12-22,1.0,0.0,11.9,90,1019.5
2021-12-23,6.9,0.7,22.1,94,1008.3
2021-12-24,8.3,15.5,11.8,96,1004.4
2021-12-25,6.8,1.4,24.6,94,1003.5
2021-12-26,7.0,6.3,19.5,96,1000.6
2021-12-27,8.7,6.6,23.4,94,992.4
2021-12-28,9.6,0.8,36.4,86,992.5
2021-12-29,10.5,2.9,30.7,91,1004.3
2021-12-30,13.6,0.5,31.3,88,1012.6
2021-12-31,13.1,0.4,29.8,87,1016.7
2022-01-01,13.0,0.2,25.3,86,1017.5
2022-01-02,10.9,2.0,29.5,87,1010.4
2022-01-03,8.6,0.0,24.4,86,1007.9
2022-01-04,4.5,2.5,21.0,88,1001.4
2022-01-05,1.9,0.0,21.3,81,1013.6
2022-01-06,1.7,2.2,30.9,89,1016.4
2022-01-07,3.6,0.3,28.8,85,1010.4
2022-01-08,5.8,7.9,27.4,87,1001.3
2022-01-09,3.0,0.0,21.2,86,1002.9
2022-01-10,5.1,0.7,13.3,94,1018.5
2022-01-11,8.5,2.4,15.6,96,1029.8
2022-01-12,3.7,0.0,8.0,97,1040.6
2022-01-13,1.6,0.0,10.7,93,1041.3
2022-01-14,0.3,0.0,10.2,93,1036.3
2022-01-15,1.7,0.0,12.9,94,1026.5
2022-01-16,3.4,0.0,11.3,96,1027.1
2022-01-17,2.2,0.0,9.8,93,1037.6
2022-01-18,2.4,0.0,10.7,95,1037.3
2022-01-19,4.9,0.0,18.5,90,1027.8
2022-01-20,1.6,0.0,16.0,81,1035.7
2022-01-21,0.2,0.0,14.1,86,1039.1
2022-01-22,2.1,0.0,12.5,91,1037.5
2022-01-23,4.4,0.0,5.8,88,1035.4
2022-01-24,3.3,0.0,8.5,87,1033.8
2022-01-25,2.0,0.0,8.0,87,1034.6
2022-01-26,3.6,0.0,17.9,87,1032.8
2022-01-27,6.5,0.0,21.4,88,1028.6
2022-01-28,4.4,0.0,21.1,91,1034.2
2022-01-29,9.6,0.1,38.2,84,1028.4
2022-01-30,4.0,0.3,28.7,82,1029.9
2022-01-31,5.7,0.4,33.9,68,1023.4
2022-02-01,9.4,0.7,33.4,81,1021.7
2022-02-02,9.1,0.0,23.9,86,1022.3
2022-02-03,8.2,0.0,19.5,85,1014.6
2022-02-04,6.3,3.7,29.8,80,1011.4
2022-02-05,6.2,0.0,35.8,78,1018.5
2022-02-06,8.9,4.0,39.2,74,1007.7
2022-02-07,6.5,0.0,27.2,79,1025.2
2022-02-08,10.3,0.0,30.1,81,1026.6
2022-02-09,9.4,3.5,22.8,86,1023.5
2022-02-10,5.9,0.3,18.4,78,1022.8
2022-02-11,3.3,0.0,14.7,82,1031.6
2022-02-12,5.1,0.0,30.6,77,1022.1
2022-02-13,8.0,11.4,36.2,86,1001.8
2022-02-14,7.2,3.3,29.7,82,999.1
2022-02-15,6.6,7.1,34.5,90,1006.4
2022-02-16,12.6,5.4,42.5,83,996.2
2022-02-17,8.6,0.4,33.4,68,1008.0
2022-02-18,8.1,2.3,68.0,71,997.2
2022-02-19,5.4,5.2,41.4,72,1010.0
2022-02-20,9.7,3.0,47.2,81,1003.7
2022-02-21,7.0,0.3,42.9,66,1009.3
2022-02-22,8.4,0.5,38.3,78,1018.7
2022-02-23,6.5,0.1,31.4,83,1021.1
2022-02-24,6.0,3.6,33.8,72,1011.1
2022-02-25,5.6,0.0,26.8,68,1025.4
2022-02-26,4.7,0.0,22.0,77,1030.1
2022-02-27,5.2,0.0,20.4,71,1024.9
2022-02-28,8.8,3.5,26.1,82,1024.2
2022-03-01,8.0,10.2,21.5,93,1025.4
2022-03-02,6.3,8.3,16.2,86,1021.0
2022-03-03,8.6,0.3,15.7,85,1015.3
2022-03-04,7.1,2.1,14.1,91,1019.0
2022-03-05,5.8,1.5,33.4,83,1023.4
2022-03-06,4.4,0.2,28.5,71,1028.6
2022-03-07,4.2,0.0,26.0,71,1024.4
2022-03-08,5.5,0.0,20.6,70,1015.2
2022-03-09,9.3,0.1,27.6,78,1016.6
2022-03-10,10.9,0.0,21.3,74,1016.1
2022-03-11,9.9,3.3,29.4,82,1005.2
2022-03-12,9.0,1.5,29.4,78,1008.4
2022-03-13,8.3,1.7,23.9,84,1007.5
2022-03-14,6.9,1.2,16.3,87,1023.0
2022-03-15,8.6,0.0,11.3,83,1022.0
2022-03-16,9.5,10.7,20.8,89,1018.2
2022-03-17,7.0,0.0,20.1,76,1031.5
2022-03-18,8.1,0.0,18.8,84,1041.9
2022-03-19,9.1,0.0,28.4,69,1037.4
2022-03-20,6.6,0.1,20.5,65,1028.3
2022-03-21,7.5,0.0,12.2,76,1028.3
2022-03-22,10.9,0.1,16.3,75,1028.6
2022-03-23,10.7,0.0,10.6,70,1029.7
2022-03-24,9.9,0.0,9.8,71,1030.0
2022-03-25,8.8,0.0,16.2,71,1031.6
2022-03-26,9.4,0.0,19.4,67,1032.9
2022-03-27,8.1,0.0,19.5,88,1031.7
2022-03-28,8.7,0.2,12.0,81,1022.5
2022-03-29,9.3,0.2,18.0,83,1012.1
2022-03-30,7.7,3.4,24.8,81,1006.1
2022-03-31,3.7,0.6,34.7,62,1009.2
2022-04-01,3.7,2.4,35.5,60,1016.8
2022-04-02,3.2,0.8,15.0,76,1023.0
2022-04-03,3.7,0.1,15.5,69,1025.3
2022-04-04,9.1,3.4,29.9,81,1012.7
2022-04-05,10.9,0.1,25.7,77,1008.6
2022-04-06,10.5,2.4,35.4,77,997.0
2022-04-07,8.8,4.5,45.2,66,990.1
2022-04-08,6.0,1.6,16.9,73,1001.1
2022-04-09,6.2,0.9,17.7,69,1015.5
2022-04-10,7.4,0.0,16.6,67,1019.0
2022-04-11,10.8,0.0,24.7,63,1010.0
2022-04-12,12.7,5.0,24.5,79,1006.2
2022-04-13,12.8,0.4,23.3,79,1015.7
2022-04-14,12.3,0.0,9.4,80,1022.1
2022-04-15,13.7,0.0,11.3,76,1026.6
2022-04-16,12.0,0.0,14.9,76,1029.8
2022-04-17,11.8,0.0,16.4,65,1022.5
2022-04-18,10.9,0.0,12.3,70,1017.3
2022-04-19,10.9,0.1,20.9,69,1016.3
2022-04-20,11.3,0.0,23.2,64,1016.1
2022-04-21,11.7,0.0,24.5,66,1012.5
2022-04-22,11.6,0.1,32.3,67,1007.7
2022-04-23,12.6,0.0,31.3,70,1003.5
2022-04-24,12.5,0.0,23.9,61,1008.3
2022-04-25,9.5,0.3,23.1,73,1015.9
2022-04-26,10.0,0.0,18.4,64,1022.2
2022-04-27,8.6,0.1,18.4,69,1027.7
2022-04-28,9.5,0.1,16.9,72,1031.0
2022-04-29,8.3,0.0,16.8,70,1031.8
2022-04-30,10.4,0.0,13.5,66,1029.2
2022-05-01,11.0,1.6,14.3,73,1023.5
2022-05-02,11.9,0.4,7.6,75,1021.1
2022-05-03,12.1,0.0,12.8,77,1021.2
2022-05-04,12.5,4.5,16.9,82,1019.2
2022-05-05,13.2,0.0,14.1,73,1023.7
2022-05-06,14.8,0.0,20.2,74,1025.0
2022-05-07,14.0,2.3,15.7,80,1025.7
2022-05-08,12.2,0.0,15.4,72,1028.8
2022-05-09,14.3,0.0,23.7,69,1023.1
2022-05-10,15.4,1.5,24.7,72,1014.8
2022-05-11,12.9,4.2,36.7,83,1010.4
2022-05-12,12.6,0.0,22.5,70,1018.1
2022-05-13,14.4,0.0,26.4,67,1019.7
2022-05-14,14.4,0.0,10.9,72,1020.8
2022-05-15,15.0,24.8,23.1,81,1015.2
2022-05-16,16.2,1.7,29.9,76,1014.5
2022-05-17,18.2,0.1,24.0,70,1017.5
2022-05-18,16.6,19.9,16.0,68,1019.0
2022-05-19,16.6,11.2,18.0,71,1018.3
2022-05-20,13.5,4.0,27.4,75,1018.6
2022-05-21,14.2,0.0,18.1,69,1020.6
2022-05-22,15.5,0.0,13.8,70,1013.3
2022-05-23,14.1,2.5,17.7,75,1002.5
2022-05-24,12.7,4.0,18.4,74,1006.2
2022-05-25,13.3,0.2,30.8,76,1013.4
2022-05-26,15.7,0.0,29.6,75,1021.0
2022-05-27,15.3,0.0,17.8,63,1024.3
2022-05-28,12.7,0.1,18.7,64,1024.8
2022-05-29,11.0,0.4,19.6,69,1019.2
2022-05-30,10.9,1.5,18.9,76,1013.6
2022-05-31,11.4,3.4,16.6,78,1012.5
2022-06-01,12.3,0.0,12.0,72,1017.1
2022-06-02,13.9,0.0,16.2,72,1020.1
2022-06-03,16.3,0.2,23.4,65,1017.9
2022-06-04,14.8,2.4,30.0,71,1019.9
2022-06-05,13.8,5.3,19.5,85,1015.5
2022-06-06,14.2,0.3,18.0,82,1014.3
2022-06-07,15.5,3.5,17.3,80,1011.5
2022-06-08,16.6,29.2,26.4,74,1005.7
2022-06-09,15.4,0.4,21.2,76,1015.2
2022-06-10,17.6,0.1,28.8,71,1018.4
2022-06-11,16.5,0.5,25.0,69,1021.5
2022-06-12,15.6,0.0,22.1,67,1023.3
2022-06-13,15.3,0.0,11.6,64,1024.5
2022-06-14,16.7,0.0,10.8,67,1020.9
2022-06-15,18.7,0.0,10.8,64,1018.6
2022-06-16,20.0,0.0,16.3,60,1021.6
2022-06-17,23.4,0.2,25.7,52,1019.6
2022-06-18,18.9,10.2,28.0,75,1017.4
2022-06-19,14.5,1.0,20.6,69,1015.0
2022-06-20,15.6,0.6,21.9,66,1018.4
2022-06-21,16.5,0.0,10.8,67,1014.9
2022-06-22,18.2,0.0,17.2,64,1013.6
2022-06-23,18.2,0.5,15.1,70,1009.6
2022-06-24,18.0,2.8,29.0,72,1004.6
2022-06-25,15.9,0.4,25.9,68,1007.8
2022-06-26,15.9,0.0,28.0,62,1012.2
2022-06-27,15.3,2.0,28.8,65,1016.1
2022-06-28,15.9,0.2,27.1,65,1017.5
2022-06-29,16.2,1.5,21.7,72,1012.2
2022-06-30,15.1,1.6,17.4,73,1012.0
2022-07-01,15.4,0.7,26.0,69,1016.5
2022-07-02,16.5,0.5,27.9,69,1018.2
2022-07-03,16.2,0.0,17.7,70,1019.3
2022-07-04,16.4,0.0,19.1,65,1021.2
2022-07-05,16.6,0.0,18.9,65,1024.9
2022-07-06,18.6,0.0,21.2,64,1026.3
2022-07-07,19.7,0.0,18.9,60,1028.3
2022-07-08,20.6,0.0,13.3,63,1031.3
2022-07-09,20.3,0.0,14.9,60,1030.0
2022-07-10,21.1,0.0,15.3,59,1026.6
2022-07-11,23.3,0.0,15.8,49,1023.2
2022-07-12,24.2,0.0,20.2,53,1022.1
2022-07-13,22.9,0.4,12.5,56,1021.3
2022-07-14,19.4,0.0,20.2,56,1022.5
2022-07-15,19.3,0.0,19.0,53,1023.7
2022-07-16,20.6,0.0,13.0,56,1024.9
2022-07-17,22.7,0.0,15.1,49,1024.9
2022-07-18,27.4,0.0,14.6,37,1019.2
2022-07-19,29.1,0.9,22.5,40,1012.0
2022-07-20,21.2,1.7,24.5,73,1015.6
2022-07-21,20.4,0.8,16.6,67,1021.2
2022-07-22,18.7,2.4,19.8,69,1020.0
2022-07-23,19.5,0.0,24.0,69,1018.5
2022-07-24,20.8,4.1,27.1,68,1013.9
2022-07-25,19.9,0.0,28.1,65,1010.5
2022-07-26,17.6,0.2,13.4,65,1019.1
2022-07-27,17.5,0.1,17.3,65,1020.3
2022-07-28,18.1,1.6,18.8,61,1017.7
2022-07-29,19.9,0.0,12.2,58,1018.5
2022-07-30,20.8,0.0,17.7,64,1018.1
2022-07-31,21.2,0.6,29.1,73,1016.1
2022-08-01,20.8,0.0,16.7,66,1018.0
2022-08-02,21.0,0.2,25.6,77,1015.2
2022-08-03,21.9,0.0,24.7,74,1013.3
2022-08-04,19.9,0.0,18.2,56,1015.3
2022-08-05,17.8,0.0,18.4,46,1022.3
2022-08-06,17.5,0.0,13.2,54,1028.1
2022-08-07,19.7,0.0,11.0,57,1025.8
2022-08-08,20.8,0.0,19.2,61,1026.6
2022-08-09,20.7,0.0,19.2,64,1028.5
2022-08-10,21.5,0.0,16.6,62,1025.6
2022-08-11,23.1,0.0,18.4,56,1021.6
2022-08-12,24.2,0.0,19.4,50,1018.1
2022-08-13,25.1,0.0,17.1,47,1013.8
2022-08-14,25.2,0.0,17.5,46,1006.7
2022-08-15,23.0,0.7,19.2,55,1003.0
2022-08-16,19.7,3.6,18.2,80,1007.5
2022-08-17,19.9,1.1,20.1,77,1011.9
2022-08-18,19.9,0.6,16.4,74,1014.0
2022-08-19,20.0,0.9,20.2,66,1014.5
2022-08-20,18.2,0.0,22.5,69,1017.2
2022-08-21,18.4,0.0,13.0,69,1015.8
2022-08-22,18.1,2.7,15.9,80,1013.7
2022-08-23,21.0,0.5,19.2,81,1013.9
2022-08-24,22.2,0.6,17.9,74,1016.3
2022-08-25,18.1,17.1,15.1,88,1017.3
2022-08-26,18.1,0.0,8.3,73,1019.1
2022-08-27,17.8,0.3,16.6,75,1019.2
2022-08-28,17.5,0.0,18.7,73,1021.8
2022-08-29,17.2,0.1,20.2,70,1022.9
2022-08-30,18.3,0.0,23.3,68,1023.0
2022-08-31,17.9,0.2,24.9,63,1023.5
2022-09-01,19.0,0.7,23.6,69,1019.0
2022-09-02,18.9,1.0,14.7,76,1012.5
2022-09-03,18.8,1.4,20.0,77,1009.4
2022-09-04,19.6,0.4,22.7,72,1014.6
2022-09-05,19.6,5.8,21.4,77,1015.4
2022-09-06,18.0,7.8,27.9,84,1011.7
2022-09-07,17.2,4.7,21.8,81,1008.4
2022-09-08,15.7,4.3,22.4,86,1003.9
2022-09-09,16.2,1.1,18.0,82,1005.9
2022-09-10,16.4,0.8,12.4,83,1015.2
2022-09-11,17.2,0.0,15.5,82,1017.9
2022-09-12,19.7,1.0,13.0,76,1011.9
2022-09-13,17.3,3.9,16.3,87,1010.5
2022-09-14,17.0,4.0,13.0,79,1007.4
2022-09-15,15.0,0.8,15.4,72,1012.5
2022-09-16,12.2,0.1,21.9,64,1017.9
2022-09-17,11.3,0.0,18.3,61,1022.2
2022-09-18,12.5,0.0,22.3,71,1021.3
2022-09-19,13.4,0.3,7.4,73,1024.4
2022-09-20,14.2,0.0,8.2,72,1026.1
2022-09-21,14.9,0.0,8.2,73,1025.7
2022-09-22,14.8,0.0,17.1,76,1020.0
2022-09-23,15.0,2.6,15.3,83,1015.0
2022-09-24,13.1,0.2,19.3,75,1016.8
2022-09-25,12.3,0.0,17.4,69,1017.9
2022-09-26,12.5,1.7,27.1,73,1003.0
2022-09-27,10.9,2.4,26.1,73,1001.4
2022-09-28,9.9,0.1,16.7,76,1000.2
2022-09-29,10.4,0.0,10.7,78,1004.1
2022-09-30,11.7,5.5,34.9,86,1005.4
2022-10-01,14.9,0.1,25.6,74,1007.3
2022-10-02,13.8,0.4,14.4,78,1020.6
2022-10-03,12.4,0.0,14.0,84,1025.4
2022-10-04,15.5,0.3,27.8,83,1016.9
2022-10-05,15.5,0.9,44.4,77,1012.7
2022-10-06,12.9,0.0,24.6,74,1027.0
2022-10-07,14.3,0.5,31.5,79,1019.6
2022-10-08,10.9,0.0,13.1,77,1023.0
2022-10-09,11.5,0.0,19.6,76,1017.6
2022-10-10,11.9,1.5,17.7,76,1018.1
2022-10-11,9.3,0.0,11.0,78,1026.6
2022-10-12,11.9,2.0,21.7,82,1020.7
2022-10-13,13.3,8.6,9.5,87,1015.7
2022-10-14,11.9,1.2,15.2,92,1009.9
2022-10-15,12.4,0.2,30.0,81,1003.9
2022-10-16,13.9,9.8,24.4,74,1009.9
2022-10-17,15.0,2.5,19.8,82,1017.3
2022-10-18,11.4,0.0,16.1,86,1027.4
2022-10-19,14.1,2.4,30.5,85,1019.5
2022-10-20,13.7,9.9,14.1,93,1006.9
2022-10-21,14.9,6.1,29.0,85,1002.0
2022-10-22,14.7,0.0,24.0,85,1008.9
2022-10-23,15.3,12.7,27.5,86,1001.3
2022-10-24,13.5,1.5,30.4,84,1002.6
2022-10-25,13.7,0.2,20.2,84,1011.0
2022-10-26,15.7,0.6,31.4,83,1011.3
2022-10-27,16.4,4.0,26.9,87,1014.2
2022-10-28,15.2,0.1,28.8,85,1015.1
2022-10-29,16.5,3.0,17.3,86,1014.0
2022-10-30,14.2,1.3,24.3,86,1014.8
2022-10-31,14.2,8.7,26.2,86,1010.9
2022-11-01,12.4,2.1,44.0,79,1005.9
2022-11-02,12.1,5.3,36.1,74,1012.8
2022-11-03,10.2,25.4,26.4,90,1000.8
2022-11-04,8.4,3.0,17.8,86,1010.3
2022-11-05,10.0,3.3,25.5,90,1013.4
2022-11-06,12.6,20.0,24.1,89,1003.1
2022-11-07,13.0,1.4,33.8,84,1003.4
2022-11-08,12.9,4.7,34.9,81,997.9
2022-11-09,11.3,0.0,28.6,81,1006.6
2022-11-10,13.0,0.0,32.7,82,1020.0
2022-11-11,13.4,0.0,28.4,88,1025.9
2022-11-12,11.7,0.0,12.1,93,1026.7
2022-11-13,10.6,0.0,12.8,96,1019.5
2022-11-14,10.9,0.3,20.2,94,1008.5
2022-11-15,11.0,8.9,31.1,85,996.3
2022-11-16,9.8,19.7,29.5,85,988.5
2022-11-17,9.5,7.4,33.5,85,983.3
2022-11-18,8.3,1.4,23.6,81,1000.8
2022-11-19,6.6,0.3,17.6,89,1012.3
2022-11-20,7.2,6.1,22.7,86,1008.4
2022-11-21,5.9,7.9,38.3,88,993.9
2022-11-22,5.6,0.1,24.8,89,988.8
2022-11-23,8.4,5.8,35.1,83,991.9
2022-11-24,9.0,2.9,31.9,83,1002.7
2022-11-25,8.2,0.0,21.4,84,1015.0
2022-11-26,9.9,1.2,30.3,88,1022.8
2022-11-27,11.2,10.5,28.9,93,1012.2
2022-11-28,7.2,1.5,10.4,93,1009.4
2022-11-29,6.7,0.0,9.7,94,1020.0
2022-11-30,6.4,0.1,8.4,94,1025.6
2022-12-01,4.8,0.0,10.5,97,1029.0
2022-12-02,5.0,0.3,20.1,91,1025.7
2022-12-03,5.9,0.0,24.1,79,1020.7
2022-12-04,5.0,1.6,21.1,82,1017.2
2022-12-05,6.4,0.0,17.8,84,1022.0
2022-12-06,4.5,0.0,13.8,88,1023.9
2022-12-07,0.8,0.0,11.7,92,1021.0
2022-12-08,-2.0,0.0,11.5,90,1011.9
2022-12-09,-2.4,0.0,11.3,91,1008.7
2022-12-10,-2.0,0.0,11.5,93,1010.1
2022-12-11,-2.4,0.7,11.4,97,1008.1
2022-12-12,-0.1,0.2,12.4,91,1008.8
2022-12-13,-1.7,0.0,10.9,90,1007.6
2022-12-14,-1.4,0.0,15.7,90,1006.1
2022-12-15,-2.9,0.0,11.2,84,1011.4
2022-12-16,-2.9,0.0,12.3,91,1018.2
2022-12-17,-0.7,0.0,16.2,88,1022.4
2022-12-18,2.1,10.4,30.6,92,1016.5
2022-12-19,11.8,5.2,37.3,89,1006.8
2022-12-20,9.0,2.7,32.9,89,1007.2
2022-12-21,6.9,0.9,20.7,91,1006.3
2022-12-22,8.3,0.8,18.1,96,1003.4
2022-12-23,9.3,7.8,25.4,91,1002.6
2022-12-24,8.5,0.0,21.4,91,1009.7
2022-12-25,9.8,0.1,21.7,91,1007.8
2022-12-26,5.9,0.0,25.9,84,1015.5
2022-12-27,6.2,3.8,36.1,88,1019.3
2022-12-28,10.5,4.0,37.6,89,1002.1
2022-12-29,7.7,0.3,33.4,78,1000.9
2022-12-30,9.6,6.6,35.7,87,997.6
2022-12-31,12.2,10.2,35.8,88,999.8
2023-01-01,10.2,4.0,31.4,83,1008.1
2023-01-02,5.5,0.2,15.5,91,1016.7
2023-01-03,8.3,3.2,37.4,91,1018.6
2023-01-04,11.8,0.9,35.9,85,1014.5
2023-01-05,10.5,0.1,31.5,87,1018.6
2023-01-06,9.6,1.2,32.3,87,1013.8
2023-01-07,10.1,5.0,36.7,84,1000.8
2023-01-08,7.2,1.8,28.8,83,992.7
2023-01-09,5.7,0.3,26.0,81,1001.1
2023-01-10,8.6,6.5,36.7,88,1008.4
2023-01-11,8.6,2.8,34.5,82,1008.4
2023-01-12,10.3,5.4,40.7,86,1003.0
2023-01-13,7.4,0.0,33.8,74,1008.5
2023-01-14,8.9,11.4,40.4,82,1000.4
2023-01-15,4.6,0.0,29.6,76,998.2
2023-01-16,2.2,13.4,27.9,88,986.0
2023-01-17,-2.2,0.0,9.7,88,989.7
2023-01-18,-0.4,0.0,17.2,87,998.3
2023-01-19,-0.4,0.0,10.9,90,1008.1
2023-01-20,1.7,0.0,17.7,86,1019.0
2023-01-21,1.1,0.0,11.2,92,1032.5
2023-01-22,-1.9,0.0,5.4,94,1035.9
2023-01-23,-1.0,0.0,6.6,86,1037.9
2023-01-24,1.6,0.0,9.6,91,1039.1
2023-01-25,0.9,1.7,20.2,94,1033.2
2023-01-26,4.6,0.3,23.7,89,1030.1
2023-01-27,3.8,0.0,21.5,84,1030.7
2023-01-28,2.3,0.0,11.2,88,1031.9
2023-01-29,4.4,0.0,25.3,92,1026.7
2023-01-30,5.9,0.0,23.5,83,1024.9
2023-01-31,6.3,0.1,25.6,83,1024.9
2023-02-01,6.4,0.0,31.1,79,1024.9
2023-02-02,7.7,0.2,27.0,86,1027.2
2023-02-03,9.3,0.0,22.7,86,1031.2
2023-02-04,7.5,0.5,13.3,87,1037.8
2023-02-05,4.6,0.0,16.9,82,1044.4
2023-02-06,2.3,0.0,11.8,89,1042.3
2023-02-07,1.2,0.0,10.6,93,1039.2
2023-02-08,0.4,0.0,12.0,90,1034.9
2023-02-09,2.3,0.0,11.7,85,1032.9
2023-02-10,2.6,0.0,16.9,88,1036.6
2023-02-11,7.9,0.0,12.7,87,1036.6
2023-02-12,7.2,0.0,12.0,83,1037.5
2023-02-13,5.6,0.0,12.6,87,1034.3
2023-02-14,5.1,0.0,13.8,87,1030.7
2023-02-15,6.7,0.0,19.3,84,1023.5
2023-02-16,9.7,3.9,24.3,91,1020.2
2023-02-17,11.7,0.1,36.2,87,1021.4
2023-02-18,10.9,0.7,27.3,85,1021.2
2023-02-19,8.6,0.0,18.5,80,1026.2
2023-02-20,9.3,0.0,27.6,85,1023.9
2023-02-21,8.0,1.2,13.2,90,1018.0
2023-02-22,5.9,2.9,12.6,93,1012.0
2023-02-23,5.8,1.7,23.9,83,1018.1
2023-02-24,4.0,0.0,15.2,83,1014.1
2023-02-25,4.2,0.0,27.0,77,1017.5
2023-02-26,4.0,0.0,27.6,66,1027.1
2023-02-27,3.9,0.0,20.9,71,1031.8
2023-02-28,4.5,0.7,27.3,81,1032.5
2023-03-01,5.2,0.6,19.2,84,1029.3
2023-03-02,4.0,0.0,24.5,79,1025.9
2023-03-03,3.9,0.4,19.6,80,1028.9
2023-03-04,5.0,0.0,15.5,76,1029.4
2023-03-05,3.1,0.3,13.5,74,1019.3
2023-03-06,3.8,1.6,22.5,88,1006.0
2023-03-07,2.7,4.1,12.9,87,1000.1
2023-03-08,1.4,13.2,23.3,96,991.7
2023-03-09,6.4,5.9,21.0,93,991.1
2023-03-10,3.9,4.5,33.2,85,997.0
2023-03-11,2.7,1.1,16.7,77,1009.7
2023-03-12,10.1,1.3,32.6,85,1005.6
2023-03-13,11.6,0.8,50.4,81,990.7
2023-03-14,6.2,5.7,26.7,72,1002.9
2023-03-15,4.6,2.2,23.4,84,1015.6
2023-03-16,10.4,1.9,28.1,83,1006.5
2023-03-17,10.6,1.9,17.4,90,1004.1
2023-03-18,10.0,4.0,14.0,86,1006.2
2023-03-19,8.2,1.7,19.7,77,1015.7
2023-03-20,9.8,3.3,25.6,87,1016.5
2023-03-21,10.8,1.4,31.1,82,1008.9
2023-03-22,11.3,2.6,35.0,82,1000.1
2023-03-23,10.7,8.5,36.2,80,997.2
2023-03-24,9.7,1.7,35.4,79,998.0
2023-03-25,10.0,0.5,38.5,70,1003.5
2023-03-26,7.3,8.1,22.2,84,1007.6
2023-03-27,5.3,0.0,12.3,69,1025.2
2023-03-28,7.2,1.9,25.8,78,1018.8
2023-03-29,11.5,3.3,29.6,89,1008.8
2023-03-30,12.0,3.9,31.8,81,1003.1
2023-03-31,10.8,12.4,33.7,87,989.1
2023-04-01,9.6,1.0,21.2,81,1006.5
2023-04-02,7.7,0.0,23.0,72,1025.6
2023-04-03,5.4,0.0,18.5,76,1030.2
2023-04-04,5.7,0.0,13.3,75,1027.4
2023-04-05,6.8,1.4,12.5,79,1020.9
2023-04-06,9.3,4.5,22.8,84,1014.3
2023-04-07,8.0,0.2,10.1,72,1020.9
2023-04-08,7.9,0.0,11.0,81,1025.7
2023-04-09,9.6,0.0,15.5,76,1021.5
2023-04-10,10.8,9.1,33.0,78,1010.4
2023-04-11,8.8,7.5,39.4,76,1008.5
2023-04-12,7.5,3.2,46.0,76,993.5
2023-04-13,8.2,1.0,27.0,67,1001.7
2023-04-14,7.3,9.3,21.3,83,1004.8
2023-04-15,9.6,1.1,18.0,80,1018.0
2023-04-16,10.0,0.0,10.5,77,1026.2
2023-04-17,10.5,0.5,18.4,80,1028.0
2023-04-18,8.8,0.2,32.2,78,1027.8
2023-04-19,10.1,0.0,29.7,72,1025.2
2023-04-20,8.8,2.3,29.4,69,1020.9
2023-04-21,7.2,3.3,16.3,85,1012.3
2023-04-22,8.2,1.5,17.7,79,1005.7
2023-04-23,10.2,3.9,22.0,82,1001.2
2023-04-24,8.0,13.8,20.4,81,1010.0
2023-04-25,6.5,0.0,12.9,68,1018.4
2023-04-26,7.9,0.0,15.1,69,1018.7
2023-04-27,9.4,6.7,21.8,76,1015.0
2023-04-28,13.1,0.7,22.5,85,1011.6
2023-04-29,10.9,0.0,13.4,80,1020.7
2023-04-30,11.4,0.0,15.9,77,1020.9
2023-05-01,12.0,1.0,16.0,80,1018.3
2023-05-02,10.3,0.0,18.8,81,1026.5
2023-05-03,9.4,0.0,24.1,75,1025.9
2023-05-04,13.1,0.9,24.8,78,1015.2
2023-05-05,13.6,0.7,19.9,80,1014.2
2023-05-06,12.6,5.6,23.3,90,1013.9
2023-05-07,14.9,0.7,10.7,82,1017.0
2023-05-08,12.6,5.0,23.4,86,1018.9
2023-05-09,13.8,7.7,18.6,86,1010.7
2023-05-10,12.7,6.2,22.0,83,1012.5
2023-05-11,12.3,3.7,9.4,81,1016.1
2023-05-12,11.1,1.9,32.0,87,1022.5
2023-05-13,11.6,0.0,20.2,84,1025.9
2023-05-14,12.7,0.7,11.5,83,1020.4
2023-05-15,11.8,0.5,23.7,70,1020.2
2023-05-16,11.2,0.2,21.9,73,1025.1
2023-05-17,12.0,0.4,11.1,76,1028.3
2023-05-18,12.9,0.2,14.1,72,1028.3
2023-05-19,12.0,1.1,15.9,75,1027.4
2023-05-20,12.9,0.1,22.9,70,1025.1
2023-05-21,13.0,0.0,25.0,70,1021.6
2023-05-22,14.1,0.0,24.2,69,1021.2
2023-05-23,12.9,0.0,16.7,69,1026.6
2023-05-24,14.4,0.0,14.9,72,1025.7
2023-05-25,13.4,0.0,16.6,74,1029.6
2023-05-26,12.5,0.0,20.9,71,1031.3
2023-05-27,12.9,0.0,18.2,74,1026.5
2023-05-28,14.1,0.0,25.3,66,1023.5
2023-05-29,12.4,0.0,26.6,66,1027.7
2023-05-30,12.8,0.0,27.1,70,1029.2
2023-05-31,13.9,0.0,23.9,74,1026.8
2023-06-01,13.4,0.0,23.0,71,1025.3
2023-06-02,13.1,0.0,22.7,65,1024.5
2023-06-03,14.7,0.0,21.9,68,1023.4
2023-06-04,14.9,0.0,18.5,69,1024.0
2023-06-05,13.1,0.0,20.4,71,1024.4
2023-06-06,13.1,0.1,21.9,69,1023.5
2023-06-07,14.3,0.0,19.7,73,1021.8
2023-06-08,14.9,0.0,21.9,71,1018.4
2023-06-09,17.7,0.0,22.9,70,1014.0
2023-06-10,21.4,0.0,19.5,64,1013.1
2023-06-11,22.4,0.0,11.5,65,1013.7
2023-06-12,21.3,5.7,13.3,75,1014.5
2023-06-13,19.9,0.0,24.4,58,1014.3
2023-06-14,19.0,0.0,18.8,61,1017.4
2023-06-15,19.2,0.0,17.3,64,1020.1
2023-06-16,19.2,0.0,17.4,60,1019.3
2023-06-17,18.6,2.1,13.8,69,1014.3
2023-06-18,19.0,16.9,18.9,81,1008.8
2023-06-19,18.6,0.9,21.6,77,1010.5
2023-06-20,19.0,5.9,24.3,80,1008.2
2023-06-21,19.3,1.0,16.5,73,1015.9
2023-06-22,20.2,0.0,15.8,70,1018.8
2023-06-23,20.5,0.0,17.9,69,1023.3
2023-06-24,21.3,0.2,14.4,72,1022.7
2023-06-25,22.4,0.1,27.8,61,1014.6
2023-06-26,18.4,0.0,23.5,58,1019.5
2023-06-27,18.6,0.0,20.5,66,1020.8
2023-06-28,20.3,0.5,15.5,75,1016.9
2023-06-29,18.5,5.5,15.7,71,1015.8
2023-06-30,16.4,0.6,33.2,75,1011.7
2023-07-01,19.0,0.2,24.4,65,1006.1
2023-07-02,16.4,0.0,27.7,59,1011.4
2023-07-03,15.7,0.7,33.5,64,1010.8
2023-07-04,15.0,14.8,18.4,78,1009.8
2023-07-05,15.4,4.4,23.8,69,1011.0
2023-07-06,16.2,0.0,20.3,67,1016.0
2023-07-07,20.5,0.0,17.9,58,1015.5
2023-07-08,21.4,12.6,20.9,73,1015.1
2023-07-09,18.6,4.9,22.1,76,1019.1
2023-07-10,18.7,0.0,29.6,70,1018.8
2023-07-11,19.2,4.0,27.5,72,1009.8
2023-07-12,17.5,1.0,26.1,71,1011.5
2023-07-13,17.5,0.5,22.1,69,1015.8
2023-07-14,16.8,7.8,31.5,85,1008.2
2023-07-15,17.0,1.4,43.9,75,1001.0
2023-07-16,16.9,0.0,31.8,66,1009.6
2023-07-17,16.8,0.6,22.5,70,1017.7
2023-07-18,17.1,0.1,18.4,69,1017.9
2023-07-19,17.9,0.4,20.0,69,1015.0
2023-07-20,17.3,0.1,14.2,65,1015.2
2023-07-21,16.4,0.1,17.7,64,1013.9
2023-07-22,15.4,10.7,31.4,84,1010.3
2023-07-23,18.8,0.9,30.1,76,1003.1
2023-07-24,15.6,2.3,19.6,81,1005.6
2023-07-25,15.6,0.7,17.6,70,1010.6
2023-07-26,15.8,10.0,22.1,75,1011.6
2023-07-27,19.1,5.1,27.4,86,1003.4
2023-07-28,18.6,0.2,20.9,79,1005.9
2023-07-29,18.2,0.7,26.1,71,1006.4
2023-07-30,17.0,3.2,30.4,78,1010.4
2023-07-31,18.0,2.6,27.9,81,1004.3
2023-08-01,17.6,2.0,24.9,72,1001.3
2023-08-02,17.2,16.8,32.3,83,988.4
2023-08-03,16.8,0.1,18.9,73,1004.8
2023-08-04,16.5,0.4,16.9,76,1016.7
2023-08-05,15.1,18.2,29.9,82,1007.9
2023-08-06,14.7,0.9,24.5,72,1016.4
2023-08-07,15.5,0.0,18.4,71,1019.2
2023-08-08,14.9,2.4,23.2,87,1015.2
2023-08-09,17.5,0.0,11.1,75,1017.9
2023-08-10,19.5,0.0,16.6,76,1019.2
2023-08-11,20.0,0.6,22.5,79,1017.4
2023-08-12,17.7,0.5,32.6,77,1014.3
2023-08-13,18.0,0.3,25.8,75,1013.7
2023-08-14,18.1,3.8,31.5,82,1010.9
2023-08-15,17.9,0.2,17.3,75,1015.9
2023-08-16,18.3,0.2,16.2,74,1020.3
2023-08-17,18.5,0.1,23.4,78,1019.6
2023-08-18,19.9,4.2,22.3,83,1013.1
2023-08-19,19.9,0.2,27.8,76,1013.9
2023-08-20,18.9,0.4,19.1,77,1021.8
2023-08-21,18.3,0.0,20.7,77,1023.0
2023-08-22,19.2,0.0,18.6,74,1020.5
2023-08-23,19.3,0.0,7.6,73,1019.4
2023-08-24,19.9,1.3,14.0,75,1012.0
2023-08-25,16.7,0.1,18.5,65,1009.6
2023-08-26,15.1,1.2,17.2,78,1008.4
2023-08-27,15.2,0.2,20.3,74,1010.6
2023-08-28,15.6,0.2,15.5,73,1014.3
2023-08-29,15.6,0.0,17.4,74,1011.8
2023-08-30,15.6,0.3,21.0,67,1008.5
2023-08-31,14.1,1.3,14.6,83,1009.7
2023-09-01,17.7,1.4,8.5,86,1010.7
2023-09-02,18.6,0.4,15.6,83,1020.7
2023-09-03,18.5,0.0,12.4,81,1026.8
2023-09-04,20.0,0.0,18.9,76,1022.7
2023-09-05,20.8,0.0,16.9,73,1017.4
2023-09-06,21.9,0.0,10.5,75,1018.7
2023-09-07,22.8,0.0,13.7,72,1017.0
2023-09-08,23.4,0.0,8.6,67,1016.3
2023-09-09,24.1,0.0,7.6,68,1015.7
2023-09-10,23.1,1.6,20.9,73,1014.8
2023-09-11,20.8,0.0,18.6,74,1013.2
2023-09-12,18.8,2.9,18.4,81,1013.6
2023-09-13,16.1,0.1,19.5,73,1021.0
2023-09-14,17.0,0.0,12.8,74,1020.5
2023-09-15,17.5,0.0,13.5,75,1014.9
2023-09-16,18.7,0.0,17.1,77,1013.1
2023-09-17,18.2,4.9,26.3,86,1010.3
2023-09-18,16.8,7.2,32.3,77,1002.3
2023-09-19,16.8,0.4,45.6,76,1005.7
2023-09-20,17.8,27.4,48.5,82,998.5
2023-09-21,13.9,5.4,17.1,84,995.6
2023-09-22,12.4,1.5,19.1,82,1001.5
2023-09-23,12.7,0.0,16.1,72,1015.7
2023-09-24,17.0,0.0,30.6,71,1017.9
2023-09-25,17.9,0.2,24.7,74,1018.7
2023-09-26,17.2,1.8,25.7,82,1017.2
2023-09-27,17.4,0.0,28.7,82,1013.7
2023-09-28,16.7,0.4,26.4,77,1012.9
2023-09-29,16.8,2.1,20.1,75,1018.0
2023-09-30,14.7,0.0,19.0,79,1024.5
2023-10-01,18.1,0.0,22.4,86,1020.2
2023-10-02,17.7,4.1,25.9,89,1015.6
2023-10-03,14.6,0.3,25.0,76,1018.7
2023-10-04,13.8,0.0,25.1,79,1025.8
2023-10-05,14.7,0.2,22.1,76,1024.3
2023-10-06,16.5,0.0,24.6,79,1022.9
2023-10-07,17.6,0.0,21.9,78,1022.9
2023-10-08,16.7,0.0,12.2,79,1024.1
2023-10-09,16.7,0.0,11.0,79,1021.5
2023-10-10,16.5,0.0,20.6,83,1016.9
2023-10-11,17.2,1.5,25.3,83,1012.5
2023-10-12,15.0,15.5,16.9,93,1011.7
2023-10-13,16.8,13.3,38.3,81,1001.9
2023-10-14,9.6,0.3,20.7,75,1016.9
2023-10-15,6.8,0.0,14.2,74,1025.5
2023-10-16,7.7,0.0,19.1,82,1021.8
2023-10-17,11.7,0.0,27.8,68,1014.1
2023-10-18,13.0,7.3,33.2,85,995.0
2023-10-19,15.7,7.3,28.7,89,983.9
2023-10-20,14.1,9.9,17.9,90,976.7
2023-10-21,12.7,3.4,21.8,88,984.9
2023-10-22,9.9,0.0,12.7,84,1005.2
2023-10-23,10.9,0.8,16.3,88,1007.4
2023-10-24,10.3,3.2,17.4,88,1001.0
2023-10-25,10.2,0.8,16.2,89,996.0
2023-10-26,11.1,2.6,18.2,89,991.2
2023-10-27,10.0,1.7,17.8,90,990.2
2023-10-28,11.8,10.6,26.1,86,987.6
2023-10-29,10.7,5.8,24.7,86,988.3
2023-10-30,10.7,0.8,18.4,87,995.4
2023-10-31,10.0,2.5,15.2,91,1000.1
2023-11-01,12.0,11.2,32.0,83,991.1
2023-11-02,10.3,17.9,42.8,86,966.2
2023-11-03,9.4,5.7,27.2,81,981.7
2023-11-04,8.6,5.5,26.5,88,970.6
2023-11-05,8.9,0.1,29.6,83,980.5
2023-11-06,8.8,0.0,25.6,83,998.3
2023-11-07,7.8,0.1,26.0,86,1008.2
2023-11-08,9.4,3.3,35.8,89,1004.8
2023-11-09,8.0,0.1,23.5,80,996.9
2023-11-10,6.5,1.7,20.3,87,996.5
2023-11-11,5.3,0.0,14.5,89,1006.9
2023-11-12,7.0,2.0,12.4,93,1003.9
2023-11-13,12.2,12.5,37.6,80,999.0
2023-11-14,10.3,6.1,28.0,86,1004.4
2023-11-15,8.5,0.0,27.4,84,1016.0
2023-11-16,5.7,3.0,13.8,95,1013.9
2023-11-17,6.2,1.3,14.6,89,1019.8
2023-11-18,12.3,5.4,26.1,91,1011.2
2023-11-19,11.9,0.0,30.4,80,1007.5
2023-11-20,9.9,3.0,22.3,85,1009.3
2023-11-21,9.2,0.7,21.9,87,1022.6
2023-11-22,6.9,0.0,15.7,91,1029.9
2023-11-23,10.6,0.2,25.4,85,1024.8
2023-11-24,6.5,0.1,25.3,68,1021.5
2023-11-25,1.5,0.0,13.4,82,1021.4
2023-11-26,3.8,4.9,18.0,92,1015.1
2023-11-27,7.7,5.1,22.4,91,1000.4
2023-11-28,3.6,0.0,19.5,90,1009.1
2023-11-29,1.2,0.0,10.0,90,1005.2
2023-11-30,0.1,0.0,19.1,88,1003.2
2023-12-01,-0.1,0.0,17.4,88,1008.3
2023-12-02,-2.4,0.0,13.5,95,1015.8
2023-12-03,4.6,7.0,21.1,90,1010.6
2023-12-04,6.3,7.8,25.4,91,997.6
2023-12-05,5.2,2.5,18.8,92,1008.2
2023-12-06,2.5,0.0,12.7,95,1017.5
2023-12-07,6.5,5.7,28.0,88,1007.6
2023-12-08,7.9,0.0,21.4,89,1004.5
2023-12-09,9.6,7.9,33.6,83,996.8
2023-12-10,9.3,2.1,35.0,80,1001.6
2023-12-11,8.3,0.0,38.0,84,1003.4
2023-12-12,9.2,7.3,21.3,92,997.9
2023-12-13,7.0,0.5,31.3,87,1002.8
2023-12-14,4.5,0.9,15.6,93,1021.6
2023-12-15,5.0,0.0,12.9,91,1035.6
2023-12-16,8.8,0.0,21.2,94,1038.6
2023-12-17,8.9,0.0,30.6,88,1034.2
2023-12-18,10.0,0.0,25.0,89,1028.3
2023-12-19,9.8,12.7,26.1,91,1020.1
2023-12-20,7.9,0.0,27.3,84,1018.2
2023-12-21,11.0,0.3,35.3,75,1008.6
2023-12-22,9.9,0.3,33.6,74,1012.8
2023-12-23,9.5,0.0,30.3,80,1013.4
2023-12-24,12.4,1.2,33.8,86,1006.3
2023-12-25,12.2,3.2,29.5,88,1007.1
2023-12-26,7.0,0.2,23.7,85,1015.2
2023-12-27,10.1,6.3,40.2,87,1006.9
2023-12-28,10.6,0.4,40.5,77,1005.3
2023-12-29,8.5,1.5,28.2,81,1007.0
2023-12-30,9.1,3.6,37.0,85,1004.8
2023-12-31,8.2,7.6,40.7,81,988.9
2024-01-01,7.9,10.5,30.6,79,999.4
2024-01-02,10.9,7.4,52.3,87,985.6
2024-01-03,8.3,2.3,25.9,86,990.8
2024-01-04,6.8,30.3,27.4,90,999.1
2024-01-05,5.7,2.1,33.7,88,1001.5
2024-01-06,4.7,0.1,16.6,87,1016.3
2024-01-07,3.1,0.0,22.2,74,1027.2
2024-01-08,1.9,0.7,27.6,70,1032.0
2024-01-09,1.6,0.0,31.4,72,1031.0
2024-01-10,1.9,0.0,22.5,75,1029.7
2024-01-11,2.6,0.0,24.0,86,1036.3
2024-01-12,5.1,0.0,18.1,86,1035.8
2024-01-13,3.2,0.0,10.7,86,1025.7
2024-01-14,3.6,1.6,17.1,87,1013.4
2024-01-15,-0.8,0.0,18.8,79,1011.4
2024-01-16,-1.5,0.0,11.8,79,1008.3
2024-01-17,0.1,0.0,19.9,85,993.6
2024-01-18,-2.3,0.0,15.3,73,1007.1
2024-01-19,-0.7,0.0,13.7,81,1022.0
2024-01-20,2.6,0.0,26.9,73,1023.2
2024-01-21,9.2,2.2,49.3,80,1010.2
2024-01-22,9.3,5.1,50.1,77,1007.9
2024-01-23,8.9,2.9,37.4,88,1018.7
2024-01-24,9.4,0.1,36.1,79,1023.3
2024-01-25,9.2,0.1,27.6,93,1025.1
2024-01-26,7.6,1.6,33.2,77,1027.2
2024-01-27,3.8,0.0,18.7,86,1032.9
2024-01-28,5.9,0.0,13.7,85,1023.1
2024-01-29,10.8,0.0,25.4,88,1022.2
2024-01-30,8.3,0.0,27.9,82,1027.5
2024-01-31,7.6,0.5,29.0,83,1029.7
2024-02-01,5.9,0.1,19.1,83,1032.6
2024-02-02,9.4,0.0,31.8,86,1029.9
2024-02-03,11.3,0.7,27.1,86,1027.5
2024-02-04,11.4,0.1,35.4,84,1024.9
2024-02-05,9.6,0.0,37.2,80,1020.1
2024-02-06,11.7,8.1,38.7,81,1009.1
2024-02-07,5.8,10.0,20.1,85,1005.4
2024-02-08,7.4,16.5,25.3,93,991.6
2024-02-09,10.5,7.8,32.8,89,977.9
2024-02-10,9.2,2.1,12.5,90,983.2
2024-02-11,7.1,7.3,19.5,89,990.7
2024-02-12,4.8,0.0,16.3,81,1005.6
2024-02-13,8.0,2.6,27.6,87,1011.8
2024-02-14,12.1,2.6,26.8,91,1012.5
2024-02-15,12.9,0.7,19.0,86,1008.9
2024-02-16,10.4,2.0,23.8,85,1015.1
2024-02-17,10.0,1.7,27.2,90,1028.5
2024-02-18,11.3,12.2,27.2,88,1025.3
2024-02-19,9.0,2.2,21.5,85,1029.5
2024-02-20,8.6,0.1,30.0,88,1026.2
2024-02-21,10.0,3.5,36.1,89,1007.3
2024-02-22,7.9,11.5,33.4,90,985.5
2024-02-23,4.7,2.0,23.5,82,986.7
2024-02-24,2.9,1.6,8.7,90,995.0
2024-02-25,4.6,3.6,33.6,90,995.8
2024-02-26,6.1,0.7,43.7,75,1008.8
2024-02-27,4.8,0.5,15.0,85,1020.8
2024-02-28,8.5,1.3,25.1,90,1017.0
2024-02-29,9.1,8.3,26.1,91,1004.2
2024-03-01,5.1,6.6,34.9,81,993.4
2024-03-02,5.0,2.2,27.0,82,992.0
2024-03-03,3.7,0.0,12.0,84,1002.7
2024-03-04,5.3,1.1,23.3,80,1008.9
2024-03-05,7.0,1.8,18.8,87,1012.6
2024-03-06,5.5,0.0,9.7,89,1021.3
2024-03-07,6.7,0.3,25.6,86,1020.3
2024-03-08,6.7,0.0,28.0,79,1007.0
2024-03-09,8.9,0.4,24.5,78,994.9
2024-03-10,8.0,8.6,17.9,93,995.4
2024-03-11,8.0,1.9,19.8,85,1006.0
2024-03-12,10.1,13.3,22.0,89,1011.4
2024-03-13,11.4,0.5,31.4,86,1012.4
2024-03-14,11.6,1.2,28.1,83,1007.1
2024-03-15,11.7,1.3,31.8,83,1005.3
2024-03-16,9.2,1.3,18.5,76,1019.4
2024-03-17,11.4,6.4,20.5,89,1014.9
2024-03-18,10.7,0.2,21.9,86,1014.8
2024-03-19,11.1,0.2,23.2,86,1015.7
2024-03-20,12.0,0.8,11.8,81,1018.5
2024-03-21,10.6,0.0,22.1,87,1024.5
2024-03-22,9.5,0.4,19.7,76,1017.9
2024-03-23,6.3,1.7,32.0,68,1011.8
2024-03-24,7.8,0.0,32.3,66,1010.1
2024-03-25,7.8,0.9,22.3,75,1000.7
2024-03-26,9.2,11.9,25.3,79,987.6
2024-03-27,7.3,2.9,35.0,80,980.9
2024-03-28,8.0,10.2,44.7,80,977.9
2024-03-29,9.3,5.0,31.6,79,987.7
2024-03-30,8.7,0.0,14.2,77,995.0
2024-03-31,8.6,2.0,25.3,86,993.4
2024-04-01,9.6,4.3,21.8,81,994.3
2024-04-02,10.3,4.3,27.1,81,1001.7
2024-04-03,11.4,0.7,35.3,80,1000.4
2024-04-04,12.1,3.6,32.8,81,1003.0
2024-04-05,13.7,5.4,37.7,78,1004.1
2024-04-06,16.0,0.1,36.1,67,1002.4
2024-04-07,12.6,0.0,44.7,72,1008.2
2024-04-08,12.1,1.7,22.0,80,1004.2
2024-04-09,9.3,0.5,40.3,70,1007.6
2024-04-10,9.5,1.7,32.2,84,1025.4
2024-04-11,14.5,0.4,23.4,84,1028.6
2024-04-12,14.0,0.0,26.2,78,1028.5
2024-04-13,14.1,0.0,23.8,77,1022.5
2024-04-14,10.5,0.0,19.7,68,1022.2
2024-04-15,8.5,4.6,38.4,66,1008.4
2024-04-16,8.8,4.6,32.1,73,1012.6
2024-04-17,7.3,0.5,23.2,68,1015.9
2024-04-18,8.4,1.1,21.0,68,1021.5
2024-04-19,10.0,1.0,28.8,72,1018.2
2024-04-20,6.9,0.2,24.2,63,1028.1
2024-04-21,7.3,0.0,26.9,65,1030.0
2024-04-22,6.2,1.0,11.9,79,1028.2
2024-04-23,7.6,1.5,21.7,80,1022.8
2024-04-24,6.7,0.0,21.1,67,1016.5
2024-04-25,7.2,4.2,18.0,77,1005.0
2024-04-26,7.3,0.0,13.1,74,1003.7
2024-04-27,9.0,9.2,22.8,82,1002.8
2024-04-28,8.2,12.3,27.1,84,1004.8
2024-04-29,10.4,0.3,27.7,72,1015.2
2024-04-30,12.5,0.4,25.2,76,1011.4
2024-05-01,14.0,0.1,15.2,82,1007.2
2024-05-02,13.8,3.3,22.4,83,1001.7
2024-05-03,10.6,8.2,24.7,88,1008.9
2024-05-04,11.4,2.7,13.1,80,1010.9
2024-05-05,11.5,0.3,17.8,82,1008.0
2024-05-06,11.7,9.9,15.8,91,1008.4
2024-05-07,13.6,0.3,15.0,79,1021.6
2024-05-08,13.2,0.0,9.9,79,1028.9
2024-05-09,15.3,0.0,11.4,75,1026.7
2024-05-10,15.4,0.0,17.4,71,1023.8
2024-05-11,15.2,0.0,20.9,78,1020.8
2024-05-12,17.6,0.0,19.5,73,1012.8
2024-05-13,15.2,0.3,27.1,76,1007.2
2024-05-14,14.7,6.7,21.0,81,1001.6
2024-05-15,14.9,0.5,14.7,77,1004.7
2024-05-16,13.8,2.1,10.0,85,1005.4
2024-05-17,15.2,0.2,7.9,75,1009.7
2024-05-18,15.2,1.6,13.8,81,1013.0
2024-05-19,15.2,0.2,19.3,72,1014.1
2024-05-20,14.4,0.1,16.2,75,1013.7
2024-05-21,13.2,9.8,12.9,88,1009.5
2024-05-22,13.6,12.9,22.4,91,1007.2
2024-05-23,14.0,0.0,22.7,73,1013.5
2024-05-24,13.0,0.0,12.9,71,1018.6
2024-05-25,14.7,0.1,15.4,71,1016.6
2024-05-26,14.9,5.4,27.9,76,1011.8
2024-05-27,12.9,0.8,19.9,75,1015.2
2024-05-28,14.2,4.0,32.0,86,1012.2
2024-05-29,15.4,0.5,23.9,72,1008.7
2024-05-30,13.8,3.4,22.9,77,1010.6
2024-05-31,13.2,1.1,37.8,76,1018.8
2024-06-01,13.2,0.0,27.8,73,1025.2
2024-06-02,15.4,0.0,14.9,71,1026.5
2024-06-03,16.1,0.3,12.6,76,1021.1
2024-06-04,15.6,3.7,23.4,79,1011.6
2024-06-05,12.1,0.0,20.9,64,1014.2
2024-06-06,13.0,0.1,15.3,66,1017.3
2024-06-07,13.8,0.1,20.9,69,1018.1
2024-06-08,13.8,0.6,19.8,69,1013.6
2024-06-09,12.7,0.0,22.3,66,1012.8
2024-06-10,11.7,8.0,29.5,77,1011.3
2024-06-11,11.1,2.0,14.1,76,1018.6
2024-06-12,12.1,1.0,12.1,72,1020.7
2024-06-13,12.4,1.6,26.7,74,1012.8
2024-06-14,14.8,2.5,28.7,74,1001.0
2024-06-15,13.4,2.5,34.8,73,999.3
2024-06-16,15.0,0.1,23.3,69,1002.5
2024-06-17,15.9,0.0,17.1,69,1010.2
2024-06-18,16.4,0.3,15.5,71,1014.2
2024-06-19,15.0,0.0,22.9,71,1021.0
2024-06-20,15.4,0.0,13.1,68,1020.1
2024-06-21,17.0,0.1,25.5,69,1013.4
2024-06-22,17.4,1.6,17.3,68,1012.9
2024-06-23,17.9,0.0,10.8,69,1019.4
2024-06-24,20.4,0.0,14.3,72,1019.1
2024-06-25,20.8,0.0,18.1,66,1015.9
2024-06-26,21.7,0.0,18.4,66,1011.9
2024-06-27,19.4,0.0,26.0,61,1009.1
2024-06-28,16.8,0.0,25.9,59,1015.5
2024-06-29,17.6,0.0,7.6,60,1013.9
2024-06-30,17.0,0.3,17.7,63,1013.1
2024-07-01,16.6,0.1,20.5,63,1017.7
2024-07-02,15.2,0.1,20.0,67,1017.8
2024-07-03,15.5,1.6,21.6,73,1008.9
2024-07-04,15.9,0.4,30.8,58,1009.2
2024-07-05,16.3,23.1,28.7,84,1005.8
2024-07-06,14.5,9.2,29.7,75,1002.2
2024-07-07,13.6,12.3,24.7,78,1010.0
2024-07-08,14.7,7.1,17.8,81,1014.9
2024-07-09,17.1,15.8,20.4,89,1010.4
2024-07-10,17.6,0.2,28.0,75,1012.4
2024-07-11,16.9,0.3,18.9,71,1017.1
2024-07-12,14.9,0.0,19.2,73,1016.7
2024-07-13,14.6,0.6,14.3,74,1014.0
2024-07-14,16.0,0.1,16.0,76,1012.0
2024-07-15,16.5,7.3,18.9,83,1008.4
2024-07-16,17.4,1.1,19.5,78,1009.7
2024-07-17,17.5,0.0,14.3,75,1020.2
2024-07-18,19.4,0.0,17.6,72,1020.5
2024-07-19,22.3,0.0,14.8,69,1015.9
2024-07-20,19.9,0.1,19.8,78,1008.3
2024-07-21,19.0,0.0,15.5,71,1010.5
2024-07-22,18.4,0.4,30.6,76,1014.5
2024-07-23,19.2,2.1,20.2,76,1017.8
2024-07-24,18.7,0.5,21.4,76,1020.1
2024-07-25,17.9,2.3,26.5,86,1011.4
2024-07-26,17.8,0.0,17.0,71,1010.9
2024-07-27,17.4,0.0,14.7,68,1015.2
2024-07-28,18.4,0.0,14.9,71,1024.6
2024-07-29,20.5,0.0,16.0,65,1020.9
2024-07-30,22.3,0.0,16.2,65,1016.7
2024-07-31,21.4,0.4,21.3,64,1014.8
2024-08-01,21.5,7.6,13.1,75,1012.7
2024-08-02,21.2,1.5,19.5,74,1011.9
2024-08-03,20.0,0.8,21.2,69,1011.3
2024-08-04,17.3,0.0,17.2,63,1015.2
2024-08-05,19.2,0.0,20.7,74,1012.5
2024-08-06,18.8,2.2,22.4,77,1009.5
2024-08-07,17.1,0.0,24.0,69,1012.4
2024-08-08,17.8,0.1,33.8,79,1013.7
2024-08-09,20.3,0.0,26.5,66,1014.0
2024-08-10,19.1,0.0,24.8,74,1019.6
2024-08-11,21.0,0.0,21.4,74,1019.4
2024-08-12,24.3,0.0,20.0,67,1008.8
2024-08-13,19.6,0.0,19.4,64,1009.6
2024-08-14,19.9,0.6,11.3,77,1013.5
2024-08-15,18.8,0.1,33.9,78,1014.5
2024-08-16,19.3,1.2,17.9,66,1014.5
2024-08-17,17.2,0.0,12.2,62,1013.5
2024-08-18,18.2,0.0,17.3,65,1014.4
2024-08-19,17.0,1.7,30.5,74,1015.3
2024-08-20,18.9,0.3,25.1,67,1010.0
2024-08-21,16.2,0.1,24.8,64,1016.5
2024-08-22,17.7,0.7,40.2,78,1006.8
2024-08-23,18.7,0.9,37.4,65,1004.1
2024-08-24,15.5,11.4,19.8,82,1005.6
2024-08-25,15.1,0.0,30.9,70,1017.9
2024-08-26,17.6,0.0,22.3,72,1019.1
2024-08-27,18.5,0.0,22.2,74,1017.9
2024-08-28,20.1,0.0,17.8,70,1013.3
2024-08-29,17.0,0.0,18.4,68,1018.2
2024-08-30,16.3,0.0,18.3,68,1023.0
2024-08-31,17.2,0.0,29.4,74,1022.2
2024-09-01,20.7,0.0,22.0,81,1013.6
2024-09-02,19.5,1.4,22.6,85,1010.4
2024-09-03,18.2,2.9,16.1,82,1012.7
2024-09-04,16.2,0.6,13.2,74,1016.7
2024-09-05,17.4,9.2,34.2,87,1012.3
2024-09-06,18.0,9.4,19.2,91,1010.1
2024-09-07,16.6,6.2,11.0,88,1009.5
2024-09-08,16.1,8.8,13.7,86,1004.1
2024-09-09,15.1,0.0,26.3,77,1009.9
2024-09-10,14.2,2.2,32.2,78,1008.5
2024-09-11,11.1,3.9,30.1,69,1009.4
2024-09-12,9.7,2.6,17.1,76,1016.6
2024-09-13,10.7,0.0,10.8,69,1028.3
2024-09-14,11.8,0.0,15.8,73,1030.5
2024-09-15,13.6,1.5,17.8,81,1027.1
2024-09-16,15.0,0.0,15.7,75,1028.5
2024-09-17,14.9,0.0,22.4,73,1030.6
2024-09-18,17.5,0.0,26.2,77,1027.9
2024-09-19,18.3,0.1,26.1,79,1024.5
2024-09-20,17.5,4.3,24.1,80,1020.8
2024-09-21,18.3,0.6,17.0,80,1017.3
2024-09-22,17.3,18.8,15.4,88,1011.7
2024-09-23,15.7,51.6,23.7,90,1003.9
2024-09-24,14.5,2.4,18.0,80,1003.3
2024-09-25,13.7,10.0,21.9,83,998.3
2024-09-26,13.7,13.1,29.9,87,986.9
2024-09-27,10.5,2.9,29.3,77,1001.5
2024-09-28,9.3,0.0,15.8,75,1023.4
2024-09-29,11.0,5.1,27.8,72,1019.5
2024-09-30,13.9,11.7,32.4,84,1002.2
2024-10-01,12.5,12.7,26.8,86,1007.1
2024-10-02,13.7,1.0,26.7,83,1013.5
2024-10-03,11.3,0.0,18.0,80,1021.2
2024-10-04,10.2,0.0,11.1,80,1021.2
2024-10-05,11.8,0.0,18.6,74,1014.8
2024-10-06,13.8,4.0,23.7,82,1000.3
2024-10-07,14.1,10.7,20.7,86,997.5
2024-10-08,14.1,3.9,27.0,85,992.4
2024-10-09,13.8,2.1,22.1,84,987.2
2024-10-10,9.2,3.3,20.2,79,1005.5
2024-10-11,7.2,0.0,13.6,77,1016.4
2024-10-12,10.6,3.4,21.9,79,1008.6
2024-10-13,7.9,0.0,21.6,73,1018.0
2024-10-14,10.3,14.1,24.6,87,1015.3
2024-10-15,13.3,0.2,19.7,91,1013.6
2024-10-16,17.3,7.6,24.6,88,1002.6
2024-10-17,14.5,1.3,17.2,87,1009.5
2024-10-18,11.5,0.8,18.5,89,1014.1
2024-10-19,13.6,7.1,21.1,86,1011.5
2024-10-20,14.0,3.6,36.7,87,1011.0
2024-10-21,12.3,1.7,22.8,86,1020.6
2024-10-22,11.2,0.2,23.3,89,1028.0
2024-10-23,11.5,0.2,15.5,91,1031.0
2024-10-24,12.6,0.0,17.5,88,1019.4
2024-10-25,13.8,4.2,15.9,92,1014.0
2024-10-26,11.6,0.0,11.3,94,1016.1
2024-10-27,10.2,0.1,16.6,88,1021.7
2024-10-28,13.6,0.4,24.8,88,1021.7
2024-10-29,13.9,0.6,11.5,90,1024.4
2024-10-30,10.5,0.0,9.2,91,1029.0
2024-10-31,9.8,0.0,7.0,94,1027.4
2024-11-01,10.1,0.0,12.6,91,1025.5
2024-11-02,12.2,0.1,13.4,88,1030.1
2024-11-03,11.9,0.0,14.2,84,1028.6
2024-11-04,10.9,0.0,11.0,86,1025.7
2024-11-05,10.8,0.0,8.5,90,1023.5
2024-11-06,10.8,0.0,6.8,91,1030.5
2024-11-07,10.9,0.0,13.5,88,1030.6
2024-11-08,8.7,0.2,14.1,83,1025.9
2024-11-09,7.8,0.0,5.5,81,1024.5
2024-11-10,8.6,0.0,11.2,91,1028.2
2024-11-11,8.8,0.0,14.7,84,1034.8
2024-11-12,8.9,0.0,28.9,81,1035.6
2024-11-13,8.6,0.0,10.9,85,1035.1
2024-11-14,9.5,0.5,11.3,87,1031.7
2024-11-15,8.1,0.0,7.8,82,1027.6
2024-11-16,7.5,0.6,11.4,90,1019.1
2024-11-17,8.2,0.5,14.3,83,1014.8
2024-11-18,7.1,10.8,13.1,93,1009.5
2024-11-19,4.2,9.5,20.4,91,998.5
2024-11-20,1.4,0.0,16.5,77,1009.2
2024-11-21,0.5,0.0,13.0,85,1002.1
2024-11-22,3.0,1.5,18.7,77,1007.9
2024-11-23,8.7,11.6,32.2,86,1003.7
2024-11-24,15.9,7.4,32.8,75,995.3
2024-11-25,10.0,1.4,17.8,77,1001.7
2024-11-26,6.9,0.6,12.0,82,1015.0
2024-11-27,5.9,18.0,18.9,90,1013.2
2024-11-28,2.4,0.0,9.4,93,1028.0
2024-11-29,6.3,0.0,11.6,80,1026.3
2024-11-30,11.5,0.0,12.3,91,1023.2
2024-12-01,11.7,2.2,16.9,92,1014.4
2024-12-02,8.9,0.4,17.5,86,1013.2
2024-12-03,5.6,0.0,8.8,85,1022.7
2024-12-04,6.2,0.8,19.4,88,1024.3
2024-12-05,11.8,8.4,29.3,88,1007.9
2024-12-06,8.1,0.6,26.7,74,1013.1
2024-12-07,8.0,5.9,30.7,80,994.2
2024-12-08,7.1,8.1,28.5,83,1016.1
2024-12-09,7.3,0.2,22.0,81,1030.1
2024-12-10,6.7,0.0,18.8,80,1032.4
2024-12-11,6.2,0.1,14.8,83,1032.5
2024-12-12,6.4,0.3,9.3,92,1031.2
2024-12-13,5.1,0.0,8.2,88,1025.8
2024-12-14,5.4,0.3,12.1,87,1022.9
2024-12-15,9.1,0.0,17.6,90,1027.8
2024-12-16,10.1,0.2,17.8,83,1030.9
2024-12-17,8.5,0.0,19.8,91,1023.6
2024-12-18,12.7,3.8,28.8,86,1006.3
2024-12-19,6.5,3.0,27.8,79,1007.5
2024-12-20,5.5,0.7,15.6,86,1018.9
2024-12-21,8.2,2.3,23.3,86,1011.2
2024-12-22,5.6,1.8,24.6,68,1006.6
2024-12-23,5.2,1.7,20.3,75,1022.4
2024-12-24,9.4,0.0,12.1,97,1026.1
2024-12-25,9.3,0.0,9.9,94,1033.0
2024-12-26,7.4,0.0,4.4,93,1035.0
2024-12-27,6.5,0.0,3.5,96,1033.1
2024-12-28,5.4,0.0,8.3,94,1029.4
2024-12-29,5.8,0.0,11.8,93,1029.9
2024-12-30,7.4,0.0,16.4,89,1027.9
2024-12-31,9.5,0.0,24.7,85,1020.4
