DATE,TG,RR,WS,HU,PP
2015-01-01,25.1,6.3,13.7,87,1011.7
2015-01-02,25.9,0.4,23.3,77,1011.9
2015-01-03,26.2,0.0,18.8,79,1010.7
2015-01-04,26.2,0.6,16.8,79,1009.9
2015-01-05,26.3,1.1,13.8,82,1009.3
2015-01-06,25.8,12.3,13.8,87,1009.2
2015-01-07,25.9,17.6,12.6,85,1010.0
2015-01-08,24.8,87.4,12.4,90,1011.5
2015-01-09,24.4,34.0,13.2,91,1012.1
2015-01-10,25.6,4.7,17.2,86,1010.8
2015-01-11,25.6,14.2,14.6,86,1010.9
2015-01-12,26.3,0.0,20.0,81,1010.6
2015-01-13,26.4,0.4,21.5,81,1011.1
2015-01-14,25.9,1.5,18.8,85,1012.5
2015-01-15,25.9,0.2,21.0,81,1012.2
2015-01-16,25.9,0.0,20.9,77,1012.1
2015-01-17,25.9,0.0,18.8,74,1012.1
2015-01-18,25.9,0.1,20.3,77,1012.3
2015-01-19,25.8,0.0,18.7,77,1012.8
2015-01-20,26.0,0.0,19.4,76,1014.2
2015-01-21,25.6,7.9,16.3,82,1015.1
2015-01-22,25.8,0.0,20.3,78,1014.0
2015-01-23,25.6,0.6,20.3,79,1012.4
2015-01-24,25.7,1.4,16.4,77,1013.0
2015-01-25,25.3,4.0,14.0,82,1013.4
2015-01-26,25.9,0.0,20.1,77,1011.9
2015-01-27,26.2,0.0,17.2,76,1010.9
2015-01-28,26.5,0.1,14.3,75,1010.3
2015-01-29,25.9,0.6,15.7,83,1011.4
2015-01-30,25.8,10.5,14.5,85,1012.3
2015-01-31,25.9,0.0,22.4,77,1012.5
2015-02-01,25.7,0.0,22.2,73,1012.7
2015-02-02,25.5,3.5,18.9,80,1013.6
2015-02-03,24.7,39.4,19.3,82,1014.2
2015-02-04,24.5,42.7,16.6,89,1013.2
2015-02-05,25.2,4.2,21.4,85,1012.5
2015-02-06,25.0,8.1,16.2,87,1012.9
2015-02-07,25.3,1.8,19.7,82,1012.5
2015-02-08,25.6,1.0,21.4,79,1012.4
2015-02-09,25.5,0.4,22.7,78,1012.9
2015-02-10,25.4,0.0,24.0,74,1012.5
2015-02-11,25.3,0.0,19.5,75,1012.0
2015-02-12,25.4,0.2,19.1,76,1011.1
2015-02-13,25.6,0.1,19.9,76,1011.1
2015-02-14,25.7,0.3,16.1,78,1010.8
2015-02-15,26.0,1.0,14.0,78,1010.8
2015-02-16,26.4,0.5,15.1,80,1010.6
2015-02-17,26.3,0.4,16.3,82,1010.2
2015-02-18,26.2,10.8,17.4,82,1011.2
2015-02-19,25.4,8.7,13.8,87,1012.2
2015-02-20,26.2,0.0,13.8,81,1011.7
2015-02-21,26.2,0.1,15.3,80,1011.0
2015-02-22,26.7,0.5,16.1,77,1011.3
2015-02-23,26.7,0.8,14.1,78,1011.6
2015-02-24,26.5,0.7,15.9,80,1010.6
2015-02-25,26.5,1.0,13.6,81,1009.9
2015-02-26,26.6,0.7,11.2,80,1009.7
2015-02-27,27.0,0.3,14.1,77,1009.5
2015-02-28,27.1,0.1,15.2,80,1010.1
2015-03-01,26.5,3.1,13.2,83,1010.8
2015-03-02,26.4,0.6,15.3,80,1011.2
2015-03-03,26.8,1.4,12.0,81,1010.0
2015-03-04,27.1,0.0,10.7,79,1010.9
2015-03-05,27.0,0.5,10.5,77,1011.3
2015-03-06,27.1,0.0,9.6,76,1010.9
2015-03-07,27.1,6.2,12.4,78,1010.9
2015-03-08,26.7,7.9,12.5,83,1011.7
2015-03-09,26.7,6.9,14.0,83,1012.5
2015-03-10,26.3,7.9,15.7,84,1012.1
2015-03-11,25.6,9.2,13.2,86,1013.1
2015-03-12,26.3,1.0,14.4,78,1012.6
2015-03-13,26.8,0.0,15.6,72,1012.8
2015-03-14,27.1,0.6,15.8,76,1013.3
2015-03-15,26.7,4.8,14.1,81,1013.8
2015-03-16,27.0,0.5,10.0,79,1012.5
2015-03-17,27.2,1.6,11.6,80,1010.5
2015-03-18,27.3,1.7,11.8,81,1010.0
2015-03-19,26.6,2.1,10.0,85,1010.7
2015-03-20,26.9,3.5,6.0,84,1011.4
2015-03-21,26.8,9.2,9.2,83,1012.0
2015-03-22,26.5,24.0,6.3,84,1011.6
2015-03-23,27.2,2.1,10.2,78,1010.6
2015-03-24,27.1,6.3,11.7,78,1010.9
2015-03-25,26.9,4.6,13.0,82,1011.7
2015-03-26,27.0,4.5,13.7,83,1012.5
2015-03-27,27.0,3.1,17.1,83,1011.7
2015-03-28,26.5,2.2,16.0,85,1010.5
2015-03-29,26.4,14.4,12.4,85,1010.5
2015-03-30,26.5,6.4,12.1,86,1010.6
2015-03-31,26.6,16.8,13.4,86,1010.7
2015-04-01,26.5,24.8,9.4,86,1010.0
2015-04-02,26.5,20.6,13.9,85,1009.0
2015-04-03,27.1,3.4,8.0,83,1008.0
2015-04-04,27.4,6.6,8.9,84,1007.3
2015-04-05,26.4,10.5,10.5,88,1008.6
2015-04-06,27.0,9.7,9.7,85,1008.4
2015-04-07,27.1,8.5,9.5,85,1008.9
2015-04-08,27.2,0.9,11.3,85,1009.5
2015-04-09,26.9,2.7,15.6,85,1010.2
2015-04-10,27.0,7.9,10.5,83,1010.6
2015-04-11,26.8,7.3,9.8,85,1011.5
2015-04-12,27.2,23.4,9.4,84,1012.2
2015-04-13,27.5,3.7,10.3,81,1010.7
2015-04-14,27.8,0.5,13.1,78,1009.8
2015-04-15,27.2,0.9,12.9,82,1011.5
2015-04-16,27.9,0.7,13.6,79,1011.2
2015-04-17,27.5,1.5,9.8,83,1010.0
2015-04-18,27.6,3.1,9.4,83,1009.7
2015-04-19,27.0,14.6,9.2,85,1010.5
2015-04-20,27.9,3.0,9.6,83,1009.9
2015-04-21,27.2,13.5,11.0,84,1009.8
2015-04-22,26.6,11.0,10.8,85,1009.7
2015-04-23,26.8,6.8,8.9,83,1010.8
2015-04-24,26.5,5.8,9.4,84,1010.6
2015-04-25,26.6,17.5,10.2,85,1010.1
2015-04-26,26.6,7.3,9.5,85,1010.1
2015-04-27,26.6,7.0,8.2,84,1010.9
2015-04-28,27.1,4.9,8.4,85,1010.0
2015-04-29,27.0,16.5,12.6,84,1010.1
2015-04-30,27.1,13.6,12.0,84,1010.4
2015-05-01,27.0,10.6,10.8,84,1010.3
2015-05-02,26.5,9.1,14.5,86,1010.7
2015-05-03,27.2,4.6,11.5,79,1011.0
2015-05-04,27.7,9.8,8.5,80,1010.4
2015-05-05,27.2,5.3,9.0,84,1009.1
2015-05-06,27.4,6.0,9.3,82,1008.9
2015-05-07,26.7,15.0,10.2,87,1009.4
2015-05-08,26.6,12.0,10.8,84,1009.5
2015-05-09,27.5,9.1,14.0,82,1008.8
2015-05-10,27.1,11.5,11.1,87,1009.1
2015-05-11,27.8,6.8,10.5,81,1009.5
2015-05-12,26.9,10.0,11.0,88,1010.2
2015-05-13,27.0,4.9,10.6,86,1010.1
2015-05-14,26.7,9.0,9.1,86,1011.6
2015-05-15,27.5,3.1,8.3,82,1011.4
2015-05-16,27.4,7.7,11.0,85,1009.9
2015-05-17,27.4,2.6,8.6,84,1009.6
2015-05-18,27.6,10.0,10.6,83,1010.4
2015-05-19,27.5,8.0,11.8,83,1010.5
2015-05-20,27.5,9.4,9.7,83,1011.1
2015-05-21,27.3,6.1,12.2,85,1011.2
2015-05-22,27.6,15.7,11.6,81,1011.1
2015-05-23,26.7,5.5,10.4,84,1011.3
2015-05-24,27.6,6.8,13.5,82,1010.7
2015-05-25,27.3,3.1,13.4,83,1011.1
2015-05-26,27.0,12.3,14.6,85,1011.6
2015-05-27,26.9,9.5,12.5,85,1010.4
2015-05-28,27.5,1.9,12.0,81,1009.8
2015-05-29,28.3,1.3,13.9,78,1010.4
2015-05-30,28.5,4.2,14.6,76,1009.7
2015-05-31,27.9,1.8,9.5,81,1009.0
2015-06-01,27.6,7.5,9.4,84,1008.8
2015-06-02,26.7,5.4,11.5,87,1010.5
2015-06-03,27.7,3.5,10.8,81,1009.3
2015-06-04,27.1,7.2,11.6,87,1008.7
2015-06-05,26.9,6.1,10.3,88,1008.2
2015-06-06,26.6,10.7,12.3,87,1008.8
2015-06-07,26.8,7.8,9.7,85,1009.5
2015-06-08,26.8,6.4,10.5,85,1009.8
2015-06-09,27.2,1.5,8.4,82,1010.0
2015-06-10,27.2,7.0,10.1,83,1009.2
2015-06-11,26.8,15.6,12.9,86,1009.1
2015-06-12,26.3,15.4,11.0,85,1009.9
2015-06-13,27.0,2.5,10.1,80,1009.1
2015-06-14,26.6,9.0,13.5,83,1009.3
2015-06-15,26.2,29.9,12.7,88,1009.0
2015-06-16,27.1,3.2,11.6,80,1009.0
2015-06-17,27.7,1.3,13.0,78,1008.3
2015-06-18,27.7,4.7,12.9,81,1008.9
2015-06-19,28.0,0.1,15.4,79,1009.4
2015-06-20,28.4,0.2,15.1,79,1009.6
2015-06-21,28.8,0.0,16.7,76,1009.7
2015-06-22,28.6,0.5,16.9,78,1010.0
2015-06-23,28.5,0.6,17.3,79,1010.5
2015-06-24,28.5,1.0,15.7,76,1011.1
2015-06-25,28.4,0.8,15.3,74,1010.7
2015-06-26,28.5,1.1,13.7,72,1011.0
2015-06-27,28.6,0.0,18.4,73,1012.2
2015-06-28,28.6,2.2,17.7,75,1013.6
2015-06-29,28.6,0.9,12.4,77,1012.9
2015-06-30,28.2,0.8,13.0,80,1012.2
2015-07-01,27.0,2.0,13.8,83,1012.8
2015-07-02,28.2,0.7,16.3,77,1011.3
2015-07-03,28.1,2.9,17.7,75,1010.4
2015-07-04,27.2,1.9,16.3,79,1010.8
2015-07-05,28.4,0.0,16.7,74,1009.4
2015-07-06,28.5,0.4,17.3,76,1008.3
2015-07-07,27.9,9.3,16.3,79,1008.5
2015-07-08,27.3,8.9,16.0,84,1009.5
2015-07-09,27.2,12.3,14.2,86,1009.0
2015-07-10,27.6,0.5,15.5,82,1009.3
2015-07-11,27.6,4.7,15.3,82,1009.1
2015-07-12,27.5,0.9,14.6,83,1008.4
2015-07-13,27.6,9.1,17.2,82,1007.8
2015-07-14,27.6,3.2,17.2,80,1008.3
2015-07-15,27.9,1.0,13.5,80,1008.4
2015-07-16,27.5,7.5,16.1,83,1008.6
2015-07-17,27.4,4.2,14.6,83,1009.6
2015-07-18,27.4,1.9,17.8,83,1009.4
2015-07-19,27.1,1.8,12.3,84,1009.9
2015-07-20,28.0,0.0,19.0,80,1010.1
2015-07-21,27.7,3.9,16.1,81,1011.9
2015-07-22,27.8,5.2,15.9,79,1011.9
2015-07-23,27.9,2.9,12.0,78,1011.9
2015-07-24,27.3,4.6,13.0,82,1011.6
2015-07-25,27.5,0.9,13.2,82,1011.5
2015-07-26,27.1,5.2,13.9,82,1012.5
2015-07-27,27.9,0.3,13.5,75,1012.8
2015-07-28,27.6,0.7,13.8,78,1012.1
2015-07-29,27.1,7.3,15.3,83,1011.3
2015-07-30,27.1,3.0,13.4,81,1011.3
2015-07-31,26.4,14.5,13.9,85,1011.5
2015-08-01,26.4,8.6,14.4,82,1011.8
2015-08-02,27.0,8.9,14.8,81,1011.4
2015-08-03,25.8,10.7,11.4,85,1012.1
2015-08-04,26.6,4.7,10.8,82,1011.0
2015-08-05,26.5,2.5,13.0,83,1009.6
2015-08-06,26.2,5.0,10.5,85,1009.2
2015-08-07,26.7,4.4,14.4,84,1009.2
2015-08-08,27.0,4.8,12.8,82,1008.6
2015-08-09,26.6,4.8,13.4,86,1007.9
2015-08-10,27.5,6.6,18.1,81,1008.9
2015-08-11,26.9,7.4,15.9,85,1010.2
2015-08-12,26.6,9.2,10.2,85,1011.5
2015-08-13,27.0,3.2,14.0,83,1010.5
2015-08-14,27.4,5.2,10.7,81,1010.8
2015-08-15,27.4,4.9,15.5,82,1011.2
2015-08-16,26.3,10.3,15.8,87,1011.9
2015-08-17,27.1,2.6,15.2,80,1011.6
2015-08-18,27.6,0.1,13.2,75,1011.0
2015-08-19,27.9,0.3,14.2,77,1011.1
2015-08-20,27.1,3.2,13.5,82,1011.1
2015-08-21,26.4,3.3,12.1,86,1010.9
2015-08-22,26.8,2.0,14.5,83,1010.3
2015-08-23,27.6,3.6,16.4,76,1010.6
2015-08-24,27.4,2.3,15.0,78,1011.2
2015-08-25,27.6,5.9,13.2,80,1010.8
2015-08-26,27.3,5.3,12.3,82,1011.1
2015-08-27,27.7,0.3,15.1,78,1010.7
2015-08-28,27.5,4.3,14.2,82,1010.7
2015-08-29,28.0,0.4,16.1,80,1010.4
2015-08-30,28.0,0.1,17.4,76,1011.6
2015-08-31,27.9,0.4,19.2,74,1011.4
2015-09-01,27.9,0.0,15.3,74,1010.9
2015-09-02,27.8,0.2,16.1,76,1010.9
2015-09-03,27.8,0.1,16.3,79,1012.0
2015-09-04,26.9,7.4,13.1,84,1012.7
2015-09-05,26.9,2.1,12.2,85,1012.9
2015-09-06,27.0,2.6,10.1,82,1012.5
2015-09-07,27.5,0.0,14.0,78,1011.8
2015-09-08,27.1,4.0,15.1,81,1011.1
2015-09-09,26.6,1.2,13.1,83,1012.3
2015-09-10,26.6,0.0,13.4,81,1012.4
2015-09-11,27.6,0.1,16.9,77,1011.1
2015-09-12,27.6,0.0,18.2,79,1011.2
2015-09-13,27.8,0.3,14.4,79,1011.1
2015-09-14,27.1,10.6,13.8,83,1010.6
2015-09-15,26.4,17.1,12.5,86,1009.6
2015-09-16,27.5,5.6,15.8,80,1008.9
2015-09-17,27.7,0.2,16.2,80,1010.7
2015-09-18,27.6,1.5,17.9,82,1011.8
2015-09-19,27.2,4.4,13.1,85,1010.7
2015-09-20,27.4,3.3,10.1,84,1009.9
2015-09-21,27.0,7.3,11.5,85,1010.1
2015-09-22,27.3,4.7,13.1,81,1010.4
2015-09-23,27.2,0.4,14.5,85,1010.9
2015-09-24,27.2,0.4,12.6,83,1010.4
2015-09-25,27.2,0.0,12.6,79,1010.1
2015-09-26,27.4,0.0,13.7,79,1009.4
2015-09-27,27.0,1.3,12.9,83,1009.5
2015-09-28,26.5,9.7,11.6,86,1010.2
2015-09-29,27.2,0.8,14.3,83,1010.2
2015-09-30,27.4,0.6,14.6,83,1011.9
2015-10-01,26.6,10.5,15.1,87,1012.9
2015-10-02,26.5,0.7,10.7,85,1013.2
2015-10-03,27.6,0.0,15.3,80,1012.5
2015-10-04,27.5,0.8,16.8,81,1012.6
2015-10-05,26.7,2.1,12.0,85,1012.6
2015-10-06,26.6,13.5,11.3,85,1012.0
2015-10-07,26.9,10.8,9.8,83,1012.2
2015-10-08,27.3,4.5,10.2,83,1011.6
2015-10-09,27.3,0.8,11.8,80,1011.5
2015-10-10,27.9,0.4,13.9,78,1012.0
2015-10-11,27.8,0.0,10.4,78,1012.7
2015-10-12,27.4,0.7,11.4,81,1012.8
2015-10-13,27.8,0.3,10.4,80,1012.0
2015-10-14,27.8,7.8,11.7,79,1011.5
2015-10-15,28.1,0.0,10.6,76,1010.8
2015-10-16,27.9,0.0,9.2,75,1010.7
2015-10-17,27.7,0.0,10.7,80,1011.1
2015-10-18,27.9,0.1,15.0,81,1011.6
2015-10-19,27.7,0.0,14.7,78,1010.9
2015-10-20,27.6,0.0,15.8,75,1010.1
2015-10-21,27.9,0.0,16.6,76,1009.9
2015-10-22,27.9,0.0,12.0,78,1010.2
2015-10-23,27.9,0.0,14.8,80,1009.6
2015-10-24,26.9,6.3,13.3,84,1010.3
2015-10-25,26.6,7.3,13.4,85,1010.8
2015-10-26,27.1,19.7,10.2,82,1010.6
2015-10-27,26.9,26.0,9.4,82,1010.7
2015-10-28,26.4,5.4,8.5,83,1011.6
2015-10-29,26.4,9.7,9.3,84,1011.5
2015-10-30,26.1,18.0,10.2,86,1011.2
2015-10-31,26.1,33.7,13.4,87,1011.4
2015-11-01,26.5,10.9,11.3,85,1011.2
2015-11-02,26.6,2.7,10.0,85,1010.7
2015-11-03,27.0,7.4,10.1,83,1010.2
2015-11-04,27.1,1.2,8.1,84,1009.8
2015-11-05,27.1,6.4,8.2,84,1009.5
2015-11-06,26.9,7.3,10.7,83,1010.1
2015-11-07,27.1,16.2,7.3,83,1010.9
2015-11-08,26.0,7.6,10.0,87,1011.3
2015-11-09,27.0,2.0,6.1,83,1009.9
2015-11-10,27.2,3.2,8.2,81,1009.2
2015-11-11,26.2,40.9,7.1,87,1010.2
2015-11-12,26.7,16.6,9.3,84,1010.7
2015-11-13,26.5,10.6,8.1,86,1010.7
2015-11-14,26.8,10.8,9.4,84,1009.3
2015-11-15,26.1,22.0,8.1,87,1009.6
2015-11-16,25.9,19.8,8.7,87,1010.5
2015-11-17,26.5,3.7,6.5,84,1010.2
2015-11-18,27.2,1.8,10.9,82,1009.9
2015-11-19,26.9,5.5,7.9,84,1009.4
2015-11-20,26.0,16.2,7.7,88,1009.4
2015-11-21,26.3,8.6,8.3,86,1008.7
2015-11-22,26.5,9.8,9.4,85,1008.9
2015-11-23,27.1,7.4,8.0,84,1009.1
2015-11-24,26.2,8.5,8.2,87,1009.5
2015-11-25,26.4,10.1,9.3,86,1009.3
2015-11-26,25.7,16.8,11.2,88,1009.3
2015-11-27,25.8,9.9,8.5,87,1009.6
2015-11-28,26.4,12.6,10.5,87,1011.4
2015-11-29,26.0,19.5,8.2,88,1012.0
2015-11-30,26.6,7.3,9.7,84,1011.1
2015-12-01,26.4,18.5,13.0,86,1011.1
2015-12-02,26.6,10.7,7.9,85,1011.3
2015-12-03,26.7,11.8,9.4,87,1010.7
2015-12-04,26.9,18.9,9.2,85,1010.5
2015-12-05,26.9,20.1,9.6,85,1010.7
2015-12-06,26.5,16.0,13.2,87,1010.9
2015-12-07,26.9,3.0,14.0,85,1010.6
2015-12-08,26.3,17.3,8.5,88,1011.3
2015-12-09,27.1,18.6,9.0,84,1011.1
2015-12-10,26.8,10.5,8.7,86,1010.7
2015-12-11,26.8,8.1,8.5,84,1010.5
2015-12-12,26.6,28.0,10.4,87,1010.0
2015-12-13,25.9,16.3,8.7,88,1010.9
2015-12-14,26.6,2.4,10.9,85,1010.1
2015-12-15,26.5,1.5,10.8,83,1010.7
2015-12-16,26.6,2.7,12.7,82,1011.4
2015-12-17,26.2,6.5,15.6,86,1011.7
2015-12-18,26.4,2.5,19.2,84,1012.2
2015-12-19,26.7,0.0,16.9,81,1012.5
2015-12-20,27.0,0.0,14.0,78,1011.4
2015-12-21,27.0,4.2,12.2,82,1011.1
2015-12-22,27.3,2.2,8.0,82,1011.8
2015-12-23,27.0,8.2,11.3,84,1011.4
2015-12-24,26.3,17.8,10.4,87,1011.9
2015-12-25,26.7,4.9,15.7,87,1011.4
2015-12-26,27.1,3.3,18.1,82,1011.7
2015-12-27,26.5,1.2,16.3,86,1013.1
2015-12-28,26.3,4.4,14.6,86,1014.1
2015-12-29,26.4,3.3,16.7,86,1012.9
2015-12-30,26.5,1.8,20.6,83,1012.2
2015-12-31,26.0,4.5,19.0,87,1012.3
2016-01-01,25.9,6.2,18.5,87,1013.5
2016-01-02,25.8,10.3,11.0,89,1013.6
2016-01-03,26.3,2.1,13.1,87,1013.4
2016-01-04,27.1,2.2,10.8,85,1013.1
2016-01-05,27.0,3.1,12.2,85,1012.4
2016-01-06,26.9,7.1,13.3,86,1012.6
2016-01-07,26.9,1.1,14.7,85,1013.0
2016-01-08,27.4,1.8,15.5,82,1012.2
2016-01-09,26.6,10.4,15.0,86,1012.1
2016-01-10,26.9,2.6,11.9,84,1012.1
2016-01-11,27.2,8.6,9.9,83,1011.8
2016-01-12,27.3,0.6,13.5,83,1010.7
2016-01-13,27.0,5.8,12.3,85,1010.2
2016-01-14,26.7,15.7,12.5,86,1010.3
2016-01-15,26.2,18.9,11.0,89,1009.7
2016-01-16,26.9,14.6,8.2,84,1009.7
2016-01-17,26.5,30.3,6.8,86,1010.0
2016-01-18,26.9,10.4,11.9,85,1009.6
2016-01-19,26.7,12.0,10.0,87,1011.4
2016-01-20,27.2,4.9,12.3,83,1011.7
2016-01-21,27.4,0.1,17.3,80,1011.3
2016-01-22,26.8,4.2,15.8,86,1011.6
2016-01-23,27.5,1.0,18.5,82,1012.0
2016-01-24,27.1,4.6,18.5,84,1012.8
2016-01-25,26.4,2.4,22.3,85,1012.4
2016-01-26,26.0,5.8,16.0,88,1012.0
2016-01-27,26.6,4.2,13.2,86,1011.3
2016-01-28,26.7,5.7,16.1,86,1011.1
2016-01-29,26.6,6.0,15.4,87,1011.4
2016-01-30,27.0,1.3,13.1,85,1010.6
2016-01-31,26.7,3.1,13.0,87,1010.3
2016-02-01,27.0,0.1,19.5,82,1010.2
2016-02-02,27.1,0.7,16.1,82,1010.3
2016-02-03,26.8,3.1,13.0,84,1010.4
2016-02-04,26.1,8.3,14.6,89,1009.9
2016-02-05,26.5,9.6,13.7,87,1008.8
2016-02-06,26.3,18.2,19.8,87,1009.9
2016-02-07,26.0,7.9,23.9,84,1010.7
2016-02-08,25.5,11.5,24.3,83,1011.0
2016-02-09,25.6,12.4,13.4,85,1011.1
2016-02-10,26.1,6.8,16.7,88,1011.1
2016-02-11,26.8,1.1,12.8,86,1010.6
2016-02-12,27.4,3.4,14.0,86,1010.3
2016-02-13,27.2,2.4,13.5,87,1010.6
2016-02-14,27.1,11.4,11.5,86,1011.5
2016-02-15,27.3,1.8,13.5,85,1011.9
2016-02-16,27.0,1.1,22.8,80,1013.1
2016-02-17,26.7,0.0,21.0,74,1013.0
2016-02-18,26.2,3.4,13.9,85,1012.3
2016-02-19,25.3,16.6,13.6,90,1012.7
2016-02-20,26.0,3.4,18.3,86,1012.9
2016-02-21,26.4,0.9,20.3,80,1013.5
2016-02-22,26.9,0.7,17.1,79,1013.7
2016-02-23,26.7,2.2,16.9,84,1012.1
2016-02-24,26.0,8.0,16.9,87,1012.6
2016-02-25,26.8,0.0,25.4,79,1013.2
2016-02-26,26.8,0.6,20.0,79,1013.1
2016-02-27,26.7,1.2,19.0,83,1013.0
2016-02-28,26.6,7.8,20.1,86,1013.6
2016-02-29,26.9,0.6,22.2,83,1013.3
2016-03-01,26.9,1.6,20.2,81,1012.3
2016-03-02,26.9,1.2,21.9,84,1012.9
2016-03-03,26.8,4.5,19.2,85,1012.4
2016-03-04,27.0,0.5,16.1,84,1011.3
2016-03-05,26.8,10.6,14.4,86,1011.3
2016-03-06,27.0,6.7,14.6,85,1010.9
2016-03-07,27.5,3.1,15.4,83,1010.3
2016-03-08,27.4,17.4,11.3,85,1009.7
2016-03-09,28.1,0.6,13.0,81,1010.1
2016-03-10,27.9,4.5,12.5,83,1011.1
2016-03-11,27.5,2.6,13.2,85,1011.1
2016-03-12,27.4,12.7,14.4,84,1011.2
2016-03-13,27.3,12.1,11.5,86,1011.8
2016-03-14,27.5,8.1,9.8,85,1011.1
2016-03-15,27.1,4.4,13.0,82,1010.8
2016-03-16,27.6,0.0,11.7,76,1010.9
2016-03-17,27.7,0.0,14.5,78,1010.6
2016-03-18,27.6,0.4,11.6,77,1010.1
2016-03-19,27.8,0.7,16.9,77,1009.8
2016-03-20,27.9,1.8,10.5,80,1010.0
2016-03-21,27.6,8.3,10.7,84,1009.2
2016-03-22,27.3,4.5,12.3,85,1009.8
2016-03-23,27.7,3.6,11.7,84,1010.8
2016-03-24,27.6,2.8,12.0,83,1011.8
2016-03-25,27.8,4.2,10.1,79,1013.1
2016-03-26,27.9,0.1,18.6,77,1013.3
2016-03-27,27.5,3.9,19.4,82,1013.0
2016-03-28,27.4,0.6,19.4,81,1013.1
2016-03-29,27.6,1.9,17.8,79,1013.0
2016-03-30,27.9,0.8,15.9,77,1012.5
2016-03-31,27.9,1.1,15.6,78,1011.1
2016-04-01,28.0,0.3,16.0,77,1010.0
2016-04-02,28.1,0.0,16.9,79,1010.9
2016-04-03,27.2,6.0,11.2,85,1011.3
2016-04-04,27.8,4.3,12.5,83,1010.2
2016-04-05,27.3,1.7,9.5,84,1010.3
2016-04-06,27.9,0.4,10.5,81,1010.6
2016-04-07,28.2,0.1,10.7,76,1010.3
2016-04-08,28.4,1.0,9.4,79,1010.1
2016-04-09,27.8,24.3,10.0,85,1010.6
2016-04-10,27.8,9.5,11.7,85,1010.0
2016-04-11,28.1,7.7,12.0,84,1009.6
2016-04-12,28.3,5.6,11.6,83,1009.2
2016-04-13,27.9,7.6,11.1,85,1009.2
2016-04-14,28.6,0.7,9.2,81,1009.8
2016-04-15,28.2,1.9,9.7,83,1010.5
2016-04-16,28.1,18.6,8.6,84,1009.3
2016-04-17,28.1,11.1,9.9,84,1009.8
2016-04-18,28.8,0.6,9.7,79,1009.3
2016-04-19,28.4,7.2,14.4,82,1009.9
2016-04-20,28.2,2.8,9.8,82,1010.2
2016-04-21,28.5,3.7,12.0,80,1009.9
2016-04-22,27.7,13.7,8.1,84,1009.2
2016-04-23,27.4,9.7,9.5,85,1009.1
2016-04-24,27.4,8.5,7.9,85,1008.6
2016-04-25,27.0,20.5,10.2,88,1009.7
2016-04-26,27.6,12.3,7.1,84,1009.9
2016-04-27,28.3,2.2,6.2,82,1008.5
2016-04-28,27.7,10.8,7.8,85,1009.0
2016-04-29,27.4,4.4,8.5,86,1009.7
2016-04-30,27.4,37.0,7.9,86,1009.4
2016-05-01,27.7,11.1,8.4,84,1009.2
2016-05-02,27.6,9.5,9.1,84,1009.8
2016-05-03,28.2,3.1,9.7,82,1009.2
2016-05-04,28.5,2.3,7.5,81,1008.6
2016-05-05,28.1,18.9,8.9,83,1008.8
2016-05-06,27.8,10.0,8.0,84,1008.0
2016-05-07,27.4,16.5,10.8,88,1009.0
2016-05-08,27.7,4.8,8.6,86,1009.8
2016-05-09,28.0,10.1,10.7,85,1009.4
2016-05-10,28.4,4.7,10.1,84,1008.1
2016-05-11,27.5,13.5,5.6,86,1007.8
2016-05-12,27.4,16.7,10.5,87,1007.5
2016-05-13,27.2,21.9,10.5,87,1008.9
2016-05-14,27.4,14.5,10.3,85,1009.9
2016-05-15,28.2,1.6,7.0,83,1008.8
2016-05-16,27.7,15.1,11.2,85,1008.9
2016-05-17,29.1,0.0,7.2,75,1008.3
2016-05-18,27.3,14.4,11.4,86,1009.2
2016-05-19,27.9,12.5,9.5,84,1008.7
2016-05-20,27.8,12.1,10.0,85,1008.5
2016-05-21,27.6,23.7,15.4,84,1010.7
2016-05-22,27.8,1.3,7.2,80,1010.8
2016-05-23,29.1,1.7,10.7,79,1010.4
2016-05-24,28.6,4.2,14.3,82,1009.8
2016-05-25,27.9,15.8,11.5,85,1009.4
2016-05-26,27.8,3.9,15.8,84,1010.2
2016-05-27,28.0,13.8,19.1,84,1010.7
2016-05-28,28.0,2.8,10.6,83,1009.6
2016-05-29,27.3,20.5,11.1,85,1009.4
2016-05-30,27.3,8.5,8.6,84,1010.6
2016-05-31,28.1,1.2,8.7,80,1010.7
2016-06-01,27.5,8.3,11.4,85,1010.5
2016-06-02,27.8,5.0,9.7,83,1010.2
2016-06-03,28.2,5.0,11.6,81,1010.7
2016-06-04,27.5,4.9,10.8,84,1011.6
2016-06-05,28.4,1.1,9.5,78,1010.8
2016-06-06,29.0,1.1,12.0,75,1011.3
2016-06-07,28.3,5.0,11.6,82,1011.2
2016-06-08,28.0,4.4,11.8,81,1011.3
2016-06-09,28.0,10.7,9.4,82,1011.3
2016-06-10,28.0,0.6,14.3,80,1011.3
2016-06-11,27.0,12.0,15.1,84,1011.6
2016-06-12,27.3,3.5,10.7,84,1011.4
2016-06-13,27.3,6.1,11.5,83,1010.8
2016-06-14,27.6,8.4,9.7,82,1009.7
2016-06-15,27.1,5.8,10.0,84,1009.4
2016-06-16,26.9,17.7,13.4,85,1008.6
2016-06-17,26.7,11.0,16.7,80,1009.9
2016-06-18,26.6,5.9,9.4,84,1010.4
2016-06-19,27.0,1.4,7.7,80,1009.9
2016-06-20,27.2,0.6,15.0,80,1008.7
2016-06-21,28.1,0.3,10.4,80,1009.1
2016-06-22,27.5,9.9,9.7,82,1010.0
2016-06-23,28.5,0.6,14.2,76,1009.1
2016-06-24,27.8,5.7,13.6,81,1009.9
2016-06-25,28.0,1.1,15.0,80,1010.5
2016-06-26,28.3,1.7,15.3,80,1010.0
2016-06-27,28.4,0.4,12.7,80,1009.1
2016-06-28,28.6,0.1,11.4,77,1009.5
2016-06-29,28.9,0.0,10.2,76,1010.1
2016-06-30,28.8,0.5,8.9,78,1010.1
2016-07-01,28.9,0.9,10.2,78,1010.0
2016-07-02,29.0,0.0,15.8,78,1010.7
2016-07-03,29.0,0.0,13.2,79,1010.2
2016-07-04,29.0,3.4,12.2,77,1009.2
2016-07-05,29.0,0.0,15.8,76,1008.9
2016-07-06,27.8,7.1,12.9,84,1009.2
2016-07-07,28.6,0.6,18.9,77,1009.2
2016-07-08,28.8,0.0,13.3,74,1009.8
2016-07-09,28.9,0.0,17.0,74,1009.4
2016-07-10,28.3,4.3,13.5,79,1009.4
2016-07-11,28.0,1.9,15.1,81,1009.7
2016-07-12,28.6,2.8,12.6,80,1008.8
2016-07-13,27.4,7.4,12.4,84,1008.7
2016-07-14,26.8,5.1,9.9,85,1008.7
2016-07-15,26.5,11.3,11.9,86,1009.8
2016-07-16,27.0,5.1,9.5,84,1010.7
2016-07-17,26.8,10.2,8.6,84,1010.6
2016-07-18,26.6,14.0,14.5,86,1009.5
2016-07-19,27.0,8.7,16.2,83,1009.0
2016-07-20,26.4,15.7,13.1,85,1010.0
2016-07-21,27.2,3.9,8.0,80,1009.7
2016-07-22,26.8,3.9,9.6,82,1010.2
2016-07-23,27.2,4.6,11.8,80,1009.6
2016-07-24,26.7,5.3,12.9,82,1009.9
2016-07-25,26.3,8.6,10.8,85,1010.3
2016-07-26,26.8,6.5,9.3,83,1010.0
2016-07-27,27.5,3.6,12.8,80,1009.4
2016-07-28,26.8,1.7,13.6,82,1009.9
2016-07-29,27.3,3.2,14.3,82,1009.6
2016-07-30,27.3,1.0,13.0,81,1009.7
2016-07-31,27.0,6.9,10.8,84,1009.6
2016-08-01,26.7,5.1,14.1,84,1009.4
2016-08-02,27.7,2.1,15.9,81,1007.9
2016-08-03,27.4,3.5,13.7,82,1008.9
2016-08-04,27.9,0.8,17.6,77,1009.8
2016-08-05,28.3,0.0,12.7,74,1010.2
2016-08-06,28.1,0.5,10.5,79,1010.2
2016-08-07,28.4,0.1,11.9,80,1010.3
2016-08-08,28.6,0.0,10.8,80,1010.2
2016-08-09,28.1,3.5,12.5,81,1009.9
2016-08-10,27.7,4.4,12.4,82,1010.2
2016-08-11,26.9,11.6,17.0,85,1011.2
2016-08-12,28.2,1.1,12.9,78,1010.3
2016-08-13,27.2,10.6,15.0,85,1009.6
2016-08-14,27.6,0.8,16.3,81,1009.1
2016-08-15,28.1,0.7,15.9,79,1008.9
2016-08-16,28.1,4.1,15.9,81,1009.0
2016-08-17,28.1,5.2,15.6,80,1008.6
2016-08-18,28.3,2.0,16.0,79,1007.9
2016-08-19,27.5,6.7,15.5,82,1008.3
2016-08-20,27.8,6.7,14.3,81,1008.2
2016-08-21,27.3,12.8,14.1,82,1008.9
2016-08-22,28.2,1.3,11.7,78,1008.1
2016-08-23,27.1,48.8,14.9,85,1007.1
2016-08-24,27.2,5.6,15.7,78,1007.7
2016-08-25,27.3,7.2,15.1,83,1008.5
2016-08-26,27.4,7.1,14.4,82,1009.7
2016-08-27,28.0,0.8,10.6,81,1010.3
2016-08-28,27.8,2.2,11.0,82,1010.3
2016-08-29,27.2,16.7,11.7,84,1009.4
2016-08-30,26.5,8.4,9.3,84,1010.9
2016-08-31,26.5,10.6,12.7,86,1011.4
2016-09-01,26.4,13.9,13.0,84,1011.4
2016-09-02,27.3,0.3,10.2,79,1010.2
2016-09-03,27.9,1.2,10.0,79,1010.2
2016-09-04,27.1,9.1,12.6,85,1011.0
2016-09-05,27.1,2.5,14.3,83,1011.2
2016-09-06,27.1,4.3,13.9,83,1011.2
2016-09-07,27.7,5.2,14.8,78,1011.3
2016-09-08,28.0,2.8,15.3,78,1011.5
2016-09-09,27.9,4.0,11.4,79,1011.3
2016-09-10,27.7,2.1,11.5,80,1009.5
2016-09-11,26.9,14.3,15.0,84,1009.3
2016-09-12,27.0,4.8,14.3,82,1010.3
2016-09-13,28.2,2.3,17.4,79,1009.6
2016-09-14,27.1,6.3,12.3,83,1010.1
2016-09-15,27.8,1.7,14.5,82,1009.6
2016-09-16,27.3,24.7,12.0,84,1009.2
2016-09-17,27.4,5.1,10.8,83,1009.1
2016-09-18,27.2,9.3,14.6,84,1009.0
2016-09-19,27.3,5.9,16.3,82,1008.7
2016-09-20,28.0,1.1,22.4,75,1008.7
2016-09-21,27.3,12.6,16.3,83,1010.1
2016-09-22,27.5,1.1,13.4,81,1009.8
2016-09-23,27.3,10.2,9.3,82,1008.5
2016-09-24,27.4,2.6,10.9,83,1007.6
2016-09-25,27.3,9.3,8.9,84,1008.7
2016-09-26,27.4,4.7,11.4,85,1009.2
2016-09-27,27.3,5.6,10.6,85,1009.3
2016-09-28,28.1,1.0,14.1,81,1008.3
2016-09-29,27.6,12.6,12.2,83,1008.5
2016-09-30,27.7,5.5,8.8,82,1008.8
2016-10-01,27.7,5.2,10.2,80,1010.0
2016-10-02,28.2,1.3,15.5,78,1009.6
2016-10-03,27.5,0.5,16.0,79,1009.2
2016-10-04,27.8,1.0,11.7,81,1008.5
2016-10-05,27.3,1.5,14.2,84,1008.7
2016-10-06,26.8,11.4,12.5,85,1009.8
2016-10-07,26.2,14.6,13.8,85,1011.8
2016-10-08,27.6,0.7,10.7,78,1010.9
2016-10-09,27.5,4.3,11.2,81,1010.5
2016-10-10,27.8,4.7,13.3,82,1009.2
2016-10-11,28.2,0.5,16.9,81,1008.6
2016-10-12,27.9,13.1,18.7,82,1008.2
2016-10-13,27.8,3.0,18.7,82,1007.7
2016-10-14,27.5,5.8,20.5,81,1008.4
2016-10-15,27.6,7.8,15.3,82,1008.3
2016-10-16,26.9,7.2,15.7,83,1008.7
2016-10-17,27.1,19.1,17.9,84,1008.6
2016-10-18,27.9,4.0,12.9,82,1007.9
2016-10-19,27.0,3.5,11.2,84,1007.8
2016-10-20,27.6,8.4,13.2,83,1008.0
2016-10-21,27.9,2.5,10.6,83,1008.9
2016-10-22,26.9,6.7,10.9,84,1009.9
2016-10-23,27.3,3.4,7.8,82,1009.6
2016-10-24,26.8,6.2,12.7,85,1009.0
2016-10-25,25.8,25.1,6.5,87,1009.4
2016-10-26,26.7,2.5,12.2,83,1010.4
2016-10-27,26.4,8.3,9.7,84,1011.0
2016-10-28,26.6,5.9,6.7,82,1009.9
2016-10-29,26.4,9.2,13.4,85,1009.9
2016-10-30,26.4,9.2,9.3,84,1010.3
2016-10-31,26.4,24.3,11.0,87,1010.3
2016-11-01,26.2,13.3,11.5,85,1010.1
2016-11-02,26.7,6.0,8.9,83,1009.8
2016-11-03,26.5,14.0,13.9,85,1009.9
2016-11-04,26.7,6.2,14.2,85,1009.1
2016-11-05,26.7,9.3,15.7,84,1010.2
2016-11-06,27.6,2.5,12.8,83,1010.6
2016-11-07,26.8,18.7,9.4,85,1011.2
2016-11-08,27.0,5.1,8.2,85,1011.0
2016-11-09,26.2,10.2,8.1,86,1011.9
2016-11-10,26.0,9.8,7.6,85,1011.3
2016-11-11,26.0,15.6,6.9,86,1010.9
2016-11-12,26.4,24.5,7.0,86,1010.6
2016-11-13,26.3,32.7,8.7,86,1010.2
2016-11-14,25.7,49.4,8.8,87,1010.3
2016-11-15,26.5,22.5,10.6,85,1009.4
2016-11-16,26.0,5.9,11.4,87,1009.8
2016-11-17,27.2,3.8,8.5,82,1008.4
2016-11-18,26.4,24.8,7.1,87,1007.8
2016-11-19,26.6,7.1,5.9,86,1007.5
2016-11-20,26.4,6.4,11.5,87,1008.1
2016-11-21,27.1,10.3,14.4,84,1008.2
2016-11-22,26.6,8.3,10.0,86,1008.9
2016-11-23,26.9,9.8,9.1,84,1008.6
2016-11-24,26.4,13.0,7.2,85,1008.4
2016-11-25,26.5,9.7,7.6,84,1007.9
2016-11-26,26.3,22.8,10.3,87,1008.3
2016-11-27,26.1,11.5,13.7,88,1009.1
2016-11-28,26.3,9.1,14.0,86,1010.2
2016-11-29,26.4,4.5,13.2,84,1010.8
2016-11-30,26.6,9.7,14.0,81,1010.6
2016-12-01,25.5,30.6,11.6,87,1010.4
2016-12-02,26.2,14.2,13.8,85,1009.4
2016-12-03,27.1,4.5,10.9,83,1009.4
2016-12-04,27.2,1.6,9.7,83,1009.4
2016-12-05,27.5,1.8,9.0,84,1009.1
2016-12-06,27.6,1.7,12.8,84,1008.5
2016-12-07,27.4,3.6,11.6,83,1008.2
2016-12-08,26.8,7.4,14.5,85,1007.8
2016-12-09,26.8,8.3,12.4,84,1008.2
2016-12-10,26.9,10.2,11.6,82,1008.8
2016-12-11,26.3,3.7,18.4,84,1009.6
2016-12-12,27.4,0.3,18.9,78,1009.4
2016-12-13,27.2,6.4,12.9,82,1009.6
2016-12-14,27.5,1.5,13.8,81,1009.2
2016-12-15,27.6,0.0,13.3,80,1009.5
2016-12-16,27.3,1.3,13.4,82,1010.0
2016-12-17,26.7,9.6,12.3,84,1010.5
2016-12-18,27.0,5.5,17.1,83,1010.0
2016-12-19,26.8,9.2,16.1,84,1009.3
2016-12-20,27.4,2.8,21.3,81,1008.7
2016-12-21,27.4,1.3,16.9,82,1009.1
2016-12-22,26.4,42.1,8.6,86,1009.1
2016-12-23,26.4,9.8,10.5,86,1008.7
2016-12-24,26.4,3.8,13.8,86,1009.1
2016-12-25,26.5,17.6,13.4,86,1009.5
2016-12-26,26.1,5.4,14.8,85,1009.4
2016-12-27,25.5,16.7,13.7,86,1009.4
2016-12-28,25.8,5.2,16.6,83,1010.5
2016-12-29,26.8,1.2,15.5,80,1010.2
2016-12-30,26.1,6.4,17.2,84,1009.6
2016-12-31,25.9,6.4,13.4,86,1009.2
2017-01-01,26.1,7.8,20.3,89,1008.4
2017-01-02,25.9,7.2,14.5,89,1009.0
2017-01-03,25.8,4.3,17.4,90,1008.7
2017-01-04,26.9,1.6,17.5,84,1008.1
2017-01-05,27.3,0.0,13.8,85,1007.5
2017-01-06,27.7,1.2,14.8,84,1006.9
2017-01-07,27.9,6.6,10.5,82,1006.1
2017-01-08,27.9,0.0,15.6,82,1006.5
2017-01-09,27.9,2.4,16.6,84,1007.2
2017-01-10,27.5,0.5,19.5,83,1008.3
2017-01-11,27.3,8.6,17.2,85,1008.5
2017-01-12,27.4,0.2,12.4,85,1008.1
2017-01-13,26.8,2.1,13.8,87,1008.2
2017-01-14,27.0,3.4,15.8,86,1009.4
2017-01-15,26.8,5.2,13.4,86,1009.5
2017-01-16,26.9,0.5,15.5,86,1009.2
2017-01-17,26.8,1.4,16.4,85,1010.0
2017-01-18,26.8,4.9,15.8,86,1010.8
2017-01-19,26.5,14.2,15.0,87,1010.4
2017-01-20,26.5,5.5,15.5,87,1010.5
2017-01-21,25.9,12.6,20.4,88,1011.9
2017-01-22,25.9,17.8,28.3,87,1011.8
2017-01-23,24.8,84.5,23.8,91,1011.6
2017-01-24,23.9,67.9,23.7,90,1012.2
2017-01-25,25.8,8.4,17.7,86,1012.0
2017-01-26,26.0,5.9,18.3,87,1011.3
2017-01-27,25.9,3.4,24.7,86,1010.4
2017-01-28,25.5,5.1,20.7,86,1010.7
2017-01-29,25.3,14.7,16.8,89,1011.1
2017-01-30,25.7,5.3,16.6,88,1010.0
2017-01-31,26.2,2.4,22.4,83,1010.2
2017-02-01,26.9,0.0,19.3,80,1011.2
2017-02-02,26.2,3.7,13.6,85,1011.1
2017-02-03,26.5,1.9,17.6,85,1010.0
2017-02-04,26.6,3.0,16.2,85,1009.2
2017-02-05,26.8,3.7,16.4,85,1009.0
2017-02-06,26.9,5.3,17.4,84,1009.5
2017-02-07,25.8,10.8,15.6,88,1010.4
2017-02-08,26.4,1.5,15.5,84,1010.1
2017-02-09,26.8,0.7,17.3,80,1009.6
2017-02-10,27.0,0.6,23.7,78,1010.1
2017-02-11,26.9,0.4,29.5,77,1011.8
2017-02-12,26.1,1.3,31.5,80,1012.6
2017-02-13,25.9,3.4,29.8,84,1013.3
2017-02-14,25.5,5.4,27.6,86,1013.7
2017-02-15,25.4,11.9,24.6,86,1013.2
2017-02-16,26.2,0.3,29.2,80,1012.0
2017-02-17,26.4,0.7,24.1,82,1011.9
2017-02-18,26.4,0.9,25.1,84,1011.8
2017-02-19,26.6,1.4,26.0,86,1010.2
2017-02-20,27.0,2.5,25.3,84,1009.3
2017-02-21,26.5,4.8,9.7,86,1010.8
2017-02-22,26.8,2.9,20.3,86,1010.5
2017-02-23,26.7,4.9,15.0,83,1011.3
2017-02-24,25.6,8.9,13.7,84,1011.4
2017-02-25,26.1,8.5,16.3,88,1009.9
2017-02-26,26.3,4.0,18.9,85,1008.9
2017-02-27,26.4,3.2,24.2,85,1009.2
2017-02-28,25.7,24.7,21.9,88,1009.9
2017-03-01,25.1,16.9,16.8,91,1009.9
2017-03-02,26.1,9.6,25.6,85,1009.1
2017-03-03,25.8,8.2,20.2,88,1008.5
2017-03-04,26.3,3.1,19.6,85,1008.4
2017-03-05,26.7,1.4,19.2,85,1008.9
2017-03-06,26.5,2.4,15.3,84,1008.8
2017-03-07,26.1,2.4,15.7,85,1009.9
2017-03-08,26.9,1.1,21.4,80,1009.4
2017-03-09,26.8,0.4,25.1,79,1008.9
2017-03-10,27.0,0.0,24.2,79,1009.1
2017-03-11,27.2,6.0,16.9,82,1010.3
2017-03-12,26.8,8.4,10.7,86,1010.7
2017-03-13,26.4,21.5,17.7,85,1010.8
2017-03-14,26.8,1.5,14.0,85,1010.9
2017-03-15,28.0,0.0,19.8,80,1009.1
2017-03-16,27.3,6.8,17.3,83,1009.2
2017-03-17,27.1,7.0,16.3,83,1009.9
2017-03-18,27.3,3.5,17.5,85,1011.1
2017-03-19,26.7,17.1,15.2,82,1011.4
2017-03-20,26.4,5.6,9.7,87,1011.0
2017-03-21,27.3,3.7,15.2,84,1010.0
2017-03-22,27.8,2.0,18.0,84,1009.4
2017-03-23,28.1,1.2,16.1,80,1009.5
2017-03-24,27.9,0.2,15.6,81,1010.3
2017-03-25,27.9,1.6,17.2,83,1010.1
2017-03-26,27.9,5.2,16.5,84,1010.7
2017-03-27,28.0,4.8,21.3,81,1011.0
2017-03-28,26.4,12.1,19.9,87,1011.5
2017-03-29,27.0,3.4,12.5,84,1011.6
2017-03-30,26.4,17.8,13.3,88,1012.2
2017-03-31,27.6,0.6,9.0,85,1010.9
2017-04-01,26.5,8.4,16.0,88,1010.7
2017-04-02,26.8,13.6,17.8,87,1011.0
2017-04-03,27.3,2.0,19.1,86,1010.9
2017-04-04,28.0,2.4,20.3,84,1009.9
2017-04-05,28.1,8.6,17.7,84,1008.6
2017-04-06,27.6,9.1,18.7,85,1008.4
2017-04-07,27.4,6.5,16.6,88,1008.6
2017-04-08,26.9,2.8,12.8,89,1009.0
2017-04-09,27.7,10.5,11.2,86,1008.6
2017-04-10,27.8,4.7,12.1,84,1008.1
2017-04-11,28.4,5.8,11.7,81,1008.2
2017-04-12,27.7,2.6,11.0,84,1009.1
2017-04-13,27.1,7.1,13.1,86,1010.5
2017-04-14,27.9,5.8,18.4,81,1009.5
2017-04-15,27.3,8.4,15.1,87,1009.6
2017-04-16,28.1,9.2,12.9,81,1009.6
2017-04-17,28.2,4.6,16.9,82,1009.7
2017-04-18,26.8,35.5,12.3,86,1010.3
2017-04-19,27.8,2.2,13.0,82,1010.4
2017-04-20,27.4,13.5,11.9,86,1010.4
2017-04-21,27.7,26.8,14.7,84,1010.2
2017-04-22,27.6,12.2,13.7,87,1010.5
2017-04-23,28.2,1.9,11.9,85,1010.2
2017-04-24,27.3,10.2,14.0,87,1010.2
2017-04-25,26.9,15.2,12.6,87,1010.1
2017-04-26,26.9,12.2,15.5,87,1010.4
2017-04-27,27.4,5.6,15.7,83,1010.3
2017-04-28,26.9,5.5,15.8,88,1010.6
2017-04-29,27.2,6.9,11.2,85,1010.9
2017-04-30,27.7,7.4,15.0,83,1010.5
2017-05-01,27.7,7.7,13.8,86,1010.6
2017-05-02,27.9,7.7,13.7,84,1010.7
2017-05-03,28.0,5.5,11.7,83,1010.0
2017-05-04,27.6,6.7,12.6,86,1010.5
2017-05-05,28.0,3.2,12.9,84,1011.2
2017-05-06,27.6,10.8,15.1,82,1011.8
2017-05-07,27.3,9.9,14.7,84,1011.0
2017-05-08,27.6,11.4,15.8,83,1009.4
2017-05-09,27.9,5.7,18.4,84,1008.7
2017-05-10,26.5,17.8,15.4,89,1009.8
2017-05-11,27.8,1.0,16.8,85,1009.4
2017-05-12,27.7,1.3,12.9,86,1008.7
2017-05-13,28.0,4.6,14.6,86,1008.3
2017-05-14,28.5,4.6,18.5,82,1008.0
2017-05-15,28.1,6.6,18.9,85,1007.9
2017-05-16,28.5,9.9,20.9,84,1007.6
2017-05-17,28.8,5.2,20.1,83,1007.9
2017-05-18,27.9,12.5,19.7,85,1009.3
2017-05-19,28.3,3.2,17.9,83,1008.6
2017-05-20,28.1,8.1,17.0,84,1007.7
2017-05-21,27.9,10.6,19.1,87,1007.8
2017-05-22,28.5,2.8,18.0,83,1008.6
2017-05-23,28.5,7.6,21.6,83,1008.6
2017-05-24,27.6,17.0,15.6,86,1008.5
2017-05-25,28.6,12.7,18.2,83,1008.1
2017-05-26,27.8,5.6,17.8,86,1008.1
2017-05-27,27.9,6.2,14.0,87,1007.7
2017-05-28,28.6,7.5,15.8,83,1007.7
2017-05-29,28.4,6.8,17.4,85,1008.3
2017-05-30,27.8,0.4,13.8,85,1009.1
2017-05-31,27.4,35.2,16.7,85,1010.1
2017-06-01,27.4,3.2,16.8,83,1009.7
2017-06-02,28.1,1.4,15.3,81,1010.6
2017-06-03,28.7,0.0,15.5,81,1010.2
2017-06-04,28.9,0.4,19.1,83,1009.5
2017-06-05,28.7,0.2,20.3,84,1009.3
2017-06-06,28.8,0.5,17.1,83,1009.5
2017-06-07,28.7,1.9,16.5,81,1009.6
2017-06-08,28.6,4.2,12.7,82,1008.9
2017-06-09,28.7,1.7,14.9,82,1009.0
2017-06-10,27.5,5.1,15.5,85,1010.2
2017-06-11,28.0,1.4,16.7,82,1010.2
2017-06-12,28.2,4.2,14.2,83,1010.0
2017-06-13,27.9,9.3,18.6,82,1010.4
2017-06-14,27.8,7.6,18.4,83,1011.0
2017-06-15,28.2,2.5,11.8,82,1010.2
2017-06-16,28.3,2.2,13.1,82,1009.5
2017-06-17,27.7,7.7,17.8,83,1009.1
2017-06-18,26.9,16.1,19.6,87,1009.6
2017-06-19,27.6,6.2,19.7,85,1009.5
2017-06-20,28.0,2.0,15.6,82,1009.5
2017-06-21,27.9,1.5,18.4,83,1009.8
2017-06-22,27.5,8.9,19.4,84,1009.8
2017-06-23,27.0,11.4,17.6,86,1009.2
2017-06-24,27.9,3.1,15.1,81,1008.5
2017-06-25,27.0,4.5,12.5,84,1009.3
2017-06-26,27.3,5.5,14.1,82,1010.1
2017-06-27,27.5,3.2,13.8,84,1010.0
2017-06-28,27.8,8.9,12.3,82,1009.9
2017-06-29,27.4,3.5,15.6,85,1009.9
2017-06-30,28.1,0.0,19.9,82,1009.0
2017-07-01,28.0,7.2,18.6,84,1009.0
2017-07-02,27.8,16.2,21.1,83,1009.6
2017-07-03,27.0,1.0,17.3,85,1010.1
2017-07-04,27.7,12.3,18.8,84,1009.9
2017-07-05,26.9,8.9,18.7,86,1011.2
2017-07-06,27.6,3.8,22.4,82,1010.4
2017-07-07,27.5,5.9,21.7,82,1010.7
2017-07-08,27.2,7.7,17.4,84,1010.8
2017-07-09,26.9,5.8,16.4,85,1011.1
2017-07-10,27.5,5.4,16.6,83,1010.2
2017-07-11,26.7,16.9,16.1,86,1010.8
2017-07-12,27.0,7.0,22.3,84,1010.8
2017-07-13,26.9,4.6,21.3,85,1010.3
2017-07-14,26.7,5.1,20.9,82,1010.7
2017-07-15,27.3,0.0,21.8,80,1009.8
2017-07-16,27.6,0.6,29.9,79,1009.2
2017-07-17,27.9,0.1,23.0,81,1009.5
2017-07-18,27.7,0.3,25.2,81,1011.0
2017-07-19,27.8,0.1,17.3,82,1009.8
2017-07-20,27.8,1.2,19.1,82,1009.8
2017-07-21,28.2,0.2,18.9,83,1010.1
2017-07-22,28.4,1.9,20.4,82,1010.3
2017-07-23,28.3,0.6,21.2,82,1009.6
2017-07-24,28.3,1.0,24.0,81,1008.6
2017-07-25,28.2,3.6,23.2,80,1008.1
2017-07-26,27.4,4.5,23.5,83,1008.8
2017-07-27,28.0,0.6,25.7,81,1009.4
2017-07-28,28.4,0.9,19.2,81,1010.5
2017-07-29,28.4,0.1,22.7,82,1009.6
2017-07-30,28.0,4.3,20.1,84,1009.1
2017-07-31,28.1,4.2,23.0,84,1009.9
2017-08-01,27.7,6.6,18.7,83,1010.6
2017-08-02,27.5,7.8,22.9,80,1010.3
2017-08-03,27.9,0.3,25.8,78,1008.8
2017-08-04,28.3,0.1,23.4,78,1008.4
2017-08-05,28.2,2.4,23.1,81,1008.5
2017-08-06,27.7,6.8,21.3,83,1009.3
2017-08-07,27.3,13.8,19.4,84,1010.0
2017-08-08,26.7,11.3,17.6,86,1011.0
2017-08-09,26.6,3.2,18.3,86,1011.0
2017-08-10,27.2,7.0,14.5,83,1010.0
2017-08-11,26.4,15.7,13.6,86,1010.4
2017-08-12,26.4,3.0,13.2,84,1010.9
2017-08-13,26.3,12.0,16.1,86,1011.2
2017-08-14,27.3,5.6,22.1,81,1010.7
2017-08-15,26.3,4.7,17.1,88,1010.5
2017-08-16,26.9,4.8,13.8,84,1008.9
2017-08-17,26.5,10.3,15.2,85,1008.9
2017-08-18,27.3,6.8,15.6,82,1009.5
2017-08-19,27.8,0.3,20.0,82,1009.3
2017-08-20,27.9,2.1,19.8,83,1008.4
2017-08-21,27.1,12.6,17.6,84,1008.7
2017-08-22,27.2,9.6,25.7,82,1009.0
2017-08-23,27.9,3.4,24.4,83,1008.5
2017-08-24,27.7,10.2,20.6,84,1008.5
2017-08-25,27.4,9.5,20.9,83,1008.2
2017-08-26,27.0,9.1,20.5,85,1007.8
2017-08-27,27.3,3.6,21.7,82,1007.7
2017-08-28,27.2,10.3,14.4,86,1008.7
2017-08-29,26.8,8.3,17.8,85,1009.8
2017-08-30,27.2,1.2,15.3,85,1010.2
2017-08-31,27.7,2.3,19.2,84,1010.2
2017-09-01,27.2,7.2,16.0,85,1010.2
2017-09-02,28.0,1.8,16.6,82,1009.2
2017-09-03,27.8,3.2,18.0,82,1009.7
2017-09-04,27.4,12.8,17.4,84,1009.6
2017-09-05,27.0,12.6,17.9,84,1009.7
2017-09-06,26.9,9.6,15.1,85,1009.8
2017-09-07,27.1,6.6,13.6,84,1009.5
2017-09-08,27.2,4.3,16.1,85,1009.4
2017-09-09,27.5,7.9,18.1,82,1008.9
2017-09-10,27.4,4.2,20.0,84,1010.0
2017-09-11,26.7,3.1,11.8,87,1010.7
2017-09-12,28.0,2.4,12.8,84,1010.0
2017-09-13,28.1,5.4,12.8,80,1009.7
2017-09-14,27.1,7.2,16.3,85,1008.9
2017-09-15,27.0,11.3,20.9,86,1009.1
2017-09-16,27.4,0.4,17.2,83,1010.4
2017-09-17,27.1,20.1,22.2,85,1011.6
2017-09-18,27.0,2.2,13.7,84,1011.7
2017-09-19,26.6,10.6,12.9,88,1011.0
2017-09-20,27.1,3.1,20.0,81,1010.2
2017-09-21,27.4,0.1,16.6,80,1009.3
2017-09-22,27.9,2.2,17.6,82,1009.8
2017-09-23,27.7,1.3,17.0,81,1010.5
2017-09-24,28.2,0.9,18.1,80,1009.1
2017-09-25,27.6,12.3,14.3,85,1008.5
2017-09-26,27.1,3.8,10.5,88,1009.8
2017-09-27,27.5,8.5,17.7,85,1010.4
2017-09-28,27.2,19.4,12.2,85,1009.8
2017-09-29,27.0,12.3,15.8,85,1010.5
2017-09-30,27.2,7.0,15.2,87,1011.0
2017-10-01,26.9,7.9,12.4,87,1010.1
2017-10-02,27.4,3.9,14.8,84,1008.9
2017-10-03,26.9,5.3,11.3,85,1009.5
2017-10-04,26.4,9.9,17.7,87,1009.9
2017-10-05,27.0,1.0,12.6,86,1009.2
2017-10-06,27.4,3.3,10.4,84,1008.7
2017-10-07,27.2,3.1,11.3,86,1008.3
2017-10-08,27.0,10.3,14.8,86,1007.6
2017-10-09,26.9,20.8,17.5,85,1006.9
2017-10-10,27.4,7.0,17.0,84,1007.0
2017-10-11,27.8,3.7,14.9,85,1007.5
2017-10-12,26.7,38.0,16.3,86,1008.8
2017-10-13,27.0,3.1,15.5,81,1008.4
2017-10-14,28.0,0.0,15.6,83,1007.9
2017-10-15,28.0,5.2,14.2,87,1008.8
2017-10-16,28.1,0.4,17.9,84,1009.1
2017-10-17,28.5,0.0,13.5,84,1008.6
2017-10-18,28.7,1.0,10.5,82,1009.3
2017-10-19,28.4,1.1,10.4,85,1010.6
2017-10-20,28.9,5.0,12.7,82,1011.2
2017-10-21,27.9,6.8,13.2,84,1011.0
2017-10-22,27.4,7.8,15.3,88,1010.2
2017-10-23,27.5,0.4,19.5,88,1010.9
2017-10-24,27.4,1.0,11.9,88,1011.6
2017-10-25,27.6,7.8,14.5,83,1011.8
2017-10-26,27.0,5.2,16.3,86,1010.8
2017-10-27,26.8,1.3,15.9,87,1009.7
2017-10-28,27.5,1.6,15.1,85,1009.4
2017-10-29,26.4,11.5,13.0,87,1010.0
2017-10-30,26.3,4.2,14.2,86,1009.4
2017-10-31,26.2,14.9,14.9,88,1009.3
2017-11-01,27.2,1.7,11.3,85,1008.2
2017-11-02,27.5,7.8,17.3,84,1006.8
2017-11-03,27.3,10.1,17.3,84,1006.8
2017-11-04,27.4,7.6,22.7,82,1007.1
2017-11-05,27.5,20.9,17.2,81,1007.1
2017-11-06,27.1,17.1,8.9,84,1007.2
2017-11-07,26.7,20.0,10.0,87,1008.1
2017-11-08,27.2,2.1,16.1,85,1007.9
2017-11-09,26.6,7.1,13.4,87,1008.0
2017-11-10,26.7,10.3,11.5,87,1008.4
2017-11-11,26.8,3.8,17.6,87,1008.7
2017-11-12,27.0,7.6,16.3,88,1008.5
2017-11-13,26.7,18.9,12.3,86,1007.8
2017-11-14,25.9,17.1,18.4,89,1008.8
2017-11-15,27.1,3.9,10.2,86,1008.8
2017-11-16,27.4,12.6,16.5,83,1008.6
2017-11-17,26.9,3.7,14.0,84,1008.3
2017-11-18,27.3,6.1,10.0,83,1008.2
2017-11-19,27.3,1.0,13.4,85,1008.5
2017-11-20,27.1,2.2,16.3,86,1008.8
2017-11-21,26.4,9.9,13.9,88,1008.0
2017-11-22,27.5,2.5,12.5,82,1006.8
2017-11-23,26.2,8.8,15.3,88,1007.9
2017-11-24,26.1,10.2,15.0,89,1008.6
2017-11-25,27.0,7.9,15.2,83,1008.7
2017-11-26,25.7,10.6,15.5,90,1008.6
2017-11-27,25.6,8.7,18.8,90,1007.4
2017-11-28,26.5,3.6,20.8,87,1007.2
2017-11-29,26.4,14.1,23.2,88,1007.1
2017-11-30,26.9,0.2,26.3,85,1006.5
2017-12-01,27.0,0.7,15.7,86,1007.2
2017-12-02,27.5,3.9,13.1,85,1007.5
2017-12-03,27.5,5.9,10.2,87,1007.5
2017-12-04,27.4,6.5,9.7,88,1007.3
2017-12-05,27.6,8.4,16.3,88,1008.0
2017-12-06,27.1,9.9,12.7,86,1008.7
2017-12-07,26.4,5.0,14.0,88,1009.7
2017-12-08,26.2,7.1,18.3,87,1010.4
2017-12-09,25.6,2.4,22.0,86,1011.1
2017-12-10,27.0,2.2,14.5,81,1011.4
2017-12-11,26.6,4.6,14.3,84,1011.5
2017-12-12,25.8,8.3,13.0,87,1011.3
2017-12-13,25.9,17.1,12.4,88,1011.3
2017-12-14,26.5,4.7,15.9,85,1010.9
2017-12-15,26.4,10.1,11.5,85,1010.9
2017-12-16,26.4,3.4,12.8,84,1011.4
2017-12-17,26.5,1.8,23.3,82,1011.9
2017-12-18,26.8,0.0,28.7,78,1011.5
2017-12-19,26.0,0.3,30.4,82,1011.1
2017-12-20,26.0,0.4,26.1,83,1011.5
2017-12-21,26.5,1.4,22.5,82,1010.0
2017-12-22,26.9,10.2,17.8,81,1008.2
2017-12-23,26.7,4.8,22.8,86,1006.7
2017-12-24,25.8,10.0,17.9,88,1007.7
2017-12-25,26.7,2.5,13.7,84,1008.0
2017-12-26,26.2,5.6,13.2,85,1009.0
2017-12-27,26.2,4.0,13.1,87,1009.2
2017-12-28,26.8,1.3,16.8,86,1009.0
2017-12-29,26.7,6.3,22.2,85,1009.2
2017-12-30,25.8,8.6,23.7,88,1009.0
2017-12-31,25.3,27.7,23.3,89,1008.0
2018-01-01,24.6,15.7,13.1,92,1007.9
2018-01-02,25.5,4.2,22.8,88,1007.7
2018-01-03,25.5,5.6,15.2,90,1008.1
2018-01-04,26.4,4.4,17.8,87,1008.0
2018-01-05,26.0,1.7,9.7,88,1008.5
2018-01-06,27.1,0.2,14.3,85,1008.5
2018-01-07,26.6,2.3,16.3,88,1009.5
2018-01-08,26.5,4.8,15.1,87,1010.0
2018-01-09,26.1,11.6,13.1,85,1011.0
2018-01-10,24.8,25.1,21.1,89,1011.7
2018-01-11,23.8,50.6,24.5,89,1011.4
2018-01-12,23.3,33.9,21.7,90,1011.4
2018-01-13,23.3,36.4,16.9,89,1011.5
2018-01-14,23.6,4.7,20.5,86,1010.5
2018-01-15,24.7,0.3,20.1,87,1009.4
2018-01-16,25.6,1.0,16.9,87,1008.9
2018-01-17,26.3,0.9,22.9,85,1008.2
2018-01-18,26.4,0.8,23.8,83,1008.5
2018-01-19,25.9,6.5,17.0,87,1008.8
2018-01-20,25.8,4.8,12.5,88,1008.2
2018-01-21,26.5,4.7,13.8,85,1007.6
2018-01-22,26.4,4.1,15.6,86,1007.1
2018-01-23,26.2,11.9,17.8,87,1007.1
2018-01-24,25.9,13.7,17.7,87,1007.0
2018-01-25,26.4,2.8,13.0,84,1006.7
2018-01-26,26.1,5.6,15.2,87,1007.4
2018-01-27,26.7,0.9,16.0,87,1007.8
2018-01-28,26.7,0.8,15.5,84,1008.7
2018-01-29,27.0,2.4,14.6,86,1009.6
2018-01-30,26.8,0.9,18.3,84,1009.5
2018-01-31,26.9,4.9,18.1,85,1010.0
2018-02-01,26.8,5.8,20.9,84,1010.3
2018-02-02,25.9,2.6,26.8,87,1011.0
2018-02-03,26.2,0.7,27.6,82,1011.2
2018-02-04,26.2,1.8,32.2,79,1011.7
2018-02-05,25.8,0.2,29.9,78,1012.8
2018-02-06,25.7,0.0,26.9,78,1012.2
2018-02-07,25.5,1.0,27.2,79,1011.7
2018-02-08,25.5,0.3,24.2,77,1011.1
2018-02-09,25.6,0.0,25.7,75,1011.1
2018-02-10,25.7,0.0,25.9,78,1011.8
2018-02-11,25.8,0.0,28.1,76,1012.4
2018-02-12,25.9,0.0,28.0,77,1013.7
2018-02-13,25.9,1.3,22.7,81,1013.9
2018-02-14,26.1,1.0,23.4,82,1013.7
2018-02-15,26.9,0.8,15.5,81,1013.0
2018-02-16,27.0,0.4,17.7,81,1010.6
2018-02-17,26.6,6.0,13.0,83,1010.1
2018-02-18,26.7,1.1,20.4,79,1009.6
2018-02-19,27.0,0.5,20.2,78,1009.3
2018-02-20,27.4,0.0,23.7,77,1008.7
2018-02-21,27.6,0.5,20.4,75,1007.9
2018-02-22,28.0,0.3,24.2,74,1008.3
2018-02-23,26.4,6.9,18.2,83,1010.3
2018-02-24,26.7,0.9,28.3,81,1010.7
2018-02-25,26.9,2.5,24.8,81,1009.7
2018-02-26,26.6,0.4,23.3,80,1009.5
2018-02-27,27.2,1.3,21.9,79,1008.9
2018-02-28,27.6,1.4,17.3,80,1008.8
2018-03-01,27.3,1.8,15.2,81,1009.1
2018-03-02,27.7,0.6,16.1,79,1008.1
2018-03-03,27.1,13.7,13.3,82,1008.6
2018-03-04,27.2,1.9,14.9,83,1008.6
2018-03-05,27.6,2.3,19.1,78,1009.3
2018-03-06,27.1,7.5,15.1,82,1009.1
2018-03-07,26.8,16.6,20.4,83,1009.3
2018-03-08,27.0,1.7,25.1,83,1008.8
2018-03-09,27.3,2.8,26.3,80,1008.9
2018-03-10,26.4,9.8,26.6,84,1009.8
2018-03-11,26.9,0.9,25.4,82,1010.2
2018-03-12,26.4,1.6,22.1,85,1010.5
2018-03-13,26.8,1.8,24.0,84,1010.7
2018-03-14,27.6,0.8,24.0,80,1009.9
2018-03-15,27.7,3.2,18.3,81,1010.1
2018-03-16,27.6,3.1,16.5,81,1009.9
2018-03-17,27.5,1.5,17.1,83,1009.9
2018-03-18,27.6,1.8,21.1,80,1010.1
2018-03-19,27.9,1.1,17.9,78,1009.7
2018-03-20,27.2,9.7,13.0,80,1009.5
2018-03-21,27.2,2.6,15.3,81,1008.8
2018-03-22,27.8,0.7,21.4,78,1008.0
2018-03-23,27.6,0.5,19.8,76,1008.9
2018-03-24,28.0,0.8,20.0,74,1010.8
2018-03-25,26.7,1.8,19.1,82,1011.9
2018-03-26,26.4,21.7,16.1,86,1011.3
2018-03-27,25.6,16.9,14.5,89,1010.8
2018-03-28,26.7,2.6,13.5,87,1010.2
2018-03-29,27.1,2.1,11.9,85,1010.0
2018-03-30,26.9,11.6,13.8,85,1009.7
2018-03-31,26.8,7.8,15.6,86,1009.3
2018-04-01,26.6,5.0,15.5,84,1009.2
2018-04-02,27.2,4.0,13.8,84,1009.5
2018-04-03,27.4,0.8,13.5,81,1009.4
2018-04-04,27.5,0.0,17.3,80,1008.4
2018-04-05,27.6,0.7,16.7,82,1007.6
2018-04-06,27.6,1.5,14.4,82,1008.7
2018-04-07,27.4,1.5,15.3,82,1009.3
2018-04-08,27.1,3.1,23.9,83,1009.8
2018-04-09,27.3,4.0,22.8,83,1009.7
2018-04-10,27.1,2.8,17.4,85,1009.2
2018-04-11,27.7,4.4,16.9,82,1008.5
2018-04-12,27.6,6.4,15.5,85,1008.6
2018-04-13,27.0,21.5,22.1,86,1008.6
2018-04-14,26.8,3.7,13.4,86,1008.2
2018-04-15,26.9,12.5,15.5,87,1008.6
2018-04-16,26.0,14.9,11.5,89,1010.3
2018-04-17,27.0,10.1,15.3,85,1010.3
2018-04-18,27.1,10.7,17.3,87,1009.8
2018-04-19,26.9,11.0,14.5,86,1008.8
2018-04-20,27.2,3.1,15.4,85,1009.1
2018-04-21,26.8,8.4,13.8,87,1009.1
2018-04-22,27.4,6.2,13.4,86,1008.2
2018-04-23,27.0,11.8,12.2,86,1008.8
2018-04-24,27.5,6.6,17.1,86,1008.9
2018-04-25,28.1,6.4,15.5,84,1008.7
2018-04-26,27.4,10.3,8.9,86,1008.8
2018-04-27,27.0,9.9,13.2,89,1010.2
2018-04-28,27.9,4.5,14.5,85,1010.1
2018-04-29,28.2,4.8,14.3,84,1009.2
2018-04-30,27.6,12.9,14.0,86,1009.7
2018-05-01,26.7,6.4,11.5,88,1011.0
2018-05-02,27.4,5.0,9.0,85,1010.8
2018-05-03,27.9,4.7,13.0,81,1010.7
2018-05-04,27.5,3.1,10.8,82,1010.8
2018-05-05,27.8,3.7,14.1,84,1011.5
2018-05-06,28.2,2.8,17.7,83,1011.0
2018-05-07,28.3,4.5,17.0,81,1010.1
2018-05-08,28.8,1.0,17.8,79,1009.5
2018-05-09,28.7,2.7,17.1,80,1009.9
2018-05-10,27.8,7.2,14.3,82,1010.1
2018-05-11,27.7,7.5,10.5,82,1009.7
2018-05-12,27.5,10.0,14.5,82,1009.6
2018-05-13,27.2,14.0,13.2,84,1009.4
2018-05-14,27.3,10.3,12.1,84,1008.8
2018-05-15,27.1,6.5,10.1,86,1007.9
2018-05-16,27.4,15.2,13.4,86,1007.6
2018-05-17,27.6,4.2,12.4,85,1007.4
2018-05-18,27.1,3.7,8.7,87,1007.3
2018-05-19,27.1,12.1,12.1,86,1007.3
2018-05-20,27.1,7.3,12.2,85,1008.1
2018-05-21,27.5,6.0,11.8,84,1008.1
2018-05-22,27.2,13.8,13.8,86,1008.2
2018-05-23,26.9,28.9,13.7,85,1008.8
2018-05-24,28.0,1.6,16.0,81,1007.9
2018-05-25,27.6,4.1,12.4,82,1007.9
2018-05-26,27.0,13.0,10.1,85,1009.0
2018-05-27,26.9,11.5,11.7,86,1009.5
2018-05-28,27.7,1.9,15.3,84,1009.3
2018-05-29,27.7,5.7,11.2,84,1009.2
2018-05-30,27.6,9.7,21.3,84,1009.3
2018-05-31,27.4,17.3,15.9,86,1009.9
2018-06-01,27.5,2.8,15.3,84,1010.1
2018-06-02,27.2,1.8,12.1,88,1009.3
2018-06-03,28.5,0.9,11.8,81,1008.3
2018-06-04,28.6,1.8,15.9,82,1008.3
2018-06-05,28.1,6.0,19.4,85,1009.6
2018-06-06,28.8,1.2,19.2,84,1009.6
2018-06-07,28.5,2.4,13.4,84,1009.1
2018-06-08,28.1,2.6,16.1,84,1009.5
2018-06-09,28.9,0.2,23.7,80,1009.9
2018-06-10,28.9,0.6,25.2,82,1010.5
2018-06-11,28.2,3.4,23.1,84,1011.0
2018-06-12,28.7,1.4,23.0,82,1010.2
2018-06-13,27.4,2.4,14.9,88,1009.7
2018-06-14,27.6,8.0,16.9,86,1009.9
2018-06-15,27.8,1.4,21.4,84,1010.1
2018-06-16,28.3,3.2,21.6,84,1009.3
2018-06-17,27.7,4.6,17.9,85,1008.9
2018-06-18,27.6,7.4,17.0,84,1009.4
2018-06-19,28.2,2.9,22.9,82,1009.9
2018-06-20,27.4,4.2,14.3,87,1010.6
2018-06-21,27.1,5.6,14.7,88,1010.3
2018-06-22,27.5,7.0,17.5,83,1009.7
2018-06-23,26.3,16.2,13.7,88,1010.2
2018-06-24,27.0,5.5,19.4,81,1010.6
2018-06-25,26.6,0.9,20.5,82,1010.3
2018-06-26,26.6,12.5,13.7,83,1010.4
2018-06-27,26.6,9.4,19.4,81,1010.3
2018-06-28,26.5,9.8,15.1,86,1009.5
2018-06-29,26.1,7.7,17.9,85,1009.3
2018-06-30,27.2,4.8,18.1,82,1009.2
2018-07-01,26.8,7.4,18.5,86,1010.3
2018-07-02,27.0,5.2,17.3,85,1010.0
2018-07-03,26.7,10.7,19.7,86,1010.2
2018-07-04,27.6,0.2,19.1,82,1010.0
2018-07-05,27.8,0.1,20.5,81,1009.4
2018-07-06,27.8,0.7,19.9,80,1008.4
2018-07-07,27.2,2.5,17.4,84,1008.1
2018-07-08,27.8,1.3,21.6,83,1008.1
2018-07-09,27.1,7.0,22.0,86,1008.9
2018-07-10,27.4,0.9,22.0,83,1009.7
2018-07-11,27.6,0.1,15.9,81,1009.4
2018-07-12,27.8,1.8,19.3,83,1008.7
2018-07-13,27.4,1.9,21.6,84,1008.4
2018-07-14,27.5,1.9,23.4,83,1008.7
2018-07-15,27.1,1.3,23.5,85,1008.9
2018-07-16,27.8,0.6,23.7,82,1007.9
2018-07-17,28.2,0.2,24.9,81,1007.0
2018-07-18,28.2,2.0,28.6,82,1007.8
2018-07-19,27.8,0.9,22.1,82,1008.8
2018-07-20,28.0,2.4,17.2,84,1009.7
2018-07-21,27.9,3.7,15.8,84,1010.7
2018-07-22,28.2,0.6,20.0,84,1010.2
2018-07-23,27.7,1.4,18.4,86,1009.4
2018-07-24,28.0,3.0,21.3,83,1009.8
2018-07-25,27.4,3.6,18.9,86,1009.9
2018-07-26,28.2,2.0,17.9,80,1009.6
2018-07-27,28.4,0.1,20.5,79,1009.4
2018-07-28,28.2,4.2,17.8,81,1009.0
2018-07-29,27.4,7.6,18.4,84,1009.1
2018-07-30,26.8,6.1,14.6,86,1009.8
2018-07-31,26.9,15.9,15.6,84,1010.7
2018-08-01,26.2,10.9,14.7,86,1012.2
2018-08-02,27.2,1.1,22.5,83,1011.4
2018-08-03,27.7,2.0,20.1,82,1009.8
2018-08-04,27.2,2.7,20.0,83,1009.9
2018-08-05,27.1,3.4,22.3,85,1009.9
2018-08-06,27.0,6.7,19.6,84,1009.0
2018-08-07,27.0,2.9,22.0,84,1008.4
2018-08-08,26.7,4.6,17.1,87,1009.5
2018-08-09,27.5,1.0,21.8,85,1010.5
2018-08-10,27.9,1.2,23.4,85,1010.4
2018-08-11,27.6,1.7,23.1,86,1009.6
2018-08-12,28.0,0.8,22.3,84,1009.5
2018-08-13,28.2,0.7,22.9,83,1009.7
2018-08-14,28.2,1.7,24.3,82,1009.4
2018-08-15,28.2,0.8,22.3,81,1009.1
2018-08-16,28.2,0.8,16.6,81,1008.1
2018-08-17,27.9,1.9,21.3,82,1007.7
2018-08-18,28.1,1.5,25.1,80,1008.0
2018-08-19,28.1,2.0,25.0,79,1008.7
2018-08-20,28.4,1.5,19.4,80,1008.9
2018-08-21,27.9,5.4,19.8,82,1008.7
2018-08-22,27.3,4.5,19.1,84,1009.3
2018-08-23,27.7,5.2,19.1,84,1010.1
2018-08-24,27.4,12.7,18.5,84,1010.0
2018-08-25,27.2,3.2,17.3,84,1009.1
2018-08-26,28.3,0.3,18.4,81,1008.4
2018-08-27,27.7,3.4,17.5,84,1010.0
2018-08-28,27.3,8.4,17.8,85,1010.6
2018-08-29,27.0,8.9,21.4,83,1010.6
2018-08-30,28.0,3.5,16.9,79,1009.6
2018-08-31,26.7,7.1,14.3,86,1011.0
2018-09-01,27.5,1.1,11.0,82,1011.5
2018-09-02,27.1,11.2,15.5,83,1010.8
2018-09-03,27.1,5.8,22.0,84,1010.6
2018-09-04,26.3,4.4,15.8,85,1011.3
2018-09-05,27.2,0.6,14.6,82,1010.3
2018-09-06,27.4,2.4,12.2,83,1009.7
2018-09-07,26.8,8.8,17.7,85,1009.6
2018-09-08,26.2,13.2,21.1,87,1009.9
2018-09-09,26.9,5.9,20.5,85,1011.4
2018-09-10,26.5,7.9,15.2,87,1012.2
2018-09-11,26.3,7.4,16.3,86,1012.1
2018-09-12,27.0,0.6,21.8,85,1010.2
2018-09-13,27.8,0.0,16.9,78,1009.4
2018-09-14,27.9,1.6,23.2,81,1009.2
2018-09-15,27.6,1.0,20.8,78,1008.8
2018-09-16,27.6,1.2,22.0,75,1008.3
2018-09-17,27.7,0.3,21.8,78,1008.9
2018-09-18,27.1,2.0,12.9,85,1010.1
2018-09-19,26.9,1.7,12.0,83,1009.9
2018-09-20,26.7,3.0,12.6,86,1009.9
2018-09-21,26.7,7.9,12.9,84,1011.2
2018-09-22,27.2,1.5,10.9,84,1011.6
2018-09-23,28.1,0.4,17.2,81,1011.1
2018-09-24,27.9,0.6,13.4,82,1010.5
2018-09-25,28.0,1.0,14.8,79,1010.0
2018-09-26,28.0,3.7,15.5,80,1010.0
2018-09-27,28.0,1.3,16.1,83,1009.2
2018-09-28,28.4,0.0,17.4,77,1008.9
2018-09-29,28.5,0.1,17.1,78,1008.4
2018-09-30,28.5,0.2,16.6,80,1008.5
2018-10-01,28.0,2.6,16.1,82,1009.4
2018-10-02,28.1,4.1,14.5,83,1009.8
2018-10-03,28.2,2.4,14.2,81,1009.5
2018-10-04,28.0,2.0,20.2,82,1009.4
2018-10-05,28.4,0.7,22.2,78,1009.6
2018-10-06,27.0,7.7,18.2,84,1010.3
2018-10-07,26.7,7.2,17.2,86,1010.0
2018-10-08,26.7,8.4,9.8,86,1009.6
2018-10-09,26.2,4.4,11.8,87,1009.6
2018-10-10,26.1,15.0,11.5,87,1009.6
2018-10-11,25.9,26.2,15.3,88,1010.8
2018-10-12,26.3,11.0,22.4,86,1011.7
2018-10-13,26.3,16.1,16.8,86,1012.0
2018-10-14,25.7,14.2,13.6,90,1012.4
2018-10-15,27.2,0.3,12.3,83,1011.2
2018-10-16,26.2,13.8,14.6,90,1011.5
2018-10-17,26.7,14.2,17.7,87,1010.5
2018-10-18,26.9,2.4,19.6,81,1011.6
2018-10-19,27.3,1.8,17.7,83,1011.0
2018-10-20,27.5,4.8,15.5,84,1011.3
2018-10-21,26.9,5.8,12.5,88,1011.7
2018-10-22,27.4,6.5,15.3,84,1010.9
2018-10-23,26.8,8.3,11.8,86,1011.5
2018-10-24,26.8,2.8,12.2,87,1011.3
2018-10-25,26.9,6.7,11.8,85,1011.6
2018-10-26,26.9,2.3,10.6,87,1011.7
2018-10-27,26.6,19.9,14.1,87,1011.3
2018-10-28,26.8,15.2,12.6,88,1010.0
2018-10-29,27.2,5.9,13.1,87,1008.7
2018-10-30,26.4,19.7,13.7,88,1008.9
2018-10-31,26.1,21.2,17.8,89,1009.0
2018-11-01,26.4,10.4,15.8,86,1009.1
2018-11-02,26.3,18.9,16.9,87,1010.2
2018-11-03,26.1,10.5,13.1,89,1010.5
2018-11-04,26.0,11.2,14.9,89,1009.6
2018-11-05,26.4,10.2,13.8,89,1008.9
2018-11-06,26.6,10.9,13.3,86,1008.8
2018-11-07,26.6,19.4,15.5,85,1008.9
2018-11-08,27.2,9.7,15.2,87,1008.1
2018-11-09,26.5,16.7,11.4,88,1008.9
2018-11-10,27.1,4.8,11.2,86,1009.3
2018-11-11,26.5,14.8,11.2,89,1009.9
2018-11-12,26.4,14.0,14.7,87,1009.1
2018-11-13,26.2,33.2,12.6,88,1008.4
2018-11-14,27.0,6.2,14.0,83,1009.0
2018-11-15,26.4,9.8,15.9,88,1010.3
2018-11-16,27.5,3.7,10.9,87,1009.9
2018-11-17,27.3,3.3,15.2,85,1010.4
2018-11-18,26.5,3.8,18.9,82,1011.3
2018-11-19,26.7,7.7,11.7,86,1011.7
2018-11-20,27.0,11.7,18.0,87,1011.1
2018-11-21,25.8,23.8,21.3,89,1010.9
2018-11-22,26.3,3.4,12.2,88,1011.4
2018-11-23,26.8,6.8,13.0,87,1011.5
2018-11-24,27.2,4.0,13.5,88,1011.4
2018-11-25,26.9,1.7,20.7,87,1010.9
2018-11-26,27.0,8.4,16.9,87,1011.0
2018-11-27,26.5,3.7,12.9,86,1011.3
2018-11-28,26.9,8.6,18.2,88,1011.3
2018-11-29,26.6,13.3,21.9,88,1011.5
2018-11-30,26.3,25.2,14.9,87,1011.2
2018-12-01,25.9,19.5,17.1,90,1009.4
2018-12-02,26.1,9.9,20.7,88,1008.8
2018-12-03,26.4,10.8,14.1,89,1009.1
2018-12-04,26.6,4.8,13.9,89,1009.0
2018-12-05,26.3,15.1,16.5,90,1008.2
2018-12-06,26.4,12.2,14.9,87,1008.0
2018-12-07,26.3,12.4,13.2,89,1008.9
2018-12-08,26.4,18.6,12.1,88,1009.7
2018-12-09,26.5,23.9,12.5,88,1009.2
2018-12-10,26.7,13.0,12.8,88,1009.1
2018-12-11,26.2,19.0,15.9,90,1009.8
2018-12-12,26.2,22.3,14.2,90,1010.4
2018-12-13,25.9,22.2,15.3,90,1010.9
2018-12-14,25.6,19.8,12.8,90,1011.2
2018-12-15,26.0,30.5,11.5,90,1011.1
2018-12-16,26.6,23.1,13.9,85,1011.2
2018-12-17,26.9,11.7,18.5,85,1011.8
2018-12-18,27.2,1.8,17.6,85,1011.3
2018-12-19,27.1,4.6,18.2,86,1012.0
2018-12-20,27.6,3.7,17.7,83,1010.8
2018-12-21,27.1,6.2,17.0,87,1010.2
2018-12-22,27.0,2.0,18.9,87,1010.0
2018-12-23,26.7,0.5,15.5,85,1010.1
2018-12-24,26.5,5.1,15.3,85,1009.4
2018-12-25,26.8,0.7,22.0,86,1009.4
2018-12-26,27.2,0.5,24.2,84,1009.3
2018-12-27,26.8,3.4,19.8,87,1009.1
2018-12-28,27.2,1.3,19.5,84,1009.3
2018-12-29,26.4,4.8,17.9,88,1010.8
2018-12-30,27.2,2.6,15.4,85,1011.5
2018-12-31,26.5,7.1,21.8,87,1012.0
2019-01-01,26.9,5.4,22.0,83,1011.5
2019-01-02,27.3,0.5,25.1,83,1010.8
2019-01-03,28.2,0.5,33.8,81,1010.5
2019-01-04,27.9,0.4,23.5,84,1011.4
2019-01-05,27.2,2.0,17.0,87,1011.2
2019-01-06,27.1,3.1,19.9,86,1011.1
2019-01-07,27.3,4.7,22.4,85,1010.8
2019-01-08,26.3,7.5,17.5,88,1011.2
2019-01-09,26.7,7.6,21.7,88,1011.0
2019-01-10,27.2,2.9,24.6,82,1010.6
2019-01-11,27.1,0.3,24.0,80,1010.4
2019-01-12,27.3,0.2,17.5,81,1010.3
2019-01-13,27.3,1.0,19.0,82,1009.8
2019-01-14,26.6,9.9,18.4,86,1009.4
2019-01-15,26.9,2.8,15.3,83,1009.7
2019-01-16,26.7,1.7,18.1,84,1009.6
2019-01-17,25.9,20.0,19.9,88,1009.2
2019-01-18,26.0,1.7,27.4,84,1009.3
2019-01-19,26.8,0.0,23.7,82,1009.3
2019-01-20,27.1,0.9,25.3,83,1010.2
2019-01-21,26.6,4.9,21.3,83,1011.2
2019-01-22,26.3,0.1,23.1,83,1011.8
2019-01-23,26.7,1.1,27.0,82,1011.5
2019-01-24,26.7,0.0,28.4,77,1011.9
2019-01-25,26.7,2.6,26.8,78,1012.3
2019-01-26,26.6,0.3,26.5,78,1011.9
2019-01-27,26.9,2.4,26.3,81,1011.4
2019-01-28,26.0,5.4,24.7,87,1011.3
2019-01-29,26.8,0.9,26.4,82,1011.2
2019-01-30,26.8,0.2,27.8,81,1011.9
2019-01-31,26.8,0.4,20.8,82,1011.9
2019-02-01,27.2,0.4,26.2,81,1011.4
2019-02-02,27.1,1.4,19.0,83,1011.0
2019-02-03,27.0,4.3,21.4,86,1011.9
2019-02-04,27.2,3.6,20.5,82,1012.6
2019-02-05,26.9,2.4,21.9,82,1011.9
2019-02-06,27.1,0.3,21.8,78,1011.0
2019-02-07,27.3,2.2,20.5,78,1011.5
2019-02-08,27.7,1.3,15.4,79,1011.4
2019-02-09,27.2,5.6,18.1,85,1011.7
2019-02-10,27.2,0.6,26.5,79,1013.0
2019-02-11,27.1,0.0,25.9,72,1013.2
2019-02-12,27.8,0.0,20.6,75,1013.6
2019-02-13,27.6,2.3,23.8,79,1012.9
2019-02-14,27.6,0.1,26.6,76,1011.8
2019-02-15,27.5,0.4,26.8,74,1012.7
2019-02-16,27.9,0.0,24.7,73,1012.4
2019-02-17,27.6,3.7,16.1,77,1012.0
2019-02-18,27.0,2.1,15.1,80,1011.7
2019-02-19,28.0,1.9,19.4,78,1012.3
2019-02-20,27.9,2.4,19.8,79,1012.9
2019-02-21,28.4,0.0,25.6,73,1011.9
2019-02-22,28.1,3.5,22.7,75,1010.8
2019-02-23,28.3,0.0,22.4,69,1009.9
2019-02-24,28.3,1.6,22.5,71,1010.1
2019-02-25,28.4,0.8,22.7,74,1009.9
2019-02-26,27.5,5.4,26.0,79,1009.1
2019-02-27,28.3,0.2,29.0,72,1008.6
2019-02-28,28.3,0.0,28.3,73,1009.2
2019-03-01,28.0,0.8,29.0,71,1009.7
2019-03-02,28.3,0.0,29.2,65,1009.1
2019-03-03,27.7,1.4,24.5,72,1008.7
2019-03-04,28.3,0.1,23.0,70,1009.0
2019-03-05,27.9,51.7,14.8,74,1010.3
2019-03-06,28.0,0.5,21.9,80,1011.1
2019-03-07,27.8,7.7,18.6,81,1010.8
2019-03-08,28.3,0.4,20.4,78,1010.7
2019-03-09,28.2,1.4,19.2,79,1011.1
2019-03-10,27.5,1.7,15.5,79,1011.8
2019-03-11,27.3,5.5,10.9,83,1011.5
2019-03-12,27.7,3.4,12.8,82,1011.6
2019-03-13,27.8,1.8,20.7,83,1011.9
2019-03-14,27.8,0.0,23.2,76,1012.1
2019-03-15,27.6,0.0,24.3,72,1012.0
2019-03-16,27.9,1.0,22.8,75,1012.0
2019-03-17,28.0,0.0,25.2,71,1011.6
2019-03-18,28.2,0.0,23.8,68,1010.5
2019-03-19,28.8,0.0,26.6,68,1009.8
2019-03-20,29.2,1.2,22.4,66,1009.5
2019-03-21,27.8,32.3,22.9,76,1010.4
2019-03-22,27.6,3.2,11.2,84,1010.0
2019-03-23,27.6,9.7,10.6,86,1009.6
2019-03-24,27.4,2.4,11.6,86,1009.4
2019-03-25,28.0,8.8,14.1,82,1010.2
2019-03-26,28.3,2.1,18.9,80,1011.0
2019-03-27,29.0,0.3,20.5,74,1011.4
2019-03-28,27.4,14.8,12.8,85,1010.8
2019-03-29,27.5,8.3,17.5,85,1009.7
2019-03-30,26.8,24.7,11.5,87,1010.4
2019-03-31,26.6,28.8,13.2,87,1011.4
2019-04-01,26.4,23.5,15.6,88,1011.8
2019-04-02,26.7,4.1,15.3,85,1011.1
2019-04-03,26.5,4.4,12.6,86,1011.0
2019-04-04,27.3,2.8,14.0,86,1010.9
2019-04-05,27.9,0.2,19.7,79,1010.8
2019-04-06,27.6,0.1,18.3,77,1010.6
2019-04-07,28.0,0.9,15.0,80,1009.9
2019-04-08,27.8,3.7,12.4,83,1009.4
2019-04-09,27.5,5.8,13.0,85,1009.6
2019-04-10,27.3,9.6,15.8,87,1009.3
2019-04-11,27.6,6.3,11.5,86,1009.0
2019-04-12,27.7,7.6,8.6,85,1009.3
2019-04-13,28.3,5.1,12.6,83,1009.7
2019-04-14,27.4,10.2,15.2,87,1010.1
2019-04-15,28.4,10.0,13.2,82,1009.5
2019-04-16,28.8,1.8,12.8,79,1010.0
2019-04-17,28.8,0.4,16.6,79,1009.3
2019-04-18,28.7,1.8,15.8,82,1009.0
2019-04-19,28.3,7.1,10.2,83,1008.0
2019-04-20,27.2,23.2,12.8,87,1007.5
2019-04-21,27.6,3.8,11.8,87,1006.5
2019-04-22,27.6,3.6,15.2,86,1007.0
2019-04-23,27.8,13.3,13.9,86,1008.2
2019-04-24,27.9,6.5,11.6,86,1008.4
2019-04-25,28.1,10.2,14.5,84,1007.9
2019-04-26,26.6,33.3,14.0,88,1008.8
2019-04-27,26.9,15.4,12.0,85,1009.9
2019-04-28,27.9,1.1,15.3,82,1009.5
2019-04-29,28.6,0.7,17.7,85,1008.9
2019-04-30,28.1,4.3,13.4,88,1009.7
2019-05-01,28.8,2.5,12.8,84,1009.3
2019-05-02,28.9,3.7,9.3,85,1009.9
2019-05-03,28.7,5.8,11.1,84,1010.3
2019-05-04,27.8,23.6,18.0,86,1010.9
2019-05-05,28.2,3.9,19.9,86,1010.7
2019-05-06,28.9,1.0,19.7,82,1009.1
2019-05-07,28.6,2.6,17.6,83,1008.5
2019-05-08,27.8,6.5,19.2,87,1008.9
2019-05-09,28.2,5.6,14.1,86,1009.1
2019-05-10,28.5,3.8,13.4,84,1009.9
2019-05-11,27.9,3.3,14.3,86,1010.5
2019-05-12,27.5,5.0,14.5,86,1010.0
2019-05-13,27.4,4.6,15.5,87,1009.4
2019-05-14,27.7,7.1,14.8,86,1009.6
2019-05-15,27.3,10.4,13.4,86,1010.6
2019-05-16,27.5,15.0,14.3,87,1011.0
2019-05-17,27.6,5.8,15.5,84,1010.7
2019-05-18,27.8,7.1,15.5,85,1009.7
2019-05-19,27.2,17.2,17.1,87,1010.4
2019-05-20,27.9,7.4,15.8,84,1010.3
2019-05-21,27.1,14.1,14.4,86,1010.3
2019-05-22,27.0,16.6,17.0,87,1010.6
2019-05-23,28.1,2.6,16.8,83,1010.4
2019-05-24,28.5,3.5,15.2,82,1009.7
2019-05-25,27.9,4.1,17.5,85,1009.2
2019-05-26,28.2,3.9,15.6,85,1008.7
2019-05-27,27.9,4.6,14.2,85,1008.2
2019-05-28,28.0,8.3,20.0,85,1007.6
2019-05-29,26.8,18.8,12.4,88,1008.2
2019-05-30,27.5,10.2,12.2,85,1008.0
2019-05-31,27.1,7.8,14.8,87,1007.8
2019-06-01,27.2,6.8,16.6,86,1008.7
2019-06-02,27.3,7.0,12.4,85,1008.6
2019-06-03,27.0,9.1,13.5,87,1009.0
2019-06-04,27.7,11.1,17.3,84,1008.2
2019-06-05,27.4,14.9,14.6,87,1008.2
2019-06-06,26.7,24.5,17.3,87,1010.1
2019-06-07,27.0,4.6,14.4,87,1010.4
2019-06-08,27.1,9.8,18.2,86,1010.2
2019-06-09,27.3,10.6,13.5,86,1009.6
2019-06-10,28.4,8.2,18.1,84,1008.6
2019-06-11,27.2,41.9,19.1,88,1010.0
2019-06-12,28.0,4.3,25.1,83,1009.8
2019-06-13,27.6,7.6,19.4,86,1010.1
2019-06-14,27.8,3.8,16.4,86,1009.4
2019-06-15,27.5,2.1,17.6,86,1010.0
2019-06-16,28.3,4.1,23.8,84,1009.8
2019-06-17,27.0,7.8,16.3,87,1010.2
2019-06-18,26.8,26.2,16.6,88,1009.9
2019-06-19,27.1,10.4,12.6,87,1009.4
2019-06-20,27.5,7.5,14.0,87,1009.2
2019-06-21,26.8,8.6,13.5,87,1008.7
2019-06-22,27.3,14.2,17.6,85,1008.6
2019-06-23,28.1,1.7,23.8,84,1008.5
2019-06-24,27.9,2.6,20.9,84,1009.8
2019-06-25,28.3,6.6,22.5,80,1010.4
2019-06-26,27.7,1.1,19.6,85,1010.4
2019-06-27,28.1,1.5,21.3,83,1009.8
2019-06-28,28.4,1.5,21.9,83,1009.1
2019-06-29,27.4,4.0,18.5,86,1009.3
2019-06-30,27.5,3.0,16.8,85,1009.5
2019-07-01,28.2,1.5,20.1,80,1009.3
2019-07-02,28.4,2.2,19.2,82,1009.2
2019-07-03,27.1,4.8,19.1,86,1010.5
2019-07-04,27.0,2.5,18.2,86,1010.6
2019-07-05,28.2,1.5,21.8,83,1008.8
2019-07-06,27.3,5.1,14.0,86,1009.2
2019-07-07,27.7,2.8,15.3,84,1010.8
2019-07-08,27.2,16.5,21.0,86,1011.2
2019-07-09,27.4,3.9,17.8,81,1011.1
2019-07-10,28.1,0.7,23.4,78,1010.3
2019-07-11,28.2,0.5,20.0,79,1011.7
2019-07-12,28.1,0.0,20.7,80,1011.6
2019-07-13,28.0,2.2,21.6,82,1010.6
2019-07-14,27.8,3.3,18.8,82,1009.6
2019-07-15,26.8,4.2,21.4,83,1009.8
2019-07-16,27.8,2.1,25.5,78,1009.0
2019-07-17,28.0,0.2,26.6,77,1007.9
2019-07-18,28.1,0.3,23.9,75,1007.6
2019-07-19,28.0,0.0,21.6,80,1008.2
2019-07-20,28.0,0.3,16.2,81,1008.3
2019-07-21,27.9,1.9,17.9,82,1008.7
2019-07-22,26.5,16.9,14.8,86,1009.6
2019-07-23,26.8,12.4,16.0,86,1009.8
2019-07-24,27.1,8.7,22.7,83,1011.1
2019-07-25,27.7,0.2,17.4,79,1011.3
2019-07-26,27.8,0.9,16.2,80,1010.3
2019-07-27,28.0,0.6,14.8,81,1010.1
2019-07-28,27.3,2.9,20.5,86,1011.0
2019-07-29,28.1,0.5,21.2,82,1010.4
2019-07-30,27.4,1.5,19.5,83,1010.5
2019-07-31,27.9,0.3,24.9,75,1010.4
2019-08-01,28.0,0.1,23.5,76,1010.9
2019-08-02,28.3,0.0,22.8,77,1010.3
2019-08-03,28.4,0.6,22.9,78,1010.0
2019-08-04,28.1,0.8,22.6,79,1009.3
2019-08-05,27.9,1.4,24.8,80,1009.2
2019-08-06,27.8,0.8,22.2,80,1009.0
2019-08-07,27.9,1.6,21.3,79,1008.5
2019-08-08,28.0,0.2,26.5,77,1008.8
2019-08-09,28.1,0.8,25.7,79,1008.7
2019-08-10,28.2,1.2,24.8,79,1008.8
2019-08-11,28.5,0.9,24.2,78,1008.9
2019-08-12,28.5,1.0,18.5,79,1009.7
2019-08-13,28.4,0.7,21.5,79,1010.4
2019-08-14,28.0,4.3,16.9,80,1011.1
2019-08-15,27.6,9.8,17.0,82,1011.3
2019-08-16,27.9,3.6,22.1,80,1011.0
2019-08-17,27.9,2.9,24.1,81,1010.8
2019-08-18,28.1,1.0,23.5,77,1011.1
2019-08-19,28.5,0.0,21.4,76,1010.4
2019-08-20,28.7,0.6,25.5,75,1009.2
2019-08-21,28.4,1.2,18.8,79,1010.0
2019-08-22,27.8,5.6,19.0,80,1010.9
2019-08-23,27.9,2.1,19.7,78,1010.8
2019-08-24,28.2,1.0,19.4,76,1010.5
2019-08-25,27.5,10.1,17.1,81,1010.7
2019-08-26,27.8,0.4,12.0,79,1010.0
2019-08-27,26.9,13.7,12.7,84,1010.4
2019-08-28,27.1,3.6,23.3,83,1010.7
2019-08-29,27.7,3.9,27.6,81,1009.2
2019-08-30,27.5,6.2,27.8,77,1008.4
2019-08-31,27.9,0.0,20.0,76,1008.9
2019-09-01,28.5,0.0,19.6,77,1009.6
2019-09-02,28.9,0.6,22.5,77,1009.4
2019-09-03,28.8,1.5,22.1,78,1009.3
2019-09-04,28.0,0.5,21.9,79,1010.1
2019-09-05,28.1,0.4,21.4,78,1010.1
2019-09-06,28.5,0.2,20.6,78,1009.8
2019-09-07,28.4,0.2,23.2,75,1010.6
2019-09-08,28.7,0.3,21.9,74,1010.8
2019-09-09,28.7,0.7,19.2,76,1010.7
2019-09-10,28.3,1.1,19.4,78,1011.7
2019-09-11,28.9,0.4,18.4,75,1012.0
2019-09-12,28.8,0.6,17.4,74,1011.9
2019-09-13,28.7,2.9,20.9,73,1011.3
2019-09-14,28.0,1.8,22.5,78,1011.0
2019-09-15,28.2,0.6,20.9,73,1009.9
2019-09-16,28.6,0.0,19.1,73,1009.4
2019-09-17,28.9,0.4,21.0,73,1010.1
2019-09-18,28.9,0.2,25.0,74,1010.6
2019-09-19,29.1,0.0,22.0,72,1010.4
2019-09-20,28.3,1.8,20.1,74,1010.2
2019-09-21,28.9,0.0,20.6,72,1009.7
2019-09-22,29.2,0.0,23.9,71,1010.6
2019-09-23,27.8,1.9,22.0,80,1011.0
2019-09-24,27.5,8.4,27.4,81,1010.9
2019-09-25,26.1,17.7,16.7,87,1011.7
2019-09-26,27.4,2.6,9.6,83,1012.0
2019-09-27,26.9,5.3,10.0,84,1011.8
2019-09-28,27.5,3.6,10.7,83,1011.2
2019-09-29,26.8,16.7,14.8,84,1011.7
2019-09-30,26.6,3.4,17.0,86,1011.6
2019-10-01,26.6,1.4,15.3,86,1011.5
2019-10-02,26.4,1.7,14.5,86,1011.6
2019-10-03,27.0,4.3,14.6,83,1011.3
2019-10-04,26.5,9.5,14.8,86,1010.8
2019-10-05,27.5,2.6,18.1,80,1009.9
2019-10-06,27.8,2.4,18.7,77,1010.0
2019-10-07,26.6,4.3,16.6,84,1010.2
2019-10-08,26.7,7.0,13.9,85,1010.3
2019-10-09,26.9,4.1,19.1,86,1010.1
2019-10-10,27.2,3.4,10.1,85,1010.6
2019-10-11,27.5,2.3,17.4,85,1009.8
2019-10-12,27.7,3.1,12.8,82,1009.4
2019-10-13,26.9,11.7,13.8,87,1009.7
2019-10-14,27.0,0.9,19.6,84,1009.9
2019-10-15,27.4,3.1,14.5,85,1009.9
2019-10-16,27.9,4.5,14.4,83,1009.1
2019-10-17,26.7,7.3,12.1,86,1009.2
2019-10-18,26.2,5.5,12.0,89,1009.7
2019-10-19,26.9,7.5,17.5,87,1010.1
2019-10-20,27.1,5.8,18.3,86,1009.1
2019-10-21,26.7,7.0,14.1,87,1008.8
2019-10-22,25.9,40.4,13.7,88,1009.2
2019-10-23,27.5,0.3,12.0,82,1008.7
2019-10-24,27.2,4.5,15.2,85,1009.5
2019-10-25,26.5,14.2,12.7,88,1009.6
2019-10-26,26.3,29.2,10.2,86,1009.4
2019-10-27,26.1,41.5,11.3,88,1009.1
2019-10-28,26.1,8.6,12.4,88,1009.6
2019-10-29,27.2,4.6,13.0,86,1009.2
2019-10-30,27.1,8.5,12.1,85,1008.4
2019-10-31,27.0,14.0,14.8,86,1009.2
2019-11-01,27.7,1.2,14.0,81,1009.2
2019-11-02,27.8,12.3,16.6,81,1009.8
2019-11-03,27.5,1.6,16.2,83,1010.6
2019-11-04,28.2,2.7,12.8,80,1010.8
2019-11-05,27.4,9.7,13.1,86,1009.6
2019-11-06,27.5,4.7,15.4,86,1008.9
2019-11-07,28.1,1.3,11.8,84,1009.9
2019-11-08,26.3,13.3,16.6,87,1011.7
2019-11-09,27.7,0.4,11.9,85,1010.8
2019-11-10,27.9,0.8,16.6,82,1009.2
2019-11-11,27.4,6.9,18.1,86,1009.2
2019-11-12,27.5,3.3,11.4,86,1010.1
2019-11-13,27.2,14.6,14.1,83,1010.4
2019-11-14,26.3,14.3,19.9,87,1010.3
2019-11-15,26.1,9.0,15.5,89,1010.4
2019-11-16,27.2,2.6,13.0,87,1010.4
2019-11-17,28.1,0.7,13.3,81,1010.1
2019-11-18,27.2,10.5,14.8,85,1010.3
2019-11-19,26.3,12.8,14.1,89,1009.8
2019-11-20,26.0,16.8,18.4,89,1009.8
2019-11-21,26.1,16.6,18.6,89,1010.2
2019-11-22,25.9,12.3,17.3,90,1010.6
2019-11-23,25.9,11.4,14.9,89,1010.8
2019-11-24,26.6,7.7,12.1,88,1010.3
2019-11-25,26.2,13.7,15.6,88,1009.9
2019-11-26,26.7,5.7,14.8,89,1008.6
2019-11-27,26.4,3.5,12.6,89,1008.6
2019-11-28,26.9,2.0,15.0,88,1008.5
2019-11-29,26.6,6.1,16.8,90,1009.1
2019-11-30,26.9,7.5,16.0,89,1008.8
2019-12-01,26.3,139.4,11.5,88,1009.2
2019-12-02,26.2,10.2,23.4,86,1009.9
2019-12-03,26.8,1.2,23.2,81,1010.1
2019-12-04,27.0,0.0,30.0,78,1010.6
2019-12-05,26.7,0.2,25.7,80,1011.1
2019-12-06,26.9,1.9,26.7,79,1010.8
2019-12-07,26.5,1.0,33.5,81,1011.3
2019-12-08,25.4,10.3,24.3,89,1011.7
2019-12-09,25.2,14.5,25.7,89,1011.4
2019-12-10,25.7,7.9,21.5,89,1010.1
2019-12-11,25.0,21.2,20.7,90,1010.5
2019-12-12,26.1,1.7,27.6,81,1010.3
2019-12-13,25.1,40.6,23.0,88,1011.2
2019-12-14,25.1,12.4,20.8,89,1010.5
2019-12-15,25.2,6.2,14.5,90,1009.8
2019-12-16,25.4,16.8,17.8,90,1009.8
2019-12-17,25.4,31.0,11.4,90,1009.9
2019-12-18,25.7,9.1,13.7,91,1010.8
2019-12-19,26.4,1.6,18.9,87,1010.1
2019-12-20,26.5,1.9,20.5,87,1009.4
2019-12-21,25.8,6.3,17.9,90,1010.0
2019-12-22,26.1,1.9,21.3,89,1010.8
2019-12-23,26.8,2.1,19.8,84,1010.7
2019-12-24,26.7,1.8,25.9,86,1010.6
2019-12-25,26.4,6.8,14.9,87,1010.5
2019-12-26,26.8,0.6,21.3,80,1010.3
2019-12-27,27.0,1.0,22.6,80,1010.1
2019-12-28,26.7,2.6,23.8,83,1010.2
2019-12-29,27.0,1.0,24.2,82,1010.5
2019-12-30,27.0,0.2,24.7,83,1011.0
2019-12-31,26.6,0.7,27.4,84,1012.2
2020-01-01,26.7,0.9,27.5,83,1013.0
2020-01-02,26.6,1.5,24.0,86,1012.9
2020-01-03,26.7,2.0,24.8,85,1011.3
2020-01-04,26.7,1.3,28.6,82,1010.2
2020-01-05,26.8,0.9,26.6,81,1010.5
2020-01-06,26.2,19.0,26.8,83,1010.9
2020-01-07,26.1,2.2,27.4,87,1009.8
2020-01-08,26.6,2.0,26.3,85,1009.1
2020-01-09,26.5,2.3,26.9,86,1009.2
2020-01-10,26.5,5.6,18.5,85,1009.6
2020-01-11,26.6,1.7,12.6,86,1009.8
2020-01-12,26.7,2.3,14.3,84,1009.2
2020-01-13,26.7,1.4,25.5,81,1009.1
2020-01-14,27.1,0.0,25.0,81,1009.7
2020-01-15,26.8,1.9,24.5,83,1010.2
2020-01-16,26.9,1.7,19.7,84,1010.7
2020-01-17,27.1,0.7,21.7,81,1010.8
2020-01-18,27.1,1.2,20.9,84,1010.6
2020-01-19,27.1,2.8,20.3,84,1011.1
2020-01-20,26.3,12.5,19.3,88,1012.2
2020-01-21,26.4,6.6,28.5,87,1012.6
2020-01-22,27.2,0.0,25.6,83,1011.6
2020-01-23,27.0,2.0,23.0,84,1010.9
2020-01-24,27.0,0.2,28.2,79,1010.9
2020-01-25,27.2,0.1,22.7,79,1010.1
2020-01-26,27.8,0.3,19.1,79,1009.4
2020-01-27,27.0,6.3,13.9,84,1009.7
2020-01-28,27.4,5.4,16.3,84,1010.4
2020-01-29,25.6,39.0,19.5,90,1011.7
2020-01-30,27.0,2.5,21.5,83,1010.6
2020-01-31,27.3,0.8,27.6,80,1010.8
2020-02-01,27.0,1.5,29.8,83,1011.0
2020-02-02,26.5,1.4,32.8,81,1012.0
2020-02-03,26.7,0.0,26.3,80,1011.8
2020-02-04,26.5,0.0,22.4,79,1010.9
2020-02-05,26.9,0.8,21.5,81,1010.8
2020-02-06,27.0,0.4,25.9,80,1011.0
2020-02-07,26.8,0.4,29.5,77,1011.4
2020-02-08,26.8,0.0,17.7,79,1012.3
2020-02-09,25.9,5.5,20.0,87,1011.4
2020-02-10,26.1,13.2,17.0,88,1011.2
2020-02-11,26.1,26.2,19.5,89,1012.2
2020-02-12,27.0,2.6,19.7,87,1011.7
2020-02-13,27.3,0.9,21.5,85,1010.7
2020-02-14,27.4,0.0,24.8,82,1010.0
2020-02-15,27.7,1.3,13.0,80,1011.4
2020-02-16,27.3,4.0,14.2,83,1012.0
2020-02-17,27.3,1.0,22.2,80,1012.3
2020-02-18,26.1,1.9,21.0,87,1012.3
2020-02-19,26.7,0.6,26.7,83,1012.0
2020-02-20,26.7,3.0,32.6,84,1011.6
2020-02-21,26.4,5.3,32.3,86,1012.7
2020-02-22,26.7,1.5,32.6,83,1012.6
2020-02-23,27.0,0.2,29.1,81,1011.8
2020-02-24,26.7,2.4,29.9,84,1010.6
2020-02-25,27.0,1.0,25.6,81,1010.2
2020-02-26,27.5,0.0,29.2,80,1010.3
2020-02-27,27.5,0.0,24.2,79,1009.8
2020-02-28,27.4,0.6,25.3,79,1009.2
2020-02-29,27.3,0.0,24.5,76,1009.3
2020-03-01,27.8,0.0,28.7,76,1009.6
2020-03-02,27.9,0.0,27.0,77,1009.6
2020-03-03,28.1,0.3,25.8,78,1009.8
2020-03-04,28.4,1.0,19.0,77,1010.0
2020-03-05,27.0,6.0,17.4,85,1011.3
2020-03-06,27.2,3.2,14.6,85,1011.5
2020-03-07,27.3,6.5,17.0,87,1011.8
2020-03-08,27.0,3.1,18.7,87,1010.0
2020-03-09,27.5,4.0,12.5,87,1009.0
2020-03-10,28.0,0.8,17.4,85,1009.0
2020-03-11,27.8,5.6,18.2,85,1010.2
2020-03-12,27.7,2.8,21.6,81,1011.4
2020-03-13,28.2,0.7,22.7,81,1011.0
2020-03-14,28.4,0.2,20.6,81,1009.9
2020-03-15,28.6,1.3,23.3,79,1009.8
2020-03-16,27.8,2.7,23.5,80,1011.2
2020-03-17,28.0,0.0,28.2,73,1011.1
2020-03-18,28.2,2.7,24.0,76,1010.4
2020-03-19,28.0,0.4,18.7,75,1010.9
2020-03-20,27.8,2.2,20.1,77,1011.3
2020-03-21,27.0,18.3,18.7,84,1011.3
2020-03-22,26.9,19.5,13.0,86,1010.6
2020-03-23,26.6,12.3,13.1,88,1010.1
2020-03-24,27.8,2.5,21.7,83,1008.5
2020-03-25,28.0,1.7,17.8,84,1008.2
2020-03-26,27.8,2.0,17.4,86,1009.5
2020-03-27,28.0,2.6,20.0,84,1009.9
2020-03-28,28.1,1.1,15.0,81,1009.2
2020-03-29,28.0,0.2,24.2,78,1008.5
2020-03-30,27.8,3.2,12.2,81,1009.6
2020-03-31,27.9,1.9,15.6,81,1009.7
2020-04-01,28.3,2.3,15.6,82,1009.3
2020-04-02,27.9,12.7,13.7,84,1009.6
2020-04-03,27.4,15.3,16.3,85,1010.2
2020-04-04,28.0,2.9,17.1,85,1010.1
2020-04-05,28.0,6.1,15.0,85,1010.7
2020-04-06,26.2,26.4,16.4,88,1010.8
2020-04-07,26.4,5.3,8.7,86,1010.2
2020-04-08,27.7,30.4,16.3,87,1010.5
2020-04-09,27.7,0.6,20.0,83,1010.8
2020-04-10,28.1,0.4,18.4,80,1011.6
2020-04-11,28.1,1.3,16.5,81,1011.2
2020-04-12,28.0,13.0,14.6,85,1009.9
2020-04-13,27.7,7.6,15.8,86,1009.9
2020-04-14,28.1,0.9,20.9,80,1010.4
2020-04-15,27.8,0.6,21.1,82,1010.2
2020-04-16,28.2,0.2,15.8,83,1009.9
2020-04-17,28.4,0.7,17.7,82,1010.3
2020-04-18,28.3,1.1,19.9,80,1010.6
2020-04-19,28.8,0.5,16.9,80,1009.9
2020-04-20,29.0,0.5,18.2,81,1009.4
2020-04-21,27.9,7.1,19.3,85,1009.4
2020-04-22,28.2,4.0,15.9,82,1008.8
2020-04-23,27.0,12.7,10.9,88,1009.6
2020-04-24,27.3,4.9,12.2,88,1009.2
2020-04-25,26.7,25.8,10.4,89,1009.8
2020-04-26,26.6,27.0,13.8,88,1010.4
2020-04-27,27.0,18.0,15.1,85,1011.2
2020-04-28,27.2,14.4,14.2,85,1010.0
2020-04-29,27.3,14.9,12.0,84,1009.6
2020-04-30,26.8,28.4,10.5,87,1010.0
2020-05-01,26.5,31.2,24.1,90,1009.3
2020-05-02,27.0,12.9,13.7,85,1008.9
2020-05-03,27.3,9.8,9.4,86,1009.2
2020-05-04,27.4,8.8,9.7,87,1009.5
2020-05-05,27.9,16.6,10.5,86,1008.9
2020-05-06,28.2,1.4,14.2,83,1008.6
2020-05-07,28.7,9.1,18.5,82,1008.2
2020-05-08,28.5,4.4,18.7,85,1008.6
2020-05-09,29.1,2.5,16.6,82,1008.6
2020-05-10,27.9,8.5,16.3,86,1008.8
2020-05-11,28.3,5.5,17.5,83,1009.0
2020-05-12,27.6,8.3,14.2,87,1009.2
2020-05-13,26.8,36.7,17.6,86,1009.2
2020-05-14,27.8,5.3,10.4,86,1008.3
2020-05-15,28.6,6.6,15.9,82,1006.6
2020-05-16,28.4,4.9,14.1,85,1006.3
2020-05-17,27.5,55.0,17.8,88,1008.0
2020-05-18,28.5,0.4,16.6,86,1007.6
2020-05-19,28.5,9.8,13.7,85,1007.6
2020-05-20,28.3,0.9,13.6,86,1008.5
2020-05-21,28.4,13.7,15.3,83,1008.8
2020-05-22,27.3,42.7,17.7,86,1009.7
2020-05-23,26.8,42.7,13.2,91,1010.2
2020-05-24,28.6,0.6,10.5,82,1010.9
2020-05-25,28.8,1.3,11.0,83,1011.1
2020-05-26,27.8,44.1,14.9,85,1011.7
2020-05-27,27.8,3.3,16.4,85,1010.9
2020-05-28,28.5,1.2,17.2,83,1010.1
2020-05-29,27.3,8.0,13.1,88,1010.9
2020-05-30,28.3,5.1,12.0,82,1011.3
2020-05-31,27.9,10.8,14.2,86,1011.5
2020-06-01,27.4,9.8,18.7,83,1011.4
2020-06-02,28.6,1.7,13.8,80,1010.2
2020-06-03,27.7,8.2,16.5,85,1009.8
2020-06-04,26.8,22.0,19.0,86,1010.3
2020-06-05,27.2,6.9,22.0,84,1010.9
2020-06-06,27.3,9.8,11.5,85,1010.1
2020-06-07,28.1,0.7,16.2,85,1008.9
2020-06-08,27.8,3.8,11.3,85,1009.2
2020-06-09,28.6,1.7,18.8,83,1009.1
2020-06-10,28.0,8.5,16.9,87,1008.9
2020-06-11,27.5,11.4,16.9,87,1008.1
2020-06-12,26.6,131.5,11.5,88,1008.0
2020-06-13,27.0,73.2,24.7,85,1008.9
2020-06-14,28.2,2.2,19.5,84,1009.3
2020-06-15,28.4,2.8,20.1,83,1009.4
2020-06-16,26.9,15.5,15.5,89,1009.5
2020-06-17,26.7,12.6,12.6,88,1010.3
2020-06-18,27.1,17.5,13.5,83,1010.6
2020-06-19,26.6,23.0,15.5,88,1010.2
2020-06-20,26.4,37.8,20.0,87,1009.5
2020-06-21,26.7,20.0,19.4,87,1008.0
2020-06-22,26.7,19.1,20.8,86,1008.6
2020-06-23,26.0,77.0,18.3,89,1009.8
2020-06-24,26.2,13.5,22.5,85,1009.8
2020-06-25,27.5,0.2,18.0,83,1008.7
2020-06-26,28.0,1.4,15.5,83,1009.2
2020-06-27,27.7,1.7,18.8,85,1009.5
2020-06-28,28.3,0.7,23.8,82,1009.2
2020-06-29,27.9,7.0,18.4,83,1009.0
2020-06-30,27.8,4.2,22.5,83,1008.9
2020-07-01,26.8,5.0,16.5,87,1009.0
2020-07-02,27.8,3.9,23.7,84,1008.7
2020-07-03,27.9,2.6,17.8,83,1009.6
2020-07-04,27.1,10.4,14.2,84,1009.8
2020-07-05,27.8,3.0,14.1,82,1008.3
2020-07-06,28.1,5.4,17.2,78,1008.5
2020-07-07,26.9,13.5,18.7,86,1009.5
2020-07-08,26.3,12.9,14.0,85,1009.5
2020-07-09,25.8,36.4,23.9,88,1009.8
2020-07-10,26.9,4.9,11.4,83,1009.8
2020-07-11,26.7,4.2,17.6,87,1009.4
2020-07-12,26.5,38.7,17.2,86,1009.0
2020-07-13,26.0,37.0,23.7,88,1009.5
2020-07-14,26.2,6.9,18.2,85,1009.4
2020-07-15,27.2,2.2,14.8,85,1008.2
2020-07-16,27.3,12.7,14.7,86,1007.8
2020-07-17,27.6,1.8,13.2,85,1008.3
2020-07-18,26.9,7.5,16.6,87,1009.1
2020-07-19,27.8,1.5,11.7,82,1008.2
2020-07-20,27.8,4.1,16.7,84,1008.1
2020-07-21,27.9,4.3,14.3,82,1008.2
2020-07-22,26.9,7.7,10.2,88,1008.8
2020-07-23,26.7,5.1,14.3,86,1009.0
2020-07-24,27.0,6.0,13.3,85,1009.0
2020-07-25,26.9,12.0,18.4,86,1009.0
2020-07-26,27.1,5.4,20.4,83,1008.6
2020-07-27,27.5,2.6,21.9,82,1008.4
2020-07-28,27.1,3.6,22.5,84,1009.0
2020-07-29,25.4,18.0,18.9,90,1010.1
2020-07-30,27.6,1.3,17.8,85,1009.3
2020-07-31,27.0,6.4,18.3,84,1009.5
2020-08-01,27.6,0.2,24.1,83,1008.7
2020-08-02,28.0,0.3,20.7,81,1008.2
2020-08-03,28.1,0.8,18.0,83,1007.5
2020-08-04,27.2,6.0,17.2,85,1008.0
2020-08-05,28.2,0.5,21.1,83,1008.5
2020-08-06,28.0,0.0,16.0,86,1008.5
2020-08-07,28.4,0.5,16.7,85,1008.4
2020-08-08,28.7,0.6,20.5,85,1008.2
2020-08-09,28.3,3.4,18.8,85,1008.9
2020-08-10,28.6,3.0,21.1,85,1009.8
2020-08-11,28.5,2.2,22.4,85,1010.1
2020-08-12,27.8,1.5,14.6,85,1010.8
2020-08-13,27.6,6.3,15.3,84,1009.7
2020-08-14,26.2,6.5,16.9,87,1009.8
2020-08-15,27.3,4.5,13.3,85,1009.6
2020-08-16,27.4,3.1,15.8,85,1009.5
2020-08-17,26.8,10.2,18.4,87,1009.2
2020-08-18,27.2,6.4,20.7,84,1008.9
2020-08-19,27.1,12.3,12.7,84,1008.6
2020-08-20,27.6,5.3,15.3,82,1009.2
2020-08-21,28.5,0.3,21.0,79,1009.9
2020-08-22,27.2,9.0,14.1,85,1010.9
2020-08-23,26.1,15.6,15.0,88,1010.6
2020-08-24,27.6,2.9,13.9,83,1009.9
2020-08-25,26.9,4.8,16.6,85,1010.5
2020-08-26,26.9,5.5,19.3,84,1010.0
2020-08-27,27.3,1.5,17.1,84,1008.9
2020-08-28,28.1,0.3,20.9,79,1007.9
2020-08-29,27.3,4.3,18.9,85,1007.9
2020-08-30,27.8,3.3,23.3,84,1007.6
2020-08-31,28.2,2.7,19.9,82,1007.9
2020-09-01,26.8,15.6,15.2,87,1008.9
2020-09-02,27.1,9.1,12.9,86,1009.3
2020-09-03,26.6,11.9,14.4,86,1009.9
2020-09-04,26.5,8.9,16.6,87,1009.1
2020-09-05,25.9,30.4,18.8,86,1009.1
2020-09-06,27.1,2.7,18.1,81,1009.3
2020-09-07,27.5,2.7,21.2,83,1009.7
2020-09-08,27.0,7.5,15.3,87,1010.0
2020-09-09,26.8,24.6,14.0,86,1008.8
2020-09-10,26.4,17.8,20.1,85,1008.6
2020-09-11,26.5,7.6,19.2,85,1009.8
2020-09-12,26.5,11.9,19.6,85,1011.0
2020-09-13,25.8,6.0,17.6,87,1010.9
2020-09-14,26.2,17.3,20.0,88,1010.4
2020-09-15,27.2,17.5,17.4,86,1010.4
2020-09-16,26.7,2.1,20.2,85,1010.1
2020-09-17,27.4,1.8,20.8,84,1009.0
2020-09-18,28.1,1.9,20.2,82,1008.0
2020-09-19,27.7,1.8,18.1,83,1008.6
2020-09-20,26.4,11.8,14.4,88,1009.9
2020-09-21,26.1,9.4,12.1,88,1010.5
2020-09-22,26.9,8.8,15.7,86,1009.9
2020-09-23,28.1,4.2,17.3,83,1010.1
2020-09-24,27.3,0.9,24.2,85,1010.8
2020-09-25,26.8,16.5,17.2,84,1010.5
2020-09-26,26.0,25.1,21.8,85,1011.3
2020-09-27,26.5,2.5,20.8,83,1010.4
2020-09-28,27.2,5.5,21.8,86,1009.7
2020-09-29,26.7,5.3,20.2,88,1008.8
2020-09-30,26.9,6.8,18.0,85,1007.8
2020-10-01,26.4,16.8,11.3,88,1008.7
2020-10-02,27.0,13.6,16.1,85,1009.8
2020-10-03,27.2,2.3,22.5,79,1010.0
2020-10-04,27.6,0.7,17.7,82,1009.8
2020-10-05,27.7,1.0,11.3,84,1009.4
2020-10-06,27.4,5.8,23.8,86,1008.6
2020-10-07,27.1,25.7,18.6,84,1008.1
2020-10-08,27.0,23.2,21.3,86,1008.4
2020-10-09,27.0,6.9,20.2,83,1008.4
2020-10-10,26.6,16.2,19.8,86,1008.4
2020-10-11,27.2,5.8,20.9,83,1007.7
2020-10-12,27.5,0.3,33.9,80,1007.7
2020-10-13,28.1,0.3,19.2,78,1008.4
2020-10-14,27.4,12.6,23.9,86,1009.1
2020-10-15,27.9,1.2,20.5,82,1008.8
2020-10-16,28.1,0.0,21.1,81,1007.2
2020-10-17,28.3,0.8,19.5,86,1007.6
2020-10-18,27.9,1.9,17.7,84,1008.6
2020-10-19,27.8,0.7,14.0,83,1008.8
2020-10-20,27.5,3.7,9.4,86,1009.0
2020-10-21,27.1,11.7,18.0,84,1008.9
2020-10-22,26.7,39.7,23.0,88,1009.7
2020-10-23,27.3,28.8,15.9,83,1009.6
2020-10-24,26.8,14.3,14.1,85,1010.4
2020-10-25,27.5,6.0,19.8,84,1010.0
2020-10-26,26.7,11.5,17.7,88,1010.2
2020-10-27,28.1,0.4,18.6,82,1009.0
2020-10-28,27.0,7.7,14.9,87,1009.6
2020-10-29,27.2,3.9,13.9,88,1010.0
2020-10-30,27.3,7.2,10.8,87,1010.2
2020-10-31,26.7,10.5,14.9,87,1010.3
2020-11-01,26.8,4.6,20.5,88,1010.6
2020-11-02,26.6,10.8,12.3,88,1011.1
2020-11-03,26.4,16.1,12.9,87,1011.2
2020-11-04,25.7,4.5,10.8,88,1011.3
2020-11-05,27.3,2.5,11.1,82,1011.1
2020-11-06,27.1,16.9,14.3,84,1010.9
2020-11-07,25.8,15.0,18.1,89,1010.9
2020-11-08,26.6,4.5,14.8,86,1010.5
2020-11-09,26.1,4.4,14.2,89,1010.1
2020-11-10,26.7,5.0,12.2,87,1009.7
2020-11-11,28.2,0.1,17.7,80,1009.5
2020-11-12,28.0,2.1,20.2,83,1009.4
2020-11-13,27.6,2.2,17.3,86,1008.6
2020-11-14,27.2,10.9,18.6,87,1009.0
2020-11-15,26.3,32.6,19.7,89,1009.7
2020-11-16,26.8,11.6,19.3,86,1009.1
2020-11-17,26.6,5.1,16.0,89,1008.4
2020-11-18,27.2,1.4,14.1,84,1008.3
2020-11-19,26.8,12.5,14.3,88,1008.5
2020-11-20,26.8,8.6,15.2,86,1008.5
2020-11-21,25.7,24.3,15.5,89,1009.7
2020-11-22,26.0,15.7,11.9,88,1010.1
2020-11-23,25.7,14.7,11.9,89,1010.4
2020-11-24,25.6,7.0,15.0,90,1009.7
2020-11-25,25.7,10.1,9.8,91,1009.2
2020-11-26,25.7,21.0,12.9,91,1009.4
2020-11-27,26.3,7.1,17.9,89,1010.0
2020-11-28,26.2,4.7,11.5,86,1010.3
2020-11-29,26.7,4.9,12.4,87,1009.8
2020-11-30,26.3,13.0,19.2,88,1009.4
2020-12-01,27.5,5.5,12.4,86,1008.9
2020-12-02,27.1,2.7,16.0,89,1008.7
2020-12-03,26.3,21.2,16.3,89,1009.4
2020-12-04,26.0,7.1,19.9,88,1009.7
2020-12-05,26.5,3.3,25.7,83,1010.2
2020-12-06,27.3,0.6,25.3,81,1010.3
2020-12-07,27.2,3.6,25.3,83,1010.8
2020-12-08,26.6,2.3,21.3,86,1010.3
2020-12-09,26.9,3.2,16.5,87,1009.4
2020-12-10,26.7,5.2,16.6,86,1009.4
2020-12-11,26.9,8.6,19.7,85,1009.5
2020-12-12,26.4,17.2,17.9,86,1008.9
2020-12-13,27.0,4.9,17.3,84,1008.4
2020-12-14,26.1,28.8,13.7,88,1009.5
2020-12-15,26.1,14.8,14.3,88,1010.1
2020-12-16,25.7,17.2,14.5,88,1010.2
2020-12-17,25.9,5.9,17.2,88,1009.4
2020-12-18,25.0,11.7,15.8,91,1009.8
2020-12-19,25.5,1.8,17.1,88,1010.2
2020-12-20,25.8,9.2,21.7,87,1010.1
2020-12-21,26.0,9.2,11.9,87,1009.2
2020-12-22,26.9,3.2,19.2,82,1008.6
2020-12-23,26.5,1.7,16.5,87,1007.7
2020-12-24,25.9,35.0,15.8,89,1008.5
2020-12-25,27.1,0.9,17.1,85,1008.9
2020-12-26,26.4,35.8,17.8,87,1009.8
2020-12-27,26.5,7.1,16.7,86,1009.0
2020-12-28,26.5,9.6,20.2,86,1009.0
2020-12-29,26.6,2.1,14.9,85,1009.2
2020-12-30,26.8,1.2,18.2,82,1009.2
2020-12-31,25.9,5.9,19.9,87,1009.7
2021-01-01,25.0,53.3,25.3,90,1009.6
2021-01-02,24.0,74.8,28.3,93,1009.2
2021-01-03,24.8,6.6,13.4,90,1009.6
2021-01-04,25.4,0.8,20.5,88,1009.3
2021-01-05,26.2,4.9,22.3,88,1008.8
2021-01-06,25.7,7.0,19.9,89,1008.5
2021-01-07,25.2,8.0,18.9,90,1008.0
2021-01-08,25.5,8.6,22.9,90,1008.1
2021-01-09,25.3,57.1,23.7,90,1008.9
2021-01-10,24.3,91.5,28.5,93,1009.2
2021-01-11,25.2,10.3,25.1,89,1009.6
2021-01-12,25.0,8.2,29.3,87,1009.9
2021-01-13,24.8,3.7,27.1,87,1010.6
2021-01-14,25.3,0.1,27.7,85,1010.6
2021-01-15,25.7,0.1,22.4,84,1009.5
2021-01-16,26.3,0.6,21.5,83,1008.9
2021-01-17,26.0,1.1,30.2,79,1010.2
2021-01-18,25.4,0.0,36.2,76,1011.1
2021-01-19,25.5,0.0,24.5,77,1010.7
2021-01-20,25.6,1.5,20.8,82,1010.7
2021-01-21,26.0,3.6,19.1,82,1010.2
2021-01-22,26.0,1.9,18.3,84,1009.8
2021-01-23,25.8,2.4,22.6,84,1010.4
2021-01-24,26.5,1.8,22.8,82,1010.1
2021-01-25,26.5,1.8,20.9,81,1009.7
2021-01-26,26.3,1.2,23.0,80,1009.4
2021-01-27,26.4,0.6,19.5,83,1009.8
2021-01-28,25.5,5.1,23.5,87,1011.1
2021-01-29,26.1,0.6,23.5,80,1010.8
2021-01-30,25.7,1.1,29.2,82,1011.0
2021-01-31,26.1,1.6,21.6,83,1011.4
2021-02-01,26.2,0.7,29.2,83,1011.6
2021-02-02,26.2,0.4,25.6,81,1011.4
2021-02-03,26.1,0.7,25.9,79,1011.7
2021-02-04,26.0,0.0,28.5,76,1011.6
2021-02-05,26.5,1.7,24.5,80,1010.9
2021-02-06,26.7,0.0,26.5,79,1009.9
2021-02-07,27.1,0.4,25.5,78,1009.8
2021-02-08,27.0,1.0,23.7,80,1009.7
2021-02-09,27.2,1.4,20.9,77,1008.8
2021-02-10,27.1,1.9,19.4,81,1009.2
2021-02-11,27.3,2.2,21.8,80,1009.8
2021-02-12,27.1,0.9,24.6,79,1011.1
2021-02-13,27.0,2.8,25.6,77,1011.7
2021-02-14,26.6,2.2,24.7,78,1011.5
2021-02-15,26.4,0.3,28.4,73,1010.5
2021-02-16,26.5,0.0,25.8,72,1010.6
2021-02-17,26.5,0.0,25.1,70,1011.3
2021-02-18,27.0,0.1,30.6,66,1012.1
2021-02-19,27.1,0.0,31.5,67,1011.9
2021-02-20,26.5,2.5,29.9,75,1011.6
2021-02-21,26.6,2.2,26.8,75,1011.1
2021-02-22,26.9,0.1,28.7,68,1010.7
2021-02-23,27.2,0.3,23.7,71,1009.7
2021-02-24,26.9,3.6,21.7,75,1009.2
2021-02-25,27.5,6.2,17.3,75,1008.2
2021-02-26,27.3,0.0,17.0,78,1008.1
2021-02-27,27.5,0.3,20.5,78,1008.4
2021-02-28,27.8,0.3,20.5,76,1009.9
2021-03-01,28.0,0.9,19.3,75,1011.2
2021-03-02,28.0,0.0,26.9,70,1010.8
2021-03-03,28.7,0.0,25.9,68,1011.1
2021-03-04,28.3,1.2,24.4,74,1011.1
2021-03-05,28.4,0.6,22.3,74,1010.9
2021-03-06,28.3,2.3,27.2,75,1011.0
2021-03-07,25.5,38.9,16.7,86,1012.3
2021-03-08,26.9,2.6,17.4,80,1011.5
2021-03-09,26.7,0.1,24.9,79,1011.5
2021-03-10,27.2,0.0,28.1,78,1010.9
2021-03-11,27.1,1.1,22.7,81,1011.1
2021-03-12,25.8,6.7,15.5,88,1011.9
2021-03-13,26.5,8.1,17.9,86,1010.9
2021-03-14,27.0,6.5,19.7,83,1009.8
2021-03-15,27.1,3.6,21.9,82,1009.4
2021-03-16,26.7,10.1,17.9,85,1009.5
2021-03-17,26.9,2.5,13.7,85,1008.8
2021-03-18,26.7,12.5,17.6,86,1008.7
2021-03-19,27.4,1.8,15.6,83,1007.9
2021-03-20,27.2,8.4,14.6,85,1007.3
2021-03-21,27.6,2.4,14.3,82,1007.8
2021-03-22,27.4,3.4,21.4,82,1009.6
2021-03-23,26.1,20.8,19.3,88,1009.4
2021-03-24,26.0,27.3,19.8,87,1008.6
2021-03-25,25.9,18.3,20.7,89,1008.7
2021-03-26,27.0,13.1,21.5,85,1008.1
2021-03-27,26.7,9.0,13.9,89,1008.3
2021-03-28,27.2,8.0,16.1,83,1007.8
2021-03-29,26.5,20.2,12.2,90,1007.8
2021-03-30,27.6,6.4,19.1,85,1007.0
2021-03-31,27.8,1.3,13.1,84,1006.5
2021-04-01,28.1,0.0,22.0,83,1006.9
2021-04-02,27.7,11.0,16.2,86,1007.5
2021-04-03,26.9,15.8,13.9,86,1008.1
2021-04-04,26.7,6.3,12.1,90,1008.7
2021-04-05,26.8,3.6,22.9,88,1009.5
2021-04-06,27.4,2.3,12.6,85,1010.0
2021-04-07,27.4,4.8,14.7,82,1010.2
2021-04-08,27.2,10.3,13.6,83,1009.2
2021-04-09,26.6,4.7,15.9,85,1009.4
2021-04-10,28.0,1.4,16.1,81,1010.5
2021-04-11,27.8,3.5,15.6,82,1011.3
2021-04-12,27.6,1.0,14.3,80,1011.4
2021-04-13,27.9,3.1,14.5,81,1011.1
2021-04-14,27.1,3.1,17.6,84,1010.7
2021-04-15,27.5,9.2,9.7,82,1010.4
2021-04-16,27.7,6.2,10.6,83,1010.5
2021-04-17,26.3,32.8,16.5,85,1012.1
2021-04-18,27.4,4.9,11.7,86,1011.2
2021-04-19,27.3,6.2,16.5,86,1010.5
2021-04-20,27.6,4.7,13.2,82,1010.2
2021-04-21,27.8,4.8,12.0,83,1010.2
2021-04-22,26.7,15.1,16.1,86,1010.6
2021-04-23,28.1,2.3,20.7,82,1009.8
2021-04-24,26.3,26.2,18.8,88,1010.4
2021-04-25,28.3,0.1,11.7,82,1009.9
2021-04-26,27.1,6.9,13.8,87,1010.1
2021-04-27,26.9,8.0,10.5,89,1010.8
2021-04-28,27.7,1.7,11.3,86,1010.7
2021-04-29,27.6,10.8,16.0,84,1010.1
2021-04-30,26.6,10.0,12.7,88,1010.4
2021-05-01,27.3,8.8,18.4,86,1009.7
2021-05-02,28.4,3.3,17.8,79,1008.9
2021-05-03,27.6,6.0,16.1,87,1007.4
2021-05-04,27.1,8.2,13.1,86,1007.4
2021-05-05,26.6,11.1,14.9,89,1008.2
2021-05-06,26.4,19.9,11.9,86,1009.8
2021-05-07,27.4,7.3,17.6,86,1009.5
2021-05-08,26.8,15.4,10.5,89,1008.9
2021-05-09,27.4,3.5,14.8,87,1008.3
2021-05-10,28.6,6.0,13.3,82,1007.7
2021-05-11,27.5,14.4,17.8,86,1007.6
2021-05-12,26.7,12.2,17.3,88,1007.3
2021-05-13,27.7,10.8,15.4,86,1006.8
2021-05-14,27.4,9.2,12.7,88,1007.3
2021-05-15,27.2,5.6,13.2,88,1007.6
2021-05-16,27.4,13.5,14.0,87,1008.1
2021-05-17,26.4,29.7,11.6,89,1009.1
2021-05-18,26.7,33.7,17.6,87,1009.4
2021-05-19,26.5,2.5,11.9,88,1009.6
2021-05-20,27.6,16.3,16.0,86,1010.1
2021-05-21,27.6,5.0,13.8,86,1010.1
2021-05-22,27.3,2.0,19.1,85,1009.5
2021-05-23,28.7,0.0,17.0,80,1009.5
2021-05-24,28.8,2.0,15.0,81,1009.6
2021-05-25,28.8,5.2,19.2,82,1009.1
2021-05-26,28.6,2.1,16.7,82,1009.0
2021-05-27,27.4,9.5,11.9,88,1010.2
2021-05-28,28.0,6.4,14.7,83,1010.6
2021-05-29,27.4,2.5,15.3,86,1010.6
2021-05-30,28.3,5.5,14.1,82,1008.5
2021-05-31,28.2,2.7,15.3,84,1008.0
2021-06-01,28.2,3.1,17.1,85,1008.2
2021-06-02,28.0,2.3,14.4,87,1008.7
2021-06-03,28.5,4.3,15.4,85,1009.1
2021-06-04,28.2,2.9,15.8,86,1009.8
2021-06-05,27.6,1.9,18.3,88,1010.3
2021-06-06,28.6,1.2,19.3,80,1010.3
2021-06-07,27.7,2.8,21.6,85,1010.7
2021-06-08,28.3,1.0,17.3,82,1009.9
2021-06-09,28.0,4.2,17.6,84,1009.4
2021-06-10,27.4,7.3,12.7,83,1008.9
2021-06-11,28.1,5.5,17.3,82,1008.9
2021-06-12,28.0,8.0,17.4,81,1009.7
2021-06-13,27.8,2.0,20.5,83,1009.9
2021-06-14,27.2,15.4,11.8,86,1009.5
2021-06-15,26.5,12.1,11.2,89,1009.8
2021-06-16,27.5,4.2,15.6,86,1010.7
2021-06-17,28.3,7.2,15.9,78,1011.4
2021-06-18,26.3,19.6,13.2,84,1012.2
2021-06-19,27.4,1.0,13.3,82,1011.1
2021-06-20,27.5,6.3,16.6,83,1011.0
2021-06-21,28.1,3.6,16.3,82,1010.2
2021-06-22,27.5,6.0,18.8,83,1010.8
2021-06-23,27.6,3.1,15.2,83,1010.7
2021-06-24,27.2,6.7,13.7,85,1010.4
2021-06-25,26.4,23.4,18.4,87,1009.9
2021-06-26,27.2,9.4,13.5,84,1010.6
2021-06-27,26.7,32.2,10.5,86,1010.9
2021-06-28,27.5,8.9,10.7,84,1010.1
2021-06-29,25.8,121.8,13.6,89,1011.0
2021-06-30,27.4,0.2,16.3,81,1010.2
2021-07-01,26.8,9.2,20.0,85,1010.3
2021-07-02,27.0,4.2,14.2,87,1009.6
2021-07-03,26.9,13.2,13.1,86,1009.4
2021-07-04,27.2,2.5,18.4,82,1008.8
2021-07-05,27.3,7.5,19.0,84,1008.5
2021-07-06,27.4,6.1,16.0,85,1008.6
2021-07-07,27.4,2.6,13.9,84,1009.0
2021-07-08,27.6,7.8,10.9,83,1008.8
2021-07-09,26.8,14.2,15.5,87,1007.9
2021-07-10,26.1,56.9,13.2,87,1008.2
2021-07-11,25.8,14.7,16.6,89,1009.8
2021-07-12,26.1,45.5,10.8,87,1009.7
2021-07-13,25.4,28.0,26.6,82,1009.8
2021-07-14,26.3,2.7,18.8,83,1009.0
2021-07-15,27.8,0.0,18.1,82,1009.5
2021-07-16,28.0,1.5,16.2,82,1009.9
2021-07-17,28.2,1.0,18.2,80,1009.1
2021-07-18,27.9,0.8,14.7,83,1008.8
2021-07-19,27.4,2.8,13.3,87,1010.0
2021-07-20,28.2,0.9,16.5,85,1010.5
2021-07-21,28.5,0.5,24.5,82,1010.4
2021-07-22,28.5,0.6,21.2,83,1009.5
2021-07-23,27.6,4.8,18.4,84,1009.9
2021-07-24,28.2,2.8,24.1,81,1009.9
2021-07-25,28.7,0.7,20.8,80,1009.6
2021-07-26,28.4,1.3,22.7,80,1009.2
2021-07-27,28.3,2.8,18.7,81,1009.2
2021-07-28,28.7,0.3,24.4,76,1009.3
2021-07-29,28.7,0.1,22.7,79,1010.1
2021-07-30,28.3,6.3,18.1,81,1011.0
2021-07-31,27.7,6.0,20.3,83,1010.8
2021-08-01,27.3,10.2,19.3,85,1010.3
2021-08-02,27.7,7.3,16.7,85,1010.4
2021-08-03,27.7,5.6,20.1,84,1011.1
2021-08-04,27.2,8.0,21.3,84,1011.9
2021-08-05,28.1,1.4,23.5,84,1011.1
2021-08-06,27.7,1.6,22.3,85,1010.7
2021-08-07,27.7,8.7,16.1,86,1010.7
2021-08-08,26.6,9.1,14.9,89,1011.0
2021-08-09,27.9,6.9,15.9,84,1009.5
2021-08-10,27.4,8.6,20.7,86,1009.5
2021-08-11,27.6,4.3,18.0,84,1010.7
2021-08-12,27.9,2.7,23.4,82,1011.5
2021-08-13,27.1,6.9,20.5,85,1009.8
2021-08-14,26.7,7.6,13.5,86,1009.3
2021-08-15,26.7,8.3,11.9,86,1010.8
2021-08-16,26.9,3.6,16.3,82,1011.9
2021-08-17,25.7,51.9,13.0,89,1011.5
2021-08-18,25.6,23.8,19.2,87,1010.7
2021-08-19,26.4,1.4,24.7,83,1010.0
2021-08-20,25.4,25.4,18.9,85,1011.0
2021-08-21,26.8,2.8,15.3,85,1010.4
2021-08-22,25.7,6.0,12.1,89,1010.5
2021-08-23,26.6,9.4,14.3,87,1010.1
2021-08-24,26.6,2.9,17.3,84,1010.1
2021-08-25,26.4,2.0,19.1,84,1009.4
2021-08-26,26.6,1.3,19.4,86,1008.8
2021-08-27,26.9,2.1,20.1,85,1008.9
2021-08-28,27.1,5.2,13.8,84,1008.3
2021-08-29,26.7,7.5,18.8,86,1008.7
2021-08-30,26.4,7.6,17.8,86,1009.6
2021-08-31,26.7,4.2,18.3,84,1010.0
2021-09-01,26.6,4.9,20.7,84,1010.2
2021-09-02,25.7,12.7,18.3,86,1010.8
2021-09-03,27.2,1.5,13.1,82,1009.6
2021-09-04,26.9,3.0,15.0,84,1009.9
2021-09-05,27.5,2.2,14.0,83,1010.2
2021-09-06,27.3,6.8,11.1,84,1010.4
2021-09-07,27.4,8.0,22.8,83,1010.4
2021-09-08,27.2,0.0,29.9,78,1010.4
2021-09-09,27.6,4.4,20.9,84,1010.1
2021-09-10,26.8,2.8,15.8,84,1010.3
2021-09-11,28.1,0.1,18.9,82,1008.8
2021-09-12,27.6,6.7,14.1,85,1008.4
2021-09-13,26.7,10.3,22.2,85,1010.5
2021-09-14,27.5,0.0,14.3,83,1011.0
2021-09-15,28.1,0.3,17.2,79,1010.6
2021-09-16,27.9,1.6,19.4,82,1009.5
2021-09-17,28.0,0.4,15.7,80,1008.9
2021-09-18,27.2,10.6,14.0,84,1010.2
2021-09-19,26.5,8.8,23.4,88,1010.9
2021-09-20,27.8,0.3,15.6,82,1009.7
2021-09-21,27.4,1.7,16.6,85,1009.4
2021-09-22,28.0,1.7,19.4,82,1009.4
2021-09-23,27.8,1.6,19.2,82,1009.6
2021-09-24,27.6,8.1,14.5,85,1009.1
2021-09-25,27.5,6.2,13.1,87,1008.1
2021-09-26,27.7,9.3,18.1,81,1008.0
2021-09-27,26.7,14.6,12.7,87,1008.4
2021-09-28,27.0,13.5,8.8,86,1008.4
2021-09-29,26.7,111.6,17.1,88,1008.9
2021-09-30,26.7,8.9,23.7,82,1009.9
2021-10-01,26.6,9.2,23.8,87,1010.8
2021-10-02,26.4,2.9,11.4,87,1009.7
2021-10-03,27.3,0.2,10.5,84,1009.0
2021-10-04,28.0,2.7,16.9,84,1008.1
2021-10-05,27.4,2.2,18.8,86,1007.8
2021-10-06,28.1,1.2,23.0,82,1007.1
2021-10-07,27.6,4.5,23.3,86,1008.1
2021-10-08,28.5,2.0,19.1,82,1008.5
2021-10-09,28.6,2.4,18.4,81,1008.2
2021-10-10,27.7,6.3,17.8,85,1008.5
2021-10-11,28.6,0.1,24.3,81,1007.3
2021-10-12,27.7,3.3,18.9,86,1007.3
2021-10-13,28.5,4.2,20.2,83,1007.2
2021-10-14,28.4,2.1,21.0,83,1007.4
2021-10-15,28.1,11.6,17.3,83,1007.0
2021-10-16,28.3,1.1,12.7,83,1007.9
2021-10-17,26.8,13.8,18.8,87,1009.5
2021-10-18,26.3,12.9,15.2,89,1011.8
2021-10-19,27.7,7.2,11.9,82,1012.3
2021-10-20,26.0,12.7,16.5,87,1012.7
2021-10-21,26.8,3.3,16.7,87,1011.7
2021-10-22,26.1,11.5,12.8,88,1012.2
2021-10-23,26.5,3.2,19.5,87,1011.5
2021-10-24,26.7,9.6,15.2,87,1010.5
2021-10-25,26.7,19.3,13.8,87,1009.6
2021-10-26,26.9,6.0,19.6,86,1009.4
2021-10-27,27.9,6.2,18.0,83,1009.6
2021-10-28,27.6,3.1,17.9,81,1010.5
2021-10-29,27.5,8.8,15.7,83,1011.1
2021-10-30,26.5,6.9,13.7,87,1011.4
2021-10-31,26.1,24.6,17.8,87,1011.1
2021-11-01,26.0,16.4,17.5,89,1010.9
2021-11-02,25.8,16.4,16.6,89,1010.2
2021-11-03,26.0,14.2,12.2,88,1009.8
2021-11-04,26.2,8.6,13.5,86,1009.2
2021-11-05,26.1,14.7,14.7,90,1008.4
2021-11-06,27.5,7.8,15.8,84,1006.6
2021-11-07,26.6,20.5,17.0,87,1007.5
2021-11-08,27.1,5.0,12.2,86,1007.8
2021-11-09,26.6,10.0,18.1,88,1008.3
2021-11-10,26.1,39.4,24.0,86,1009.2
2021-11-11,27.2,5.2,26.2,84,1008.7
2021-11-12,27.3,5.8,21.1,84,1009.4
2021-11-13,26.7,2.6,17.1,86,1009.8
2021-11-14,27.2,4.3,13.9,87,1009.3
2021-11-15,27.2,5.5,13.2,86,1008.3
2021-11-16,27.8,0.1,11.2,82,1008.1
2021-11-17,26.7,22.3,17.9,87,1008.7
2021-11-18,26.6,7.5,11.9,86,1008.1
2021-11-19,26.9,7.4,20.5,86,1007.1
2021-11-20,26.4,11.3,16.4,85,1007.7
2021-11-21,26.6,10.9,12.4,88,1008.3
2021-11-22,27.0,3.6,16.1,84,1007.9
2021-11-23,26.5,10.7,16.4,89,1008.8
2021-11-24,25.8,5.8,14.7,90,1009.4
2021-11-25,26.9,0.2,17.1,83,1009.0
2021-11-26,27.0,5.5,19.8,83,1009.2
2021-11-27,26.4,9.4,11.8,87,1009.2
2021-11-28,27.1,6.9,15.5,85,1008.9
2021-11-29,27.8,0.4,21.6,80,1008.0
2021-11-30,28.1,0.1,15.1,80,1008.2
2021-12-01,28.0,2.0,21.7,83,1008.9
2021-12-02,25.3,71.8,16.8,89,1011.2
2021-12-03,26.1,2.1,22.0,85,1011.5
2021-12-04,26.4,0.4,23.8,84,1011.0
2021-12-05,25.6,9.9,20.0,86,1010.9
2021-12-06,26.6,1.6,20.3,83,1010.3
2021-12-07,27.3,0.7,23.0,80,1010.6
2021-12-08,26.8,2.7,28.2,82,1010.8
2021-12-09,27.4,0.6,24.2,79,1010.9
2021-12-10,26.0,7.0,23.8,86,1011.4
2021-12-11,26.2,13.0,23.2,87,1010.9
2021-12-12,25.8,8.3,24.7,87,1010.7
2021-12-13,26.3,6.9,21.4,84,1009.6
2021-12-14,26.8,1.6,28.3,82,1008.5
2021-12-15,26.1,9.6,20.0,87,1008.7
2021-12-16,27.3,4.3,25.9,84,1008.4
2021-12-17,25.9,17.5,23.4,88,1008.8
2021-12-18,26.1,14.4,17.3,87,1009.5
2021-12-19,26.1,2.4,21.4,87,1010.8
2021-12-20,27.2,0.3,16.9,82,1011.1
2021-12-21,27.1,6.6,19.7,83,1011.1
2021-12-22,26.5,3.0,13.4,87,1010.6
2021-12-23,25.6,20.0,13.3,88,1010.5
2021-12-24,25.9,8.0,17.9,86,1010.3
2021-12-25,26.3,5.3,22.9,87,1011.1
2021-12-26,26.7,1.5,20.7,84,1011.6
2021-12-27,26.6,2.0,16.0,86,1011.9
2021-12-28,27.1,0.5,22.1,81,1010.7
2021-12-29,26.7,2.0,18.7,84,1010.5
2021-12-30,26.3,1.2,20.7,86,1010.8
2021-12-31,25.0,22.4,16.8,89,1011.5
2022-01-01,24.5,53.8,17.9,91,1011.3
2022-01-02,24.5,19.2,19.2,90,1010.6
2022-01-03,25.5,2.8,20.1,88,1010.0
2022-01-04,25.5,6.2,20.8,88,1010.8
2022-01-05,26.1,15.2,19.9,86,1010.7
2022-01-06,26.3,6.8,15.2,87,1011.3
2022-01-07,26.6,4.3,19.8,85,1011.5
2022-01-08,26.3,1.9,24.5,86,1011.1
2022-01-09,26.6,0.7,26.8,85,1010.0
2022-01-10,26.3,3.2,22.6,84,1011.4
2022-01-11,26.7,0.4,24.5,82,1011.7
2022-01-12,26.4,0.0,26.7,80,1012.1
2022-01-13,26.3,0.6,23.3,78,1011.8
2022-01-14,26.1,0.2,25.2,78,1011.9
2022-01-15,26.5,1.0,22.9,80,1011.5
2022-01-16,26.6,0.8,26.9,82,1011.1
2022-01-17,26.4,2.1,24.5,83,1010.8
2022-01-18,26.8,0.3,24.1,78,1010.4
2022-01-19,26.1,3.0,25.8,82,1010.2
2022-01-20,26.3,0.5,19.5,81,1010.0
2022-01-21,26.8,0.2,23.1,80,1010.0
2022-01-22,27.0,0.3,19.5,80,1009.3
2022-01-23,27.1,0.2,19.9,79,1009.5
2022-01-24,27.1,1.0,17.4,80,1009.0
2022-01-25,27.3,0.5,25.4,77,1009.5
2022-01-26,27.5,0.2,24.8,76,1009.7
2022-01-27,27.1,0.0,22.8,75,1010.1
2022-01-28,27.7,0.6,22.8,75,1010.4
2022-01-29,27.5,1.1,21.2,76,1009.9
2022-01-30,27.4,2.2,18.5,78,1009.9
2022-01-31,27.6,0.6,22.2,77,1009.5
2022-02-01,27.6,1.0,27.4,75,1009.3
2022-02-02,27.5,0.8,20.4,76,1010.3
2022-02-03,27.4,3.2,21.6,77,1009.3
2022-02-04,27.9,1.6,27.0,74,1008.9
2022-02-05,25.9,7.3,20.4,84,1009.8
2022-02-06,26.0,6.6,19.8,85,1010.3
2022-02-07,26.3,2.0,23.9,85,1009.7
2022-02-08,25.5,9.2,20.5,88,1010.2
2022-02-09,24.9,23.3,18.8,89,1010.2
2022-02-10,23.8,19.7,16.9,88,1010.0
2022-02-11,24.9,10.1,20.2,89,1008.9
2022-02-12,26.1,2.7,19.0,83,1007.5
2022-02-13,26.7,0.7,15.1,84,1006.6
2022-02-14,27.0,0.6,20.0,83,1007.7
2022-02-15,26.8,1.2,18.5,84,1007.8
2022-02-16,26.7,1.5,14.8,83,1007.1
2022-02-17,27.3,0.0,20.1,82,1007.6
2022-02-18,27.5,0.1,20.2,82,1009.1
2022-02-19,27.5,3.7,16.6,83,1009.6
2022-02-20,26.6,3.6,20.3,85,1009.8
2022-02-21,27.2,0.8,20.9,82,1010.1
2022-02-22,27.4,0.0,21.6,79,1010.8
2022-02-23,26.1,16.1,21.0,84,1011.6
2022-02-24,24.8,12.7,19.2,88,1011.6
2022-02-25,26.4,1.9,18.9,83,1009.8
2022-02-26,26.6,1.7,19.2,82,1010.5
2022-02-27,26.7,3.0,24.7,84,1010.6
2022-02-28,26.9,7.2,20.4,83,1010.2
2022-03-01,26.8,1.7,14.6,85,1010.6
2022-03-02,26.7,2.3,20.1,85,1009.9
2022-03-03,26.6,8.1,16.6,84,1009.9
2022-03-04,26.3,7.3,18.0,86,1009.4
2022-03-05,26.2,5.5,19.2,85,1009.2
2022-03-06,26.6,0.9,17.1,85,1009.3
2022-03-07,26.5,4.1,17.9,87,1009.1
2022-03-08,27.2,1.7,17.2,82,1008.8
2022-03-09,26.8,5.5,19.9,85,1008.6
2022-03-10,26.7,4.3,13.3,85,1008.1
2022-03-11,26.5,1.3,20.1,86,1007.3
2022-03-12,26.7,2.2,18.4,84,1006.8
2022-03-13,27.9,0.5,14.3,80,1007.0
2022-03-14,27.5,10.9,15.8,83,1007.4
2022-03-15,27.2,7.0,14.3,85,1007.1
2022-03-16,27.5,0.4,14.4,82,1007.2
2022-03-17,26.9,21.4,16.6,86,1007.7
2022-03-18,27.5,0.3,12.2,84,1007.4
2022-03-19,28.6,0.0,14.5,79,1006.8
2022-03-20,27.9,0.4,13.2,84,1008.5
2022-03-21,28.2,0.0,15.0,78,1009.3
2022-03-22,28.2,1.2,16.6,82,1009.6
2022-03-23,27.8,3.3,14.5,84,1009.3
2022-03-24,28.4,1.2,19.7,81,1008.8
2022-03-25,28.4,1.5,18.6,80,1010.0
2022-03-26,27.6,2.7,13.7,84,1010.6
2022-03-27,27.7,2.0,15.9,84,1010.2
2022-03-28,27.2,12.2,13.0,84,1009.5
2022-03-29,27.6,4.6,15.5,84,1009.2
2022-03-30,27.6,2.0,24.1,82,1008.8
2022-03-31,27.3,0.6,22.4,86,1009.6
2022-04-01,27.6,2.1,18.3,83,1009.7
2022-04-02,27.5,3.0,16.8,84,1009.9
2022-04-03,26.3,4.9,23.0,85,1010.3
2022-04-04,27.2,0.4,15.8,83,1010.6
2022-04-05,26.6,5.7,21.3,86,1011.3
2022-04-06,26.9,8.1,16.2,83,1010.7
2022-04-07,26.2,3.7,23.7,85,1010.9
2022-04-08,26.7,2.4,17.8,84,1009.8
2022-04-09,26.8,0.2,15.6,84,1009.7
2022-04-10,27.3,2.0,12.1,84,1009.2
2022-04-11,27.3,2.5,14.8,86,1009.3
2022-04-12,28.1,6.5,12.4,81,1008.0
2022-04-13,27.8,8.8,14.6,81,1008.2
2022-04-14,28.0,7.1,17.1,81,1008.0
2022-04-15,27.6,7.7,19.3,84,1008.6
2022-04-16,28.3,0.2,13.4,81,1007.5
2022-04-17,27.5,8.7,13.6,83,1007.9
2022-04-18,27.3,3.5,18.8,85,1009.0
2022-04-19,27.4,5.0,14.2,83,1009.4
2022-04-20,26.8,9.7,11.4,87,1009.1
2022-04-21,27.4,5.9,10.8,84,1008.6
2022-04-22,28.4,2.2,21.4,82,1008.4
2022-04-23,27.8,6.3,13.0,84,1008.2
2022-04-24,28.2,11.3,8.7,81,1007.4
2022-04-25,28.0,5.9,13.0,82,1007.7
2022-04-26,28.4,0.5,10.4,81,1007.4
2022-04-27,27.6,9.0,17.9,84,1007.5
2022-04-28,28.1,2.3,13.2,84,1007.8
2022-04-29,28.3,6.5,13.9,81,1007.5
2022-04-30,27.9,4.5,12.5,86,1007.4
2022-05-01,28.1,21.0,15.5,81,1007.2
2022-05-02,28.0,20.5,19.8,81,1007.7
2022-05-03,27.8,10.1,21.4,81,1008.3
2022-05-04,28.1,0.7,18.7,82,1008.4
2022-05-05,28.4,0.8,17.1,80,1006.9
2022-05-06,28.3,4.5,16.6,83,1006.7
2022-05-07,28.2,2.5,19.4,83,1007.1
2022-05-08,28.6,0.6,19.1,81,1006.9
2022-05-09,28.8,7.1,17.8,81,1007.4
2022-05-10,28.9,7.7,19.4,80,1007.8
2022-05-11,28.0,2.1,15.0,83,1008.5
2022-05-12,28.2,0.1,22.7,80,1008.6
2022-05-13,28.1,3.7,17.8,83,1008.9
2022-05-14,27.8,18.3,13.3,84,1009.6
2022-05-15,28.6,4.2,11.3,82,1009.6
2022-05-16,27.2,5.7,21.6,88,1010.1
2022-05-17,28.6,0.0,14.3,82,1009.8
2022-05-18,28.3,0.7,16.8,82,1010.3
2022-05-19,27.1,13.2,17.5,88,1010.8
2022-05-20,28.0,1.8,13.0,84,1009.5
2022-05-21,27.9,2.8,15.8,84,1008.1
2022-05-22,28.5,2.2,17.8,82,1007.0
2022-05-23,28.5,4.4,13.0,81,1007.8
2022-05-24,27.8,2.9,13.7,85,1009.6
2022-05-25,27.0,6.3,22.3,85,1010.4
2022-05-26,28.3,0.6,13.2,84,1008.9
2022-05-27,28.7,4.0,16.5,82,1008.2
2022-05-28,27.8,1.1,18.8,85,1008.7
2022-05-29,28.4,0.0,15.8,81,1008.0
2022-05-30,28.6,0.6,15.5,82,1007.5
2022-05-31,27.6,3.0,20.3,84,1007.6
2022-06-01,27.7,12.2,19.6,81,1008.1
2022-06-02,27.5,7.9,13.4,81,1009.2
2022-06-03,27.6,9.0,14.4,82,1009.4
2022-06-04,27.5,17.0,11.4,82,1009.6
2022-06-05,26.8,11.8,17.3,84,1009.1
2022-06-06,27.4,9.4,15.0,83,1008.4
2022-06-07,26.9,7.5,9.7,87,1008.8
2022-06-08,26.5,23.9,14.0,85,1009.0
2022-06-09,26.5,7.3,12.0,85,1009.2
2022-06-10,27.0,16.6,11.6,83,1008.7
2022-06-11,26.1,23.8,18.8,86,1009.8
2022-06-12,26.2,13.7,12.6,88,1010.1
2022-06-13,27.0,1.6,17.6,83,1009.4
2022-06-14,27.4,10.8,18.2,81,1009.2
2022-06-15,26.3,4.9,20.1,87,1010.1
2022-06-16,26.6,7.8,12.5,83,1010.2
2022-06-17,26.9,3.7,11.9,85,1010.0
2022-06-18,26.3,6.1,11.8,85,1010.3
2022-06-19,26.5,30.8,16.8,84,1009.0
2022-06-20,26.1,51.1,26.0,86,1007.9
2022-06-21,26.6,10.7,18.3,85,1007.9
2022-06-22,26.9,15.7,17.1,83,1009.6
2022-06-23,26.4,13.9,15.9,85,1009.9
2022-06-24,26.2,12.5,17.5,85,1009.1
2022-06-25,26.7,15.2,16.9,84,1008.5
2022-06-26,27.6,4.2,16.1,82,1009.2
2022-06-27,27.5,0.6,13.1,84,1008.8
2022-06-28,27.0,7.0,13.7,86,1007.9
2022-06-29,28.1,4.2,19.8,80,1007.3
2022-06-30,27.4,2.5,23.1,80,1007.4
2022-07-01,28.3,0.0,23.5,77,1007.3
2022-07-02,28.4,0.3,21.4,78,1007.1
2022-07-03,28.1,0.2,17.9,81,1006.9
2022-07-04,28.4,0.4,13.1,81,1007.4
2022-07-05,27.3,16.1,25.3,85,1008.5
2022-07-06,27.4,0.8,14.7,81,1009.9
2022-07-07,28.6,3.7,15.7,81,1009.0
2022-07-08,28.1,0.5,17.4,80,1008.6
2022-07-09,28.1,1.4,21.6,83,1007.8
2022-07-10,27.6,3.9,18.7,81,1008.6
2022-07-11,28.1,1.1,17.8,79,1009.0
2022-07-12,27.8,0.9,16.6,83,1008.5
2022-07-13,28.1,0.2,13.5,81,1007.4
2022-07-14,27.2,2.0,21.1,85,1007.9
2022-07-15,27.8,1.8,16.7,82,1008.5
2022-07-16,28.7,0.3,22.7,80,1009.1
2022-07-17,28.7,1.0,17.8,81,1008.8
2022-07-18,28.8,0.6,17.7,80,1007.9
2022-07-19,28.0,6.8,18.2,81,1007.8
2022-07-20,27.1,13.9,23.2,83,1009.0
2022-07-21,27.3,1.5,12.1,83,1009.3
2022-07-22,26.3,9.4,12.2,87,1009.9
2022-07-23,27.2,7.0,11.5,86,1008.5
2022-07-24,26.9,6.7,11.3,84,1008.0
2022-07-25,27.3,4.7,14.6,81,1008.5
2022-07-26,27.0,4.9,13.0,81,1008.3
2022-07-27,28.1,0.5,24.8,80,1007.9
2022-07-28,27.5,7.9,15.9,84,1008.0
2022-07-29,26.9,11.1,23.9,83,1008.5
2022-07-30,27.4,2.7,22.7,84,1008.2
2022-07-31,27.2,10.8,15.2,86,1007.2
2022-08-01,26.9,10.1,26.2,85,1007.6
2022-08-02,26.1,19.4,19.4,86,1008.9
2022-08-03,26.1,12.0,16.2,83,1010.0
2022-08-04,26.4,6.4,17.2,85,1010.4
2022-08-05,27.0,0.1,19.8,81,1009.8
2022-08-06,27.4,0.2,23.7,80,1009.0
2022-08-07,27.5,4.7,23.1,83,1008.6
2022-08-08,28.0,2.3,20.6,79,1008.4
2022-08-09,28.3,0.6,19.0,79,1008.1
2022-08-10,28.4,2.3,20.0,78,1008.5
2022-08-11,29.0,0.4,21.3,79,1008.2
2022-08-12,27.6,7.6,17.2,84,1008.9
2022-08-13,26.9,6.6,21.2,85,1009.2
2022-08-14,27.6,3.7,13.3,83,1009.6
2022-08-15,27.5,8.0,20.3,83,1009.5
2022-08-16,27.0,12.1,14.6,83,1009.8
2022-08-17,27.6,2.5,18.3,81,1009.3
2022-08-18,27.1,11.2,16.0,83,1009.1
2022-08-19,27.9,11.1,19.5,79,1008.5
2022-08-20,26.2,53.8,20.5,85,1009.2
2022-08-21,26.9,2.3,21.6,84,1009.4
2022-08-22,27.7,2.2,17.5,80,1008.9
2022-08-23,26.5,9.7,15.6,85,1009.6
2022-08-24,26.9,10.8,20.2,83,1008.9
2022-08-25,26.8,14.0,26.1,84,1008.7
2022-08-26,25.8,28.1,16.5,90,1009.2
2022-08-27,26.3,8.4,15.9,86,1008.8
2022-08-28,26.3,6.1,14.8,85,1008.3
2022-08-29,25.9,56.4,19.9,84,1009.4
2022-08-30,26.9,7.5,13.1,82,1009.1
2022-08-31,27.8,0.3,15.3,81,1007.7
2022-09-01,27.5,5.0,14.6,81,1009.0
2022-09-02,27.1,5.0,19.4,83,1009.9
2022-09-03,27.5,2.9,19.4,85,1009.8
2022-09-04,27.5,1.0,10.5,82,1009.8
2022-09-05,26.9,10.7,15.5,85,1010.1
2022-09-06,27.6,6.0,15.2,82,1009.6
2022-09-07,26.3,21.5,16.2,87,1011.1
2022-09-08,27.8,0.1,11.6,78,1011.2
2022-09-09,26.3,9.9,16.5,84,1011.9
2022-09-10,27.2,5.7,16.9,84,1010.6
2022-09-11,26.3,11.5,15.2,86,1010.0
2022-09-12,27.2,4.4,16.5,83,1009.8
2022-09-13,27.1,7.3,20.6,82,1011.8
2022-09-14,26.8,0.6,22.8,81,1012.5
2022-09-15,27.2,0.6,15.2,84,1010.7
2022-09-16,28.0,1.5,16.6,80,1009.4
2022-09-17,26.7,24.0,20.3,83,1009.7
2022-09-18,26.1,18.8,19.9,85,1011.0
2022-09-19,27.3,0.9,19.1,82,1010.6
2022-09-20,26.7,0.8,15.2,84,1010.2
2022-09-21,27.4,5.2,19.3,83,1009.9
2022-09-22,26.1,7.0,37.8,83,1010.2
2022-09-23,27.4,4.2,16.1,82,1009.5
2022-09-24,27.0,22.8,18.5,83,1009.1
2022-09-25,26.9,11.0,24.8,83,1009.3
2022-09-26,27.1,8.2,20.0,84,1008.7
2022-09-27,27.7,5.6,15.3,81,1007.8
2022-09-28,27.4,1.6,18.2,81,1007.2
2022-09-29,27.0,11.9,11.9,85,1007.9
2022-09-30,27.0,14.5,13.0,86,1008.9
2022-10-01,26.5,18.5,10.6,87,1009.4
2022-10-02,26.3,6.4,12.8,86,1008.9
2022-10-03,26.6,12.0,11.5,87,1008.6
2022-10-04,26.4,10.9,16.1,86,1009.0
2022-10-05,26.1,19.8,16.1,85,1010.1
2022-10-06,26.4,9.1,15.2,87,1009.9
2022-10-07,25.5,28.0,12.9,88,1010.5
2022-10-08,26.3,8.1,21.1,83,1010.9
2022-10-09,26.6,9.0,15.5,85,1011.0
2022-10-10,26.4,0.4,23.4,82,1011.6
2022-10-11,26.9,16.5,18.2,81,1010.8
2022-10-12,26.3,0.5,21.7,84,1010.6
2022-10-13,27.3,0.5,16.9,84,1009.1
2022-10-14,27.5,4.2,23.4,83,1008.1
2022-10-15,27.3,16.4,24.9,83,1008.7
2022-10-16,27.4,3.1,18.5,82,1010.5
2022-10-17,27.0,5.7,11.9,87,1010.0
2022-10-18,27.9,3.8,21.4,83,1009.0
2022-10-19,27.6,5.7,11.9,83,1009.1
2022-10-20,28.1,9.3,12.6,81,1010.0
2022-10-21,27.0,6.0,15.0,86,1010.8
2022-10-22,26.3,10.6,16.6,87,1011.3
2022-10-23,26.5,4.1,17.5,85,1010.8
2022-10-24,26.5,9.6,14.8,87,1010.5
2022-10-25,25.7,20.6,15.3,89,1010.4
2022-10-26,26.2,10.0,20.7,87,1009.8
2022-10-27,27.0,0.0,24.1,84,1008.2
2022-10-28,26.8,3.3,19.9,86,1007.6
2022-10-29,26.8,1.6,15.2,86,1007.4
2022-10-30,26.6,16.3,17.1,86,1008.5
2022-10-31,26.9,5.1,20.2,86,1009.1
2022-11-01,26.6,10.3,17.1,88,1009.4
2022-11-02,26.5,3.0,10.2,87,1009.4
2022-11-03,27.0,8.2,13.5,84,1009.9
2022-11-04,27.2,18.1,18.7,81,1011.2
2022-11-05,26.5,7.3,19.3,84,1011.8
2022-11-06,26.3,10.0,11.3,87,1011.5
2022-11-07,26.0,3.8,11.8,87,1010.7
2022-11-08,25.6,8.4,23.2,89,1010.5
2022-11-09,25.8,7.5,18.7,88,1009.9
2022-11-10,25.5,17.6,12.4,88,1009.5
2022-11-11,25.6,19.8,17.1,88,1009.1
2022-11-12,25.7,8.6,15.9,89,1008.6
2022-11-13,26.3,12.1,11.1,88,1008.7
2022-11-14,26.7,2.2,15.3,86,1008.8
2022-11-15,27.0,0.1,17.0,84,1008.5
2022-11-16,26.7,13.0,16.8,87,1008.0
2022-11-17,27.3,0.4,20.3,84,1008.0
2022-11-18,26.9,2.0,20.9,85,1008.3
2022-11-19,26.3,9.5,24.0,86,1007.9
2022-11-20,27.4,0.7,25.9,84,1006.8
2022-11-21,27.8,0.1,23.1,84,1007.5
2022-11-22,27.7,9.5,23.0,82,1008.0
2022-11-23,27.2,0.6,20.3,85,1008.9
2022-11-24,27.7,20.7,26.3,79,1009.8
2022-11-25,26.9,0.8,17.6,84,1010.3
2022-11-26,27.3,9.0,15.0,84,1009.3
2022-11-27,26.3,4.8,14.8,87,1009.0
2022-11-28,26.6,2.7,12.9,85,1009.0
2022-11-29,26.4,15.8,21.4,86,1009.5
2022-11-30,26.4,10.1,19.6,84,1008.8
2022-12-01,26.1,14.2,19.1,86,1007.8
2022-12-02,26.0,16.3,17.0,87,1007.1
2022-12-03,27.0,4.5,18.9,84,1007.1
2022-12-04,26.6,3.9,15.5,87,1008.2
2022-12-05,26.3,5.5,12.0,87,1008.7
2022-12-06,26.3,1.7,16.1,87,1008.0
2022-12-07,26.1,7.6,16.5,88,1007.9
2022-12-08,26.0,21.4,17.7,87,1008.0
2022-12-09,25.9,7.8,22.4,87,1007.9
2022-12-10,26.2,7.5,15.2,86,1008.3
2022-12-11,25.2,36.3,14.7,88,1009.3
2022-12-12,26.1,7.7,17.0,86,1008.9
2022-12-13,26.0,6.3,23.0,86,1009.5
2022-12-14,25.6,5.1,17.1,88,1009.5
2022-12-15,25.4,11.6,17.2,90,1008.0
2022-12-16,26.5,9.4,17.8,85,1007.3
2022-12-17,25.9,13.6,17.4,87,1007.3
2022-12-18,26.0,10.2,18.8,87,1007.0
2022-12-19,25.4,8.1,18.2,87,1007.2
2022-12-20,25.7,6.7,16.3,88,1007.2
2022-12-21,26.0,6.6,17.7,87,1007.8
2022-12-22,25.3,10.1,20.3,87,1008.8
2022-12-23,25.6,4.0,25.0,85,1009.7
2022-12-24,26.1,1.3,26.1,78,1010.1
2022-12-25,26.3,2.6,23.0,80,1011.6
2022-12-26,26.3,0.8,25.2,80,1012.5
2022-12-27,26.4,2.2,19.5,80,1012.5
2022-12-28,26.1,2.6,18.4,81,1012.7
2022-12-29,25.6,2.2,19.5,84,1013.2
2022-12-30,26.3,0.9,23.5,80,1012.9
2022-12-31,26.6,1.0,25.2,78,1012.4
2023-01-01,26.2,0.0,20.4,82,1012.0
2023-01-02,26.8,3.7,25.1,80,1012.0
2023-01-03,25.9,8.8,19.8,84,1012.0
2023-01-04,26.1,0.3,26.5,83,1011.1
2023-01-05,26.3,3.8,16.7,83,1010.7
2023-01-06,26.1,6.8,21.2,84,1010.5
2023-01-07,26.1,0.9,15.1,85,1009.9
2023-01-08,26.6,0.5,19.1,84,1010.8
2023-01-09,26.1,5.1,13.0,87,1011.4
2023-01-10,26.3,1.3,13.8,87,1010.8
2023-01-11,26.0,9.3,14.6,87,1010.7
2023-01-12,26.6,3.5,16.6,84,1010.1
2023-01-13,26.8,2.7,15.5,87,1010.6
2023-01-14,26.5,2.1,14.5,85,1009.6
2023-01-15,26.2,1.3,19.0,86,1009.3
2023-01-16,26.4,2.0,18.8,82,1010.2
2023-01-17,27.1,0.1,23.7,74,1011.3
2023-01-18,26.2,3.1,24.9,81,1011.2
2023-01-19,26.1,3.0,26.1,82,1010.4
2023-01-20,25.5,10.6,24.3,86,1010.0
2023-01-21,25.8,4.4,20.3,85,1009.2
2023-01-22,25.4,6.6,21.4,87,1008.3
2023-01-23,25.3,10.0,15.7,88,1008.3
2023-01-24,24.1,49.4,22.1,90,1009.3
2023-01-25,24.1,80.4,16.2,90,1009.6
2023-01-26,25.2,3.0,22.6,87,1009.1
2023-01-27,25.9,1.0,20.3,84,1008.2
2023-01-28,24.5,17.6,23.1,88,1008.4
2023-01-29,24.4,4.7,31.9,87,1009.5
2023-01-30,24.9,7.5,32.9,87,1010.1
2023-01-31,24.5,14.2,24.1,90,1009.5
2023-02-01,25.6,1.7,19.5,87,1009.0
2023-02-02,26.0,6.2,19.5,87,1009.0
2023-02-03,26.1,10.6,18.4,86,1008.7
2023-02-04,25.4,11.7,18.1,88,1008.5
2023-02-05,25.8,8.6,16.2,87,1008.7
2023-02-06,26.2,0.4,19.6,81,1008.9
2023-02-07,26.8,0.0,19.6,83,1008.9
2023-02-08,26.6,2.0,21.3,84,1009.2
2023-02-09,26.7,5.3,16.1,83,1009.1
2023-02-10,26.1,9.6,17.4,87,1009.4
2023-02-11,25.9,7.4,22.9,87,1010.0
2023-02-12,25.8,2.8,15.5,88,1010.6
2023-02-13,25.6,9.8,16.6,88,1010.6
2023-02-14,25.7,4.7,18.2,89,1009.6
2023-02-15,25.8,2.8,23.5,82,1010.3
2023-02-16,26.2,0.2,24.7,79,1010.8
2023-02-17,26.3,2.7,20.9,82,1010.5
2023-02-18,26.8,0.5,24.2,81,1010.2
2023-02-19,26.8,0.7,23.2,81,1010.4
2023-02-20,26.6,0.1,23.2,80,1010.7
2023-02-21,26.5,2.0,26.6,79,1011.2
2023-02-22,26.7,0.8,25.6,79,1010.7
2023-02-23,26.8,0.8,26.1,77,1009.8
2023-02-24,27.0,0.0,31.5,77,1010.8
2023-02-25,26.7,0.1,27.4,77,1012.4
2023-02-26,26.3,1.7,34.1,78,1013.0
2023-02-27,26.1,16.1,32.3,81,1012.6
2023-02-28,24.6,66.4,21.0,89,1013.0
2023-03-01,23.8,32.1,21.9,90,1013.0
2023-03-02,24.8,28.0,22.5,88,1012.7
2023-03-03,24.5,24.0,24.0,89,1013.9
2023-03-04,24.2,14.9,33.2,89,1014.1
2023-03-05,24.3,6.9,23.5,89,1013.7
2023-03-06,25.6,0.3,25.4,83,1012.7
2023-03-07,25.7,7.4,24.0,85,1012.4
2023-03-08,26.0,3.7,22.9,85,1012.0
2023-03-09,26.4,1.2,26.2,83,1010.8
2023-03-10,26.3,4.9,22.9,84,1010.7
2023-03-11,26.3,3.0,19.7,84,1011.6
2023-03-12,26.7,1.9,20.8,82,1010.9
2023-03-13,26.3,0.0,29.8,78,1010.1
2023-03-14,26.2,1.6,24.6,79,1009.7
2023-03-15,26.4,0.2,23.3,78,1010.5
2023-03-16,26.9,0.3,23.2,80,1010.9
2023-03-17,27.0,0.5,22.4,80,1010.4
2023-03-18,27.2,0.5,23.8,79,1009.4
2023-03-19,26.9,4.4,22.6,84,1009.1
2023-03-20,26.6,4.9,20.4,85,1009.4
2023-03-21,26.1,0.7,17.1,85,1009.1
2023-03-22,27.2,1.7,12.0,85,1008.1
2023-03-23,27.3,4.9,13.6,85,1008.7
2023-03-24,26.9,6.0,10.2,86,1009.5
2023-03-25,26.4,8.5,16.9,87,1010.0
2023-03-26,27.6,0.5,15.4,83,1008.6
2023-03-27,25.9,14.7,20.2,88,1009.7
2023-03-28,27.8,1.3,16.3,82,1010.0
2023-03-29,27.2,2.9,18.5,83,1009.6
2023-03-30,26.5,4.5,17.7,85,1009.4
2023-03-31,26.9,12.6,11.9,82,1009.3
2023-04-01,26.9,9.6,13.8,82,1009.7
2023-04-02,26.7,14.5,20.2,84,1008.7
2023-04-03,26.1,13.2,15.9,87,1009.6
2023-04-04,27.6,1.2,17.9,85,1008.7
2023-04-05,26.8,23.5,20.2,86,1009.4
2023-04-06,27.5,2.9,18.6,83,1009.6
2023-04-07,26.1,8.6,13.6,86,1011.0
2023-04-08,27.4,2.5,13.2,83,1011.6
2023-04-09,27.5,1.8,18.6,81,1011.3
2023-04-10,27.5,0.4,10.8,83,1010.5
2023-04-11,28.1,0.8,17.7,80,1009.6
2023-04-12,28.2,1.8,8.9,81,1009.6
2023-04-13,27.2,6.8,13.3,85,1009.5
2023-04-14,27.3,9.9,13.0,84,1009.3
2023-04-15,27.7,2.6,17.6,85,1008.6
2023-04-16,27.6,12.8,16.1,83,1009.0
2023-04-17,27.8,3.4,13.5,84,1009.6
2023-04-18,28.4,3.3,14.8,83,1009.6
2023-04-19,27.9,9.4,17.1,84,1007.3
2023-04-20,27.4,18.4,12.9,86,1007.0
2023-04-21,28.0,1.3,15.1,85,1007.1
2023-04-22,28.5,3.0,13.6,81,1007.3
2023-04-23,28.2,3.4,19.6,81,1008.5
2023-04-24,28.6,0.5,16.3,80,1008.7
2023-04-25,27.7,4.2,14.9,84,1008.1
2023-04-26,28.1,4.4,10.7,81,1008.0
2023-04-27,28.2,1.3,14.9,81,1008.5
2023-04-28,27.8,2.1,11.9,84,1008.6
2023-04-29,27.6,10.3,12.0,86,1007.8
2023-04-30,28.1,3.4,13.1,84,1007.5
2023-05-01,28.9,1.2,15.5,80,1007.6
2023-05-02,28.9,0.4,16.9,80,1008.6
2023-05-03,28.5,3.1,15.3,81,1009.1
2023-05-04,28.4,11.8,8.7,83,1007.9
2023-05-05,28.3,9.2,14.5,84,1006.9
2023-05-06,28.2,13.7,25.6,82,1007.2
2023-05-07,28.5,0.8,24.7,80,1007.5
2023-05-08,28.8,3.9,21.1,79,1008.0
2023-05-09,28.9,0.0,14.9,77,1007.9
2023-05-10,29.3,0.6,15.1,80,1008.6
2023-05-11,29.3,0.4,16.5,79,1009.5
2023-05-12,29.2,0.0,18.8,79,1010.2
2023-05-13,29.7,0.0,13.8,74,1010.6
2023-05-14,29.5,0.4,13.2,76,1010.8
2023-05-15,28.7,2.2,14.6,81,1011.4
2023-05-16,28.2,7.9,19.1,84,1011.6
2023-05-17,28.3,9.3,14.3,83,1011.8
2023-05-18,28.1,4.2,15.0,83,1011.4
2023-05-19,27.6,12.0,18.4,84,1010.6
2023-05-20,27.9,8.1,18.0,83,1010.3
2023-05-21,27.5,4.4,20.1,84,1011.5
2023-05-22,27.9,8.0,15.5,84,1011.7
2023-05-23,28.2,0.3,17.0,82,1011.3
2023-05-24,28.8,1.5,20.1,80,1011.4
2023-05-25,28.0,5.5,16.0,81,1011.1
2023-05-26,27.5,42.3,13.8,86,1010.9
2023-05-27,27.6,4.2,20.2,85,1009.1
2023-05-28,27.8,3.8,18.4,83,1009.1
2023-05-29,28.9,1.2,17.7,80,1009.3
2023-05-30,28.7,5.5,19.9,81,1009.6
2023-05-31,28.6,6.9,17.7,82,1009.2
2023-06-01,27.2,81.6,18.2,85,1009.8
2023-06-02,28.7,3.4,16.2,80,1009.7
2023-06-03,28.2,10.2,19.7,84,1009.8
2023-06-04,27.5,9.9,11.8,84,1009.6
2023-06-05,28.5,0.1,15.0,81,1008.8
2023-06-06,27.6,5.2,17.3,84,1009.7
2023-06-07,28.0,2.4,17.3,83,1010.1
2023-06-08,28.1,1.2,18.7,82,1009.8
2023-06-09,27.7,8.1,16.9,83,1009.0
2023-06-10,28.6,1.1,18.8,80,1008.6
2023-06-11,28.9,11.3,19.5,77,1008.7
2023-06-12,27.8,3.4,25.4,84,1009.1
2023-06-13,27.6,14.4,18.2,84,1009.7
2023-06-14,27.5,1.9,11.8,85,1010.5
2023-06-15,28.0,2.1,13.4,84,1010.1
2023-06-16,28.8,0.3,18.4,81,1009.3
2023-06-17,28.6,10.2,23.3,78,1009.9
2023-06-18,27.1,6.5,15.1,85,1010.2
2023-06-19,28.5,0.5,18.1,79,1009.9
2023-06-20,28.7,2.5,15.1,81,1009.7
2023-06-21,28.9,1.7,21.3,80,1010.0
2023-06-22,29.3,0.6,16.4,76,1009.1
2023-06-23,27.8,11.2,15.1,82,1009.2
2023-06-24,27.2,4.2,15.5,86,1008.8
2023-06-25,28.0,5.0,12.6,79,1008.9
2023-06-26,27.5,10.7,14.5,83,1009.3
2023-06-27,27.7,2.8,20.1,81,1010.4
2023-06-28,27.8,3.0,16.5,81,1010.6
2023-06-29,28.0,1.5,18.1,81,1009.6
2023-06-30,27.4,3.9,17.1,83,1010.0
2023-07-01,27.7,2.2,18.4,81,1011.0
2023-07-02,28.2,1.4,18.7,80,1011.0
2023-07-03,26.8,9.3,14.2,86,1010.3
2023-07-04,28.0,1.6,13.3,80,1009.1
2023-07-05,26.9,5.7,12.0,84,1009.7
2023-07-06,25.8,11.7,8.9,84,1010.8
2023-07-07,26.8,14.9,17.4,82,1011.3
2023-07-08,27.9,2.0,19.8,81,1010.2
2023-07-09,27.0,2.9,12.7,85,1009.6
2023-07-10,27.1,14.4,15.7,82,1009.9
2023-07-11,25.4,38.7,14.0,90,1010.6
2023-07-12,27.4,1.3,11.8,83,1010.7
2023-07-13,28.1,5.3,18.4,78,1010.6
2023-07-14,25.6,18.1,19.4,89,1011.2
2023-07-15,27.8,0.2,17.1,83,1010.0
2023-07-16,28.4,1.9,19.6,78,1008.8
2023-07-17,27.6,2.5,19.4,84,1008.8
2023-07-18,26.3,26.6,21.3,87,1009.3
2023-07-19,26.6,13.1,17.1,87,1008.9
2023-07-20,26.2,21.0,19.9,87,1009.9
2023-07-21,27.9,1.3,21.9,81,1010.4
2023-07-22,28.2,1.3,20.3,81,1011.0
2023-07-23,28.2,1.2,18.5,82,1010.3
2023-07-24,28.6,0.0,20.2,80,1009.9
2023-07-25,28.8,0.6,21.9,77,1010.3
2023-07-26,28.9,1.4,24.9,78,1010.8
2023-07-27,28.7,4.3,21.6,79,1010.3
2023-07-28,28.8,2.1,22.4,76,1009.6
2023-07-29,28.8,1.5,24.4,73,1009.7
2023-07-30,29.7,0.2,25.3,64,1009.7
2023-07-31,29.6,0.0,23.0,65,1009.9
2023-08-01,28.7,6.2,18.0,73,1010.6
2023-08-02,28.6,2.4,25.9,76,1011.1
2023-08-03,26.5,33.6,14.6,87,1012.5
2023-08-04,28.6,6.7,20.3,78,1012.9
2023-08-05,28.4,2.0,21.9,77,1012.6
2023-08-06,29.4,0.0,18.8,70,1011.2
2023-08-07,28.7,3.0,23.1,75,1010.5
2023-08-08,27.7,1.5,18.6,81,1011.5
2023-08-09,28.2,1.3,19.3,77,1012.0
2023-08-10,27.6,0.2,15.2,80,1012.1
2023-08-11,28.8,0.1,19.5,74,1010.7
2023-08-12,28.5,1.0,20.2,73,1010.4
2023-08-13,28.1,4.6,17.7,75,1010.3
2023-08-14,26.4,25.1,19.0,84,1011.3
2023-08-15,27.4,2.0,12.9,82,1011.5
2023-08-16,27.3,5.3,16.5,83,1011.3
2023-08-17,26.7,9.9,14.4,86,1010.8
2023-08-18,27.0,4.0,16.6,85,1010.1
2023-08-19,26.9,4.9,18.4,85,1009.9
2023-08-20,27.3,7.4,22.1,84,1009.8
2023-08-21,26.0,44.1,25.2,88,1010.3
2023-08-22,28.4,0.3,23.2,75,1009.5
2023-08-23,28.2,1.6,19.5,77,1009.7
2023-08-24,27.8,3.7,14.8,80,1009.7
2023-08-25,27.5,5.3,16.2,82,1010.3
2023-08-26,27.2,7.7,17.7,84,1010.3
2023-08-27,27.8,1.0,17.3,82,1009.4
2023-08-28,27.6,2.0,21.3,80,1009.4
2023-08-29,27.4,2.1,20.6,82,1009.3
2023-08-30,28.1,0.4,16.6,79,1009.7
2023-08-31,29.0,0.9,23.6,72,1010.1
2023-09-01,29.0,0.4,24.1,70,1009.7
2023-09-02,29.3,0.4,20.1,70,1009.0
2023-09-03,29.4,0.4,22.0,69,1007.9
2023-09-04,29.3,1.1,26.3,65,1007.9
2023-09-05,28.0,12.1,18.7,75,1009.6
2023-09-06,26.2,23.1,14.2,86,1011.5
2023-09-07,27.6,1.1,13.9,83,1010.4
2023-09-08,27.2,19.7,16.1,85,1010.4
2023-09-09,27.0,4.0,19.1,84,1010.3
2023-09-10,26.8,6.8,21.4,84,1010.5
2023-09-11,28.3,1.5,22.9,77,1010.6
2023-09-12,28.2,4.7,22.3,80,1011.2
2023-09-13,28.7,0.7,17.4,77,1010.5
2023-09-14,29.2,0.0,22.0,69,1010.4
2023-09-15,29.4,1.1,24.8,68,1010.2
2023-09-16,29.6,0.1,19.6,70,1009.8
2023-09-17,28.4,2.7,15.4,76,1009.7
2023-09-18,27.8,3.5,15.8,81,1009.9
2023-09-19,28.2,4.0,14.8,79,1010.0
2023-09-20,27.1,5.0,13.6,81,1009.9
2023-09-21,26.5,7.5,17.3,86,1010.5
2023-09-22,26.3,9.0,18.3,88,1010.7
2023-09-23,26.7,3.7,13.7,86,1009.8
2023-09-24,26.3,46.0,16.1,86,1009.9
2023-09-25,28.1,0.2,20.4,78,1009.4
2023-09-26,28.4,0.6,24.1,78,1009.3
2023-09-27,28.9,0.0,23.4,74,1009.4
2023-09-28,29.0,0.8,19.5,75,1010.0
2023-09-29,29.6,0.2,19.0,74,1011.5
2023-09-30,27.3,1.3,18.4,81,1011.4
2023-10-01,28.8,0.3,19.9,74,1010.8
2023-10-02,29.0,5.7,23.4,74,1011.5
2023-10-03,27.7,0.6,20.0,80,1011.8
2023-10-04,29.1,1.2,15.6,75,1010.6
2023-10-05,29.5,0.3,19.2,74,1009.9
2023-10-06,29.1,0.9,17.4,77,1010.3
2023-10-07,29.1,0.0,18.4,76,1010.7
2023-10-08,29.1,1.1,13.0,74,1011.5
2023-10-09,28.7,0.4,10.0,77,1011.6
2023-10-10,28.4,1.3,11.5,77,1010.8
2023-10-11,28.4,9.7,16.3,81,1010.9
2023-10-12,29.4,0.2,14.0,71,1011.2
2023-10-13,29.7,0.0,14.0,71,1010.9
2023-10-14,29.8,0.0,19.9,69,1010.2
2023-10-15,29.8,6.1,22.5,69,1010.0
2023-10-16,29.0,0.8,14.3,75,1009.9
2023-10-17,29.7,10.0,26.0,72,1010.6
2023-10-18,27.4,8.6,19.0,86,1011.5
2023-10-19,28.0,10.3,18.5,83,1011.2
2023-10-20,26.4,8.3,11.6,87,1011.6
2023-10-21,26.7,4.4,13.2,88,1011.9
2023-10-22,27.1,3.0,11.8,86,1012.1
2023-10-23,26.5,12.5,12.5,87,1011.5
2023-10-24,26.9,20.1,12.0,84,1011.8
2023-10-25,27.4,0.8,14.2,84,1011.8
2023-10-26,27.8,1.4,19.7,82,1011.3
2023-10-27,28.0,3.8,11.9,81,1010.5
2023-10-28,26.9,2.8,17.0,86,1010.4
2023-10-29,26.9,3.3,13.4,81,1009.9
2023-10-30,27.5,0.3,11.3,79,1009.3
2023-10-31,27.1,1.9,15.8,80,1010.0
2023-11-01,26.9,10.4,13.0,86,1010.3
2023-11-02,27.8,0.3,13.8,80,1009.8
2023-11-03,28.2,0.0,11.7,79,1008.9
2023-11-04,27.9,3.0,15.8,83,1009.2
2023-11-05,27.3,0.5,14.1,84,1010.0
2023-11-06,26.7,23.5,13.7,87,1010.2
2023-11-07,26.5,7.9,13.0,89,1010.3
2023-11-08,26.8,0.2,10.5,84,1010.0
2023-11-09,27.4,8.0,14.8,85,1010.9
2023-11-10,26.9,4.3,15.0,86,1011.3
2023-11-11,27.8,3.1,13.1,83,1011.2
2023-11-12,27.5,8.8,11.8,81,1010.9
2023-11-13,28.1,0.8,11.5,80,1010.3
2023-11-14,25.9,19.8,15.1,89,1011.1
2023-11-15,27.3,0.2,17.6,82,1011.0
2023-11-16,27.0,18.8,14.0,87,1011.9
2023-11-17,26.6,3.0,12.7,88,1011.4
2023-11-18,27.1,5.5,16.2,85,1010.4
2023-11-19,26.3,1.0,27.7,88,1010.4
2023-11-20,26.5,7.3,16.7,90,1009.9
2023-11-21,26.4,5.8,15.2,89,1009.3
2023-11-22,26.4,6.2,17.5,89,1008.9
2023-11-23,26.0,21.7,15.5,86,1008.8
2023-11-24,26.4,3.4,15.5,87,1008.7
2023-11-25,26.5,4.3,11.2,89,1009.4
2023-11-26,26.1,10.9,12.6,91,1009.6
2023-11-27,26.2,2.7,11.8,87,1009.2
2023-11-28,26.5,2.7,15.7,88,1008.2
2023-11-29,26.2,24.8,12.5,88,1008.7
2023-11-30,26.3,23.0,13.0,89,1009.6
2023-12-01,25.5,5.2,18.4,90,1009.3
2023-12-02,26.6,2.8,13.5,86,1008.9
2023-12-03,26.8,4.7,14.6,86,1010.2
2023-12-04,27.2,1.0,12.2,85,1010.0
2023-12-05,26.7,16.7,12.3,87,1009.8
2023-12-06,26.0,13.0,15.0,90,1010.7
2023-12-07,26.0,6.2,14.5,89,1010.8
2023-12-08,27.0,11.2,18.5,86,1010.0
2023-12-09,26.4,8.2,15.0,89,1009.7
2023-12-10,26.7,1.7,17.3,86,1008.9
2023-12-11,26.2,6.7,18.4,90,1009.2
2023-12-12,25.5,7.5,13.8,91,1009.5
2023-12-13,26.3,6.2,13.8,89,1009.8
2023-12-14,25.8,18.3,13.4,90,1010.6
2023-12-15,26.6,6.2,13.1,88,1009.9
2023-12-16,26.5,4.1,14.3,88,1010.1
2023-12-17,26.6,12.0,20.9,88,1010.1
2023-12-18,26.3,5.1,17.1,88,1010.6
2023-12-19,26.2,8.7,15.6,89,1010.8
2023-12-20,26.4,4.0,16.9,88,1009.8
2023-12-21,26.2,8.8,21.8,89,1010.7
2023-12-22,26.7,1.5,31.5,83,1010.5
2023-12-23,26.1,9.1,20.2,87,1010.9
2023-12-24,26.5,2.9,17.6,87,1011.8
2023-12-25,26.4,2.3,20.0,87,1012.2
2023-12-26,25.9,7.0,21.4,89,1012.8
2023-12-27,25.8,13.3,23.3,89,1012.3
2023-12-28,26.5,16.5,17.7,88,1011.0
2023-12-29,26.6,5.1,17.3,89,1010.4
2023-12-30,26.1,13.2,18.4,89,1010.3
2023-12-31,26.2,5.5,20.8,89,1010.8
2024-01-01,26.0,14.5,18.4,89,1010.5
2024-01-02,26.5,13.7,21.4,88,1010.1
2024-01-03,26.1,21.5,18.2,89,1010.0
2024-01-04,25.4,21.2,19.8,90,1011.0
2024-01-05,26.0,2.3,27.0,88,1010.7
2024-01-06,25.8,21.9,14.4,89,1010.9
2024-01-07,24.6,21.6,16.3,92,1011.4
2024-01-08,26.7,3.4,24.2,86,1010.6
2024-01-09,25.8,33.4,16.1,90,1009.9
2024-01-10,25.5,15.5,18.9,90,1010.0
2024-01-11,26.6,4.0,20.1,85,1010.1
2024-01-12,25.3,18.8,21.2,90,1010.4
2024-01-13,26.3,11.1,23.5,88,1010.5
2024-01-14,26.6,3.5,22.2,84,1010.2
2024-01-15,26.1,11.3,21.9,88,1009.8
2024-01-16,25.9,23.8,22.2,88,1010.0
2024-01-17,26.0,20.3,27.4,88,1009.7
2024-01-18,26.1,11.1,23.8,88,1009.7
2024-01-19,25.9,15.9,22.5,88,1010.1
2024-01-20,24.5,25.1,16.0,91,1011.3
2024-01-21,26.1,19.2,14.4,88,1011.5
2024-01-22,26.7,4.0,16.3,84,1012.0
2024-01-23,26.4,5.7,16.0,90,1012.4
2024-01-24,25.7,13.2,18.8,90,1013.0
2024-01-25,26.0,29.2,20.5,89,1014.2
2024-01-26,26.8,3.1,25.8,84,1014.0
2024-01-27,26.7,0.8,28.6,84,1013.3
2024-01-28,26.6,1.2,27.4,83,1013.4
2024-01-29,26.6,1.8,25.7,82,1012.9
2024-01-30,26.9,0.4,22.8,81,1013.1
2024-01-31,27.2,1.3,20.9,82,1013.1
2024-02-01,27.0,2.2,20.4,84,1013.1
2024-02-02,27.2,3.5,19.3,85,1012.4
2024-02-03,26.7,4.0,20.4,84,1013.2
2024-02-04,27.6,1.8,18.3,78,1012.9
2024-02-05,27.3,2.2,19.7,81,1013.3
2024-02-06,27.7,4.8,22.2,80,1012.7
2024-02-07,27.3,2.3,20.5,84,1011.7
2024-02-08,27.7,2.2,16.6,81,1011.1
2024-02-09,26.9,2.8,19.1,81,1012.5
2024-02-10,27.3,15.1,25.7,76,1013.8
2024-02-11,27.8,5.8,31.6,72,1013.9
2024-02-12,26.0,5.0,28.4,85,1013.2
2024-02-13,26.8,4.0,28.3,84,1012.1
2024-02-14,27.5,2.8,29.5,81,1011.3
2024-02-15,26.9,5.5,28.6,83,1011.9
2024-02-16,26.8,0.4,31.4,83,1011.6
2024-02-17,27.1,0.3,25.1,82,1011.2
2024-02-18,27.7,1.6,20.4,79,1011.2
2024-02-19,27.9,0.5,19.7,81,1011.2
2024-02-20,28.0,3.5,16.4,81,1011.0
2024-02-21,27.7,1.7,16.4,81,1011.3
2024-02-22,28.0,0.4,14.7,80,1011.5
2024-02-23,28.2,1.2,20.7,77,1011.3
2024-02-24,28.0,3.9,19.6,74,1011.0
2024-02-25,28.7,1.2,22.5,71,1010.9
2024-02-26,28.6,0.6,28.0,72,1010.0
2024-02-27,27.2,4.4,22.6,79,1009.9
2024-02-28,28.8,0.0,27.2,65,1009.3
2024-02-29,29.1,1.8,24.2,70,1009.6
2024-03-01,28.4,4.6,19.9,76,1009.8
2024-03-02,27.9,6.7,26.4,78,1010.1
2024-03-03,26.9,6.7,23.3,87,1010.2
2024-03-04,27.2,8.0,20.3,85,1009.9
2024-03-05,26.4,17.1,17.3,89,1009.7
2024-03-06,27.7,0.9,10.4,87,1008.6
2024-03-07,27.0,25.1,14.6,87,1008.7
2024-03-08,26.6,6.9,12.5,89,1009.7
2024-03-09,27.8,0.0,16.6,80,1010.0
2024-03-10,27.2,2.9,20.7,82,1011.4
2024-03-11,27.9,0.0,18.4,77,1011.6
2024-03-12,27.6,1.6,19.7,78,1011.8
2024-03-13,27.8,0.8,21.6,76,1011.4
2024-03-14,28.1,0.1,20.4,76,1011.1
2024-03-15,28.2,0.7,23.4,72,1011.4
2024-03-16,28.7,0.5,19.4,72,1011.6
2024-03-17,28.6,2.5,22.7,73,1010.3
2024-03-18,28.9,1.6,20.9,73,1010.1
2024-03-19,29.0,1.8,19.6,72,1010.5
2024-03-20,28.3,1.6,24.8,73,1011.1
2024-03-21,28.1,2.0,23.7,74,1010.0
2024-03-22,28.5,2.2,20.9,72,1008.4
2024-03-23,29.2,0.5,19.7,71,1009.5
2024-03-24,29.5,0.4,25.3,71,1010.5
2024-03-25,29.8,1.0,21.6,70,1010.1
2024-03-26,29.6,2.0,22.1,71,1011.3
2024-03-27,29.6,0.4,18.9,72,1012.1
2024-03-28,29.9,0.1,22.1,70,1010.7
2024-03-29,29.3,1.2,24.8,73,1010.7
2024-03-30,29.0,2.8,22.9,74,1012.2
2024-03-31,28.5,6.0,16.3,81,1011.2
2024-04-01,28.2,8.5,12.5,84,1009.8
2024-04-02,28.6,5.6,12.8,83,1008.7
2024-04-03,28.2,0.8,12.4,83,1009.1
2024-04-04,27.8,6.9,15.9,86,1008.7
2024-04-05,28.4,1.0,12.9,83,1008.4
2024-04-06,29.2,0.6,15.9,76,1007.9
2024-04-07,28.8,5.0,15.5,80,1007.9
2024-04-08,27.7,12.0,10.8,86,1008.7
2024-04-09,28.6,3.1,13.3,81,1008.8
2024-04-10,27.0,16.4,17.2,88,1009.6
2024-04-11,27.7,4.6,23.0,83,1009.3
2024-04-12,25.7,38.2,18.2,91,1009.5
2024-04-13,27.7,3.9,19.5,86,1009.2
2024-04-14,27.4,9.9,13.1,88,1010.4
2024-04-15,27.5,2.1,15.7,85,1010.0
2024-04-16,26.8,26.3,13.0,88,1009.4
2024-04-17,27.3,4.1,14.0,88,1009.1
2024-04-18,27.4,2.1,10.3,89,1008.5
2024-04-19,27.6,1.9,12.1,88,1007.2
2024-04-20,26.9,6.9,10.5,89,1008.1
2024-04-21,27.7,9.7,10.3,88,1008.2
2024-04-22,28.3,6.8,15.5,86,1007.8
2024-04-23,28.5,10.3,14.8,83,1007.5
2024-04-24,28.8,1.7,14.0,83,1007.5
2024-04-25,28.2,5.7,13.8,86,1007.4
2024-04-26,28.7,0.2,13.6,83,1007.0
2024-04-27,28.6,4.5,19.1,84,1007.5
2024-04-28,28.7,2.5,16.9,84,1008.8
2024-04-29,29.4,0.7,13.1,81,1008.0
2024-04-30,29.4,0.8,17.0,80,1006.8
2024-05-01,28.3,18.3,19.4,84,1007.0
2024-05-02,28.6,9.3,15.5,86,1007.4
2024-05-03,28.1,22.7,16.8,85,1008.5
2024-05-04,26.5,71.6,12.8,89,1009.1
2024-05-05,28.8,0.8,17.9,82,1008.3
2024-05-06,29.3,0.5,14.4,79,1008.9
2024-05-07,27.3,5.4,13.6,88,1009.9
2024-05-08,28.0,0.5,9.8,82,1008.8
2024-05-09,29.6,0.0,13.8,75,1008.0
2024-05-10,28.5,4.2,18.5,83,1008.9
2024-05-11,29.1,2.5,18.2,80,1009.8
2024-05-12,28.8,0.2,15.9,80,1008.9
2024-05-13,27.8,4.8,17.3,83,1008.3
2024-05-14,28.9,4.4,13.5,81,1008.9
2024-05-15,29.1,2.0,14.1,79,1009.0
2024-05-16,27.6,14.0,16.6,87,1009.3
2024-05-17,29.0,1.5,16.3,82,1008.2
2024-05-18,28.1,9.6,14.2,85,1007.7
2024-05-19,27.9,16.0,15.5,86,1006.7
2024-05-20,27.5,11.9,13.6,87,1007.8
2024-05-21,27.9,7.3,14.0,86,1008.0
2024-05-22,27.6,15.9,15.2,88,1008.6
2024-05-23,27.8,6.3,12.0,87,1007.8
2024-05-24,27.3,2.6,9.4,88,1008.1
2024-05-25,27.8,3.0,12.6,88,1009.3
2024-05-26,28.8,1.9,13.2,84,1009.0
2024-05-27,28.8,4.2,16.1,85,1008.8
2024-05-28,28.4,13.1,18.8,84,1008.4
2024-05-29,28.9,12.2,21.2,83,1008.5
2024-05-30,28.8,0.7,20.2,83,1008.6
2024-05-31,27.4,19.6,17.2,88,1009.7
2024-06-01,26.7,20.7,14.3,82,1011.3
2024-06-02,27.0,4.6,12.6,87,1011.5
2024-06-03,26.9,13.8,10.8,89,1010.6
2024-06-04,28.4,3.1,12.8,83,1011.0
2024-06-05,29.1,0.4,15.5,81,1010.7
2024-06-06,27.9,3.9,14.4,84,1011.1
2024-06-07,28.1,5.4,9.6,84,1009.6
2024-06-08,27.2,8.6,12.7,87,1009.6
2024-06-09,28.3,0.3,14.3,82,1010.4
2024-06-10,28.3,2.0,12.1,83,1010.9
2024-06-11,28.8,0.1,11.2,78,1011.1
2024-06-12,28.0,6.5,10.8,84,1011.8
2024-06-13,27.6,6.8,21.0,84,1010.2
2024-06-14,27.7,9.9,16.6,86,1009.0
2024-06-15,28.1,2.2,15.0,83,1008.5
2024-06-16,27.9,0.7,15.9,81,1009.5
2024-06-17,27.6,2.2,24.6,84,1010.0
2024-06-18,27.3,7.9,17.7,84,1009.5
2024-06-19,28.3,2.1,19.4,79,1007.9
2024-06-20,27.2,19.3,17.1,84,1008.5
2024-06-21,26.7,23.0,22.5,84,1009.4
2024-06-22,26.9,8.9,23.0,80,1009.6
2024-06-23,28.1,1.2,18.8,80,1009.0
2024-06-24,28.6,0.8,19.1,79,1008.6
2024-06-25,28.6,0.5,18.1,79,1007.8
2024-06-26,27.8,6.2,15.9,83,1008.4
2024-06-27,27.2,2.7,14.6,88,1009.6
2024-06-28,27.9,8.0,12.9,83,1009.9
2024-06-29,27.7,6.0,18.6,82,1010.5
2024-06-30,25.9,25.8,21.5,87,1011.1
2024-07-01,27.6,0.1,11.9,82,1009.5
2024-07-02,27.7,6.8,13.7,85,1009.1
2024-07-03,28.5,1.5,22.5,81,1010.2
2024-07-04,28.6,0.0,18.6,78,1009.6
2024-07-05,27.3,2.8,10.4,83,1008.2
2024-07-06,27.7,11.8,11.2,80,1008.1
2024-07-07,27.4,11.3,11.8,81,1008.9
2024-07-08,26.7,9.5,15.5,85,1008.9
2024-07-09,27.1,14.4,17.7,84,1010.0
2024-07-10,26.8,11.5,19.7,85,1011.6
2024-07-11,28.4,0.2,24.2,77,1009.9
2024-07-12,27.4,1.3,15.1,81,1009.1
2024-07-13,28.1,2.5,21.7,78,1007.9
2024-07-14,28.3,3.8,19.4,74,1008.4
2024-07-15,28.6,1.0,21.7,75,1008.3
2024-07-16,28.8,1.9,21.7,74,1008.4
2024-07-17,28.7,1.3,22.8,78,1009.3
2024-07-18,29.4,0.4,24.9,73,1009.5
2024-07-19,28.3,0.6,22.7,79,1009.1
2024-07-20,29.2,1.3,24.3,76,1009.7
2024-07-21,29.4,0.4,23.9,73,1010.2
2024-07-22,29.5,0.9,22.2,75,1010.4
2024-07-23,29.3,1.0,19.9,75,1009.7
2024-07-24,29.4,1.2,23.8,73,1007.9
2024-07-25,29.5,1.0,23.9,70,1007.4
2024-07-26,29.6,1.1,25.6,70,1008.9
2024-07-27,29.8,0.2,24.1,69,1009.6
2024-07-28,29.8,0.3,24.3,69,1008.7
2024-07-29,29.0,2.0,22.0,73,1008.9
2024-07-30,29.7,0.3,18.6,71,1010.2
2024-07-31,27.3,2.9,21.8,81,1011.8
2024-08-01,28.9,0.7,22.4,75,1010.9
2024-08-02,28.7,4.4,26.5,76,1010.5
2024-08-03,28.4,2.8,21.3,76,1010.9
2024-08-04,26.8,7.4,24.1,84,1011.0
2024-08-05,28.4,1.0,20.7,73,1009.9
2024-08-06,29.0,0.9,19.7,70,1009.7
2024-08-07,28.6,2.2,20.1,72,1010.7
2024-08-08,29.4,2.9,21.4,71,1010.3
2024-08-09,27.1,5.3,25.2,85,1009.7
2024-08-10,27.0,9.3,17.5,86,1008.9
2024-08-11,27.4,7.2,16.4,82,1008.8
2024-08-12,27.7,2.3,18.6,81,1008.6
2024-08-13,28.5,1.0,24.9,77,1009.1
2024-08-14,26.6,16.0,19.2,87,1009.1
2024-08-15,27.4,8.5,15.6,85,1008.2
2024-08-16,27.4,15.8,16.7,82,1008.8
2024-08-17,27.8,3.5,21.9,82,1009.2
2024-08-18,27.8,1.8,17.1,81,1009.5
2024-08-19,27.6,10.1,14.4,84,1009.2
2024-08-20,25.8,9.5,17.1,88,1011.1
2024-08-21,27.6,0.2,14.5,81,1010.6
2024-08-22,28.0,1.1,13.9,80,1010.8
2024-08-23,26.6,20.6,16.8,84,1011.7
2024-08-24,25.8,8.0,16.5,85,1011.4
2024-08-25,26.9,2.9,19.0,82,1010.4
2024-08-26,27.6,0.7,16.6,80,1010.3
2024-08-27,26.5,4.0,23.7,86,1011.4
2024-08-28,27.1,0.0,14.9,81,1010.7
2024-08-29,27.7,0.0,20.6,78,1010.3
2024-08-30,28.1,0.3,20.9,79,1010.0
2024-08-31,27.7,1.6,17.7,82,1009.5
2024-09-01,28.3,2.0,17.0,82,1009.0
2024-09-02,28.8,1.6,19.7,79,1009.5
2024-09-03,27.0,7.7,14.3,86,1010.1
2024-09-04,26.6,1.9,17.3,85,1009.5
2024-09-05,28.6,0.1,17.0,79,1008.5
2024-09-06,28.7,2.1,18.4,78,1009.1
2024-09-07,29.6,0.5,26.6,71,1010.0
2024-09-08,28.5,4.8,14.8,77,1010.4
2024-09-09,27.2,25.8,15.5,84,1009.7
2024-09-10,27.1,1.5,16.8,85,1009.7
2024-09-11,27.7,12.1,15.5,84,1010.5
2024-09-12,27.4,3.3,20.9,82,1011.1
2024-09-13,27.8,1.3,20.5,80,1009.5
2024-09-14,27.7,7.1,22.0,79,1008.7
2024-09-15,27.0,0.9,21.3,83,1008.7
2024-09-16,28.2,1.1,18.4,80,1007.9
2024-09-17,27.6,7.3,27.4,81,1007.2
2024-09-18,28.2,0.5,26.6,78,1006.6
2024-09-19,28.5,1.0,19.5,78,1006.6
2024-09-20,28.6,6.0,19.5,78,1007.8
2024-09-21,27.5,0.2,13.3,84,1008.3
2024-09-22,29.6,0.0,16.3,74,1008.5
2024-09-23,28.4,1.9,17.0,79,1009.7
2024-09-24,27.3,7.6,13.2,84,1010.0
2024-09-25,26.9,3.8,15.4,83,1010.6
2024-09-26,25.9,21.6,22.6,82,1010.5
2024-09-27,27.7,0.2,22.1,81,1009.4
2024-09-28,27.3,3.9,19.0,83,1009.7
2024-09-29,27.1,7.4,9.8,87,1010.1
2024-09-30,27.3,3.3,14.9,84,1009.5
2024-10-01,26.9,3.1,17.1,86,1009.5
2024-10-02,27.5,1.3,14.9,83,1009.9
2024-10-03,26.6,10.0,12.0,87,1010.1
2024-10-04,26.4,9.1,11.8,87,1010.1
2024-10-05,26.7,24.6,15.2,87,1010.0
2024-10-06,26.6,1.8,18.9,85,1010.6
2024-10-07,27.8,0.2,17.9,82,1010.8
2024-10-08,27.2,11.4,16.2,84,1010.3
2024-10-09,27.1,2.7,15.1,86,1009.3
2024-10-10,27.1,7.7,13.7,86,1008.8
2024-10-11,27.6,12.1,15.0,84,1008.8
2024-10-12,26.4,1.9,11.7,88,1009.3
2024-10-13,27.2,6.4,17.1,85,1009.4
2024-10-14,26.0,12.6,14.2,88,1009.7
2024-10-15,26.9,2.9,21.5,83,1010.8
2024-10-16,27.5,7.0,14.3,84,1010.7
2024-10-17,26.7,6.1,22.4,88,1010.4
2024-10-18,27.2,1.7,11.2,86,1010.1
2024-10-19,27.7,0.9,12.5,83,1011.0
2024-10-20,27.4,10.3,14.8,83,1011.4
2024-10-21,28.6,0.1,12.1,79,1010.4
2024-10-22,28.3,1.5,12.9,82,1010.0
2024-10-23,27.9,0.8,15.1,84,1010.1
2024-10-24,27.7,1.8,11.7,81,1009.8
2024-10-25,27.9,0.2,17.0,80,1009.9
2024-10-26,29.2,0.0,21.3,77,1008.6
2024-10-27,29.7,0.9,23.0,73,1007.9
2024-10-28,28.8,1.5,21.4,77,1008.6
2024-10-29,28.3,4.9,21.6,82,1009.4
2024-10-30,29.1,1.5,18.8,75,1009.7
2024-10-31,28.3,0.7,17.6,79,1010.1
2024-11-01,28.4,24.5,14.7,78,1010.1
2024-11-02,27.1,8.4,18.5,85,1010.8
2024-11-03,27.3,4.5,14.4,84,1009.8
2024-11-04,26.3,27.6,16.3,85,1009.9
2024-11-05,27.4,0.4,16.6,82,1009.8
2024-11-06,26.5,1.5,21.7,86,1010.6
2024-11-07,26.1,13.7,15.3,87,1010.8
2024-11-08,26.8,1.6,14.2,84,1009.7
2024-11-09,27.1,2.2,13.7,86,1010.0
2024-11-10,26.4,23.5,13.7,88,1010.0
2024-11-11,26.9,10.6,12.7,86,1009.5
2024-11-12,26.6,10.0,13.6,86,1008.9
2024-11-13,26.4,19.8,11.4,87,1008.7
2024-11-14,27.0,8.7,9.4,85,1009.0
2024-11-15,26.8,15.9,13.1,87,1008.7
2024-11-16,26.2,12.6,10.3,89,1008.2
2024-11-17,26.2,14.8,11.0,89,1008.0
2024-11-18,25.8,18.2,19.5,90,1008.4
2024-11-19,25.0,34.3,12.0,93,1008.6
2024-11-20,25.7,7.8,17.4,90,1007.8
2024-11-21,26.1,24.3,8.8,90,1007.9
2024-11-22,25.9,21.1,11.4,90,1008.3
2024-11-23,26.4,15.6,11.2,88,1008.5
2024-11-24,26.7,8.5,12.1,89,1008.3
2024-11-25,27.1,2.3,10.7,86,1007.8
2024-11-26,26.1,49.7,10.4,90,1007.4
2024-11-27,24.9,40.4,13.1,94,1008.1
2024-11-28,25.9,14.4,8.2,92,1008.6
2024-11-29,25.1,14.1,11.6,93,1008.8
2024-11-30,26.9,1.5,11.0,85,1007.8
2024-12-01,26.8,9.3,11.6,88,1007.5
2024-12-02,26.0,22.6,8.5,91,1008.1
2024-12-03,26.4,12.9,9.2,90,1008.5
2024-12-04,27.0,0.5,10.3,82,1008.3
2024-12-05,27.9,0.2,19.3,78,1007.6
2024-12-06,28.6,0.0,11.8,76,1007.1
2024-12-07,28.6,0.3,14.3,76,1007.6
2024-12-08,28.0,1.5,16.0,78,1008.1
2024-12-09,26.6,4.1,20.1,81,1007.8
2024-12-10,26.9,3.2,19.2,80,1007.1
2024-12-11,27.5,23.1,13.8,79,1006.7
2024-12-12,27.3,1.5,13.9,82,1006.6
2024-12-13,27.1,0.9,17.1,84,1007.3
2024-12-14,27.9,5.0,13.5,82,1008.4
2024-12-15,28.1,0.5,10.6,78,1009.1
2024-12-16,26.8,9.6,14.9,86,1009.6
2024-12-17,26.4,17.2,14.5,88,1009.4
2024-12-18,25.7,16.9,17.6,89,1009.1
2024-12-19,26.1,3.5,18.2,85,1009.6
2024-12-20,26.6,0.4,21.0,83,1009.5
2024-12-21,26.4,9.0,17.3,84,1009.7
2024-12-22,27.1,2.2,16.7,77,1009.1
2024-12-23,26.2,25.7,13.9,87,1009.5
2024-12-24,26.2,1.6,14.9,84,1009.7
2024-12-25,26.1,9.8,12.9,83,1010.8
2024-12-26,27.0,4.1,11.5,81,1011.5
2024-12-27,27.1,1.2,12.4,80,1011.3
2024-12-28,27.6,2.7,16.0,78,1011.0
2024-12-29,26.9,2.7,15.6,82,1010.6
2024-12-30,26.1,2.7,16.0,85,1011.5
2024-12-31,26.4,6.7,15.5,85,1010.3
